society,price,area,open_sides,possession,locality,nearby_count,school_count,hospital_count,bank_count,metro_count,corner_property,park_facing,freehold,rental_income,ready_to_move,transport_count,environment,lifestyle,connectivity,safety,overall_rating,description_length,contains_corner,contains_freehold,contains_park,contains_north
Central Park Flower Valley Mikasa Plots,5.625,2249.6551,1.0,undefined,Sector-33 Sohna,7,1,1,0,1,0,0,0,0,0,2,4.0,4.0,4.5,4.0,4.25,76.0,0,0,0,0
ROF Insignia Park,3.345,182.9863,1.0,undefined,Sector 93,11,1,1,0,0,0,0,0,0,0,1,4.0,4.0,4.5,4.0,4.25,50.0,0,0,1,0
Adani Brahma Samsara Vilasa,13.125,3078.4754,2.0,undefined,Sector 63 Gurgaon,13,2,1,0,1,0,1,0,0,0,2,4.0,4.0,4.5,4.0,4.25,79.0,0,0,1,1
independent,1.35,452.0838,2.0,Immediate,Sector 22 Gurgaon,32,4,3,4,1,0,0,0,0,1,1,4.0,4.0,5.0,5.0,4.5,60.0,0,0,0,0
independent,1.7999999999999998,1797.5712999999998,2.0,Immediate,Block K1 New Palam Vihar Phase 1,31,2,11,1,1,0,0,1,0,1,5,4.0,4.0,4.5,4.0,4.25,375.0,0,1,0,0
independent,13.5,2690.975,1.0,Immediate,C Block Sushant Lok Phase 1,46,2,4,9,2,0,0,0,0,1,2,4.0,4.0,4.0,4.0,4.0,132.0,0,0,0,0
independent,0.975,990.2788,3.0,Immediate,Pataudi,20,0,15,0,0,0,0,0,0,1,0,4.0,5.0,4.0,5.0,4.5,91.0,0,0,0,0
independent,2.1,2228.1273,1.0,Within_6_months,Devilal Colony,50,1,38,5,0,0,0,0,0,0,0,5.0,5.0,5.0,4.0,4.75,175.0,0,0,0,0
Raheja Akshara,0.8999999999999999,914.9315,1.0,undefined,Phase 1plot No.A29,8,2,1,0,0,0,0,0,0,0,0,4.0,4.0,5.0,4.0,4.25,104.0,0,0,0,0
independent,1.35,548.9589,2.0,Immediate,Sector 22B Gurgaon,37,2,2,8,0,0,0,0,0,1,0,4.0,4.0,4.0,4.5,4.125,70.0,0,0,0,0
independent,8.850000000000001,2701.7389,3.0,Immediate,Sushant Lok Phase 2,48,0,6,12,3,0,0,0,0,1,3,4.0,4.0,5.0,4.0,4.25,104.0,0,0,0,0
independent,7.5,43561.5033,1.0,Immediate,Sidhrawali,0,0,0,0,0,0,0,0,0,1,0,4.0,4.0,4.5,4.0,4.25,99.0,0,0,0,0
independent,1.2000000000000002,957.9871,1.0,Immediate,Dharam Colony,49,5,17,6,1,0,0,0,0,1,5,4.0,4.0,4.5,4.0,4.125,90.0,0,0,0,0
DLF New Town Heights 13.9 ★,4.35,2249.6551,1.0,undefined,Sector 90 Gurgaon,6,1,1,0,0,0,0,0,0,0,1,4.0,4.0,3.0,5.0,4.0,108.0,0,0,1,0
independent,1.875,538.1949999999999,1.0,Immediate,Sector 38 Gurgaon,47,4,12,7,0,0,0,0,0,1,0,4.0,4.0,5.0,4.0,4.25,214.0,0,0,0,0
BPTP Astaire Gardens3.7 ★,12.0,2604.8638,1.0,undefined,Sector 70a,12,2,0,0,1,0,0,0,0,0,3,5.0,4.0,4.0,4.0,4.25,65.0,0,0,0,0
independent,2.625,742.7090999999999,1.0,Immediate,Sector 42 Gurgaon,44,2,3,13,2,0,0,0,0,1,3,4.0,4.0,4.5,4.0,4.25,102.0,0,0,0,0
Not Applicable,11.25,196021.3829,1.0,Immediate,Laxman Vihar,49,2,29,5,0,0,0,1,0,1,3,4.0,4.0,5.0,4.0,4.25,187.0,0,1,0,0
1494 AP,7.875,2518.7526,2.0,Immediate,1494 Ap Sector 15 Part 2,50,4,14,12,0,0,0,0,1,1,1,4.5,4.0,5.0,5.0,4.625,193.0,0,0,1,0
Central Park Flower Valley,5.25,1625.3489,2.0,Immediate,Sohna,11,3,1,0,0,1,0,0,0,1,2,4.0,4.0,4.5,4.0,4.25,183.0,1,0,1,0
silokhra saini khera,6.69,4725.3521,1.0,Immediate,Sector 30 Gurgaon,50,2,3,8,1,0,0,1,0,1,1,5.0,5.0,5.0,5.0,5.0,192.0,0,1,0,0
independent,0.945,1237.8485,1.0,Immediate,Farukhnagar,14,0,13,0,0,0,0,1,0,1,0,4.0,4.0,4.0,4.0,4.0,176.0,0,1,0,0
sector 52 Gurgaon,5.699999999999999,1980.5576,1.0,Within_3_months,Sector 52 Gurgaon,44,4,5,10,0,0,0,0,0,0,2,4.0,5.0,5.0,4.0,4.5,65.0,0,0,0,0
independent,4.949999999999999,1980.5576,1.0,Immediate,Sector 70A Gurgaon,14,0,6,4,0,0,0,0,0,1,0,5.0,4.0,4.0,4.0,4.25,75.0,0,0,0,0
Orris Woodview Residencies,4.695,193.7502,1.0,Immediate,C2-44,9,2,1,0,0,0,0,0,0,1,0,4.0,4.0,4.0,4.0,4.0,87.0,0,0,0,0
independent,0.6900000000000001,904.1676,2.0,Immediate,Kblock,31,2,12,1,1,0,0,0,0,1,5,4.0,4.0,4.5,4.0,4.25,44.0,0,0,0,0
independent,1.59,1087.1539,1.0,Future,New Gurgaon,6,0,2,0,0,0,0,1,0,0,0,4.0,4.0,4.5,4.0,4.25,169.0,0,1,0,0
independent,8.25,2723.2667,1.0,undefined,Sector 57,45,5,9,7,0,0,0,0,0,0,2,4.0,4.0,4.0,4.0,4.0,119.0,0,0,0,0
independent,9.0,2723.2667,2.0,Immediate,Sector 57 Gurgaon,45,5,10,6,0,0,0,1,0,1,2,4.0,4.0,4.0,4.0,4.0,386.0,0,1,0,0
independent,3.75,1765.2795999999998,1.0,Immediate,Acharya Puri,50,3,35,1,0,0,0,1,0,1,2,4.5,5.0,5.0,5.0,4.875,179.0,0,1,0,0
Huda Flats,7.5,2368.058,4.0,Immediate,1718,45,5,9,9,0,0,0,0,0,1,2,4.0,4.0,4.0,4.0,4.0,33.0,0,0,0,0
Vatika Xpressions,2.7,1614.585,2.0,Within_3_months,Sector 88B Gurgaon,7,2,1,0,0,0,0,1,0,0,0,4.0,4.0,4.5,4.0,4.25,342.0,0,1,0,0
independent,4.050000000000001,161.4585,1.0,undefined,Sector 10,0,0,0,0,0,0,0,0,0,0,0,4.0,4.0,5.0,4.0,4.25,65.0,0,0,0,0
independent,0.8400000000000001,1915.9742,1.0,Immediate,Maruti Kunj,0,0,0,0,0,0,0,0,0,1,0,4.0,4.0,4.0,4.0,4.0,67.0,0,0,0,0
independent,10.5,2389.5858,1.0,Immediate,Sector 50,0,0,0,0,0,0,0,0,0,1,0,5.0,5.0,5.0,4.0,4.75,119.0,0,0,0,0
independent,0.375,96.8751,2.0,Immediate,17,46,0,13,11,0,0,0,0,0,1,0,4.0,4.0,5.0,4.0,4.25,129.0,0,0,0,0
Corona Greens,0.8999999999999999,785.7647,2.0,Immediate,Sohna,6,2,1,0,0,0,0,0,0,1,1,4.0,4.0,5.0,4.0,4.25,149.0,0,0,0,0
independent,1.2000000000000002,1001.0427,1.0,Immediate,Jacobpura,50,3,31,2,0,0,0,0,0,1,2,3.0,4.0,5.0,4.0,4.0,114.0,0,0,0,0
independent,4.199999999999999,1130.2095,2.0,Immediate,D-247,47,4,5,14,3,0,0,1,0,1,5,4.0,5.0,5.0,4.0,4.5,391.0,0,1,0,0
independent,1.5,904.1676,2.0,Immediate,Ravi Nagar,50,1,40,5,0,0,0,0,0,1,0,4.0,4.0,4.5,4.0,4.25,164.0,0,0,0,0
independent,0.12,559.7228,1.0,Immediate,hilalpur,0,0,0,0,0,0,0,0,0,1,0,4.0,4.0,4.5,4.0,4.25,270.0,0,0,0,0
independent,5.46,1872.9186,1.0,Immediate,1082 E,44,4,5,10,0,0,0,0,0,1,2,4.0,5.0,5.0,4.0,4.5,68.0,0,0,1,0
independent,4.125,2701.7389,1.0,Immediate,Mianwali Colony,50,3,29,3,0,0,0,1,0,1,1,3.5,4.0,4.0,4.0,3.875,183.0,0,1,0,0
independent,2.1,710.4173999999999,2.0,Immediate,Sector 38 Gurgaon,47,4,12,7,0,0,0,0,1,1,0,4.0,4.0,5.0,4.0,4.25,134.0,0,0,0,0
independent,6.9,3153.8227,1.0,Immediate,Sector 39 Gurgaon,49,5,9,10,0,0,1,0,0,1,0,4.0,4.0,5.0,4.0,4.25,57.0,0,0,1,0
Vatika Express City,3.075,1625.3489,1.0,undefined,47 No.,6,2,1,0,0,0,0,0,0,0,1,4.0,4.0,4.5,4.0,4.25,64.0,0,0,0,0
independent,1.11,1119.4456,1.0,Future,Sohna,0,0,0,0,0,0,0,1,0,0,0,4.0,4.0,5.0,4.0,4.25,146.0,0,1,0,0
Vatika Express City,4.38,2432.6414,1.0,undefined,25 No.,6,2,1,0,0,0,0,0,0,0,1,4.0,4.0,4.5,4.0,4.25,120.0,0,0,0,0
independent,4.5,753.473,1.0,Immediate,A-21,48,0,6,12,3,0,0,0,0,1,3,4.0,4.0,5.0,4.0,4.25,170.0,0,0,0,0
independent,0.72,65336.873,1.0,Future,Jhajjar,9,0,8,0,0,0,0,0,0,0,0,4.0,4.0,4.5,4.0,4.25,94.0,0,0,0,0
ROF Insignia Park 2,2.415,1625.3489,2.0,undefined,Sector 95 Gurgaon,5,1,1,0,0,0,0,0,0,0,1,4.0,4.5,4.0,4.5,4.25,85.0,0,0,0,0
independent,5.025,1334.7236,1.0,Immediate,Sector 45 Gurgaon,47,7,9,11,0,0,0,0,0,1,0,4.0,4.0,5.0,4.0,4.25,102.0,0,0,0,0
Supertech Sambhav Homes,0.4499999999999999,581.2506,1.0,Immediate,Sohna,7,2,1,0,0,0,0,1,0,1,1,4.0,4.0,5.0,4.0,4.25,441.0,0,1,0,0
village nakhdolla,0.5249999999999999,699.6535,2.0,undefined,A 101,14,0,3,0,0,0,0,0,0,0,0,4.0,4.0,4.5,4.0,4.25,50.0,0,0,0,0
independent,1.65,1506.946,1.0,Future,Sector-35 Sohna,0,0,0,0,0,0,0,1,0,0,0,4.0,4.0,4.0,5.0,4.25,172.0,0,1,0,0
independent,2.4000000000000004,882.6397999999999,2.0,Immediate,919,44,4,5,10,0,0,1,0,0,1,2,4.0,5.0,5.0,4.0,4.5,95.0,0,0,1,0
Saraswati Kung,6.0,247.5697,1.0,undefined,Sector 53,0,0,0,0,0,0,0,0,0,0,0,4.0,5.0,5.0,4.0,4.5,65.0,0,0,0,0
independent,22.5,87123.0066,1.0,Immediate,Sector 103 Gurgaon,7,0,3,0,0,0,0,0,0,1,3,4.0,4.0,4.0,4.0,4.0,104.0,0,0,0,0
independent,5.699999999999999,3153.8227,4.0,undefined,Sector 10A Gurgaon,49,0,38,0,0,0,0,1,0,0,1,4.0,5.0,5.0,5.0,4.75,173.0,0,1,0,0
bharat residency Dharam Colony,0.63,1054.8622,1.0,Immediate,Dharam Colony,49,5,17,6,1,0,0,0,0,1,5,4.0,4.0,4.5,4.0,4.125,73.0,0,0,0,0
independent,1.2000000000000002,1334.7236,4.0,Immediate,Sohna,0,0,0,0,0,0,0,0,0,1,0,4.0,4.0,5.0,4.0,4.25,396.0,0,0,0,0
independent,0.6000000000000001,2249.6551,1.0,Immediate,Farrukh Nagar,14,0,13,0,0,0,0,1,0,1,0,4.0,4.0,4.5,4.0,4.25,517.0,0,1,0,0
independent,0.27,1345.4875,1.0,Immediate,Farrukh Nagar,14,0,13,0,0,0,0,1,0,1,0,4.0,4.0,4.5,4.0,4.25,525.0,0,1,0,0
independent,2.7,968.751,1.0,Immediate,Sector 110 A Gurgaon,24,4,3,2,1,0,0,1,0,1,2,4.5,4.0,4.0,4.0,4.125,453.0,0,1,0,0
independent,0.3525,96.8751,1.0,Immediate,Maruti Kunj,0,0,0,0,0,0,0,0,0,1,0,4.0,4.0,4.0,4.0,4.0,232.0,0,0,0,0
independent,2.73,904.1676,2.0,Immediate,Sector 40 Gurgaon,48,6,6,13,1,0,0,0,0,1,1,4.0,4.0,4.0,4.0,4.0,65.0,0,0,0,0
independent,34.065,828.8203,2.0,undefined,Sushant Lok Phase 1,47,2,5,13,1,1,0,0,0,0,1,5.0,5.0,5.0,4.5,4.875,45.0,1,0,0,0
vrindavan city jamtha Nagpur,0.315,1291.668,4.0,Immediate,Vrindavan phase III jamtha Nagpur,45,5,6,14,3,0,0,0,0,1,5,4.0,4.0,4.5,4.0,4.25,147.0,0,0,0,0
independent,1.65,1130.2095,1.0,Immediate,Avenue 69 Society,43,0,12,11,0,0,0,0,0,1,0,4.0,4.0,4.0,4.0,4.0,280.0,0,0,0,0
Ardee City3.8 ★,6.75,1980.5576,1.0,Immediate,Sector 52 Gurgaon,44,4,5,10,0,0,1,0,0,1,2,4.0,5.0,5.0,4.0,4.5,38.0,0,0,1,0
Jawahar Nagar,3.0,1905.2103,1.0,undefined,Sector 12a,50,3,31,3,0,0,0,0,0,0,1,3.0,4.0,4.5,4.0,3.875,66.0,0,0,0,0
independent,6.735,1894.4464,2.0,Immediate,Sector 47,0,0,0,0,0,0,0,0,0,1,0,5.0,4.5,5.0,5.0,4.875,65.0,0,0,0,0
independent,0.24,904.1676,1.0,Immediate,Sohna,0,0,0,0,0,0,0,0,0,1,0,4.0,4.0,5.0,4.0,4.25,89.0,0,0,0,0
"Adani Tatva Estates, Sector 99 Gurugram",3.45,1614.585,2.0,Immediate,Sector 99,0,0,0,0,0,0,0,0,0,1,0,4.5,4.0,4.5,4.5,4.375,117.0,0,0,0,0
independent,2.145,1345.4875,2.0,undefined,Sector 85 Gurgaon,12,0,0,0,0,0,0,0,0,0,0,5.0,5.0,5.0,4.5,4.875,53.0,0,0,0,0
Corona Greens,1.125,1011.8066,1.0,Immediate,Sohna,6,2,1,0,0,0,0,0,0,1,1,4.0,4.0,5.0,4.0,4.25,50.0,0,0,0,0
Supertech Sambhav Homes,0.75,1399.307,1.0,Immediate,Sohna,7,2,1,0,0,0,0,0,0,1,1,4.0,4.0,5.0,4.0,4.25,73.0,0,0,0,0
independent,1.2000000000000002,1593.0572,1.0,undefined,Near Railway Statiin,0,0,0,0,0,0,0,0,0,0,0,4.0,3.0,4.0,3.0,3.5,47.0,0,0,0,1
independent,6.0,1797.5712999999998,1.0,undefined,New Colony,0,0,0,0,0,0,0,0,0,0,0,4.0,4.0,4.0,4.0,4.0,72.0,0,0,0,0
independent,7.1850000000000005,3078.4754,1.0,undefined,Plot No 355,44,5,6,9,0,0,0,0,0,0,2,4.0,5.0,5.0,4.0,4.5,52.0,0,0,0,0
independent,7.485,3100.0032,1.0,undefined,50 Meters Inside From Main Medanta Hospital Between Medanta Hospital And Bakhtawar Singh Chowk,0,0,0,0,0,0,0,0,0,0,0,4.0,4.0,5.0,4.0,4.25,135.0,0,0,0,0
independent,3.6,990.2788,1.0,Immediate,63x,48,6,6,13,1,0,1,0,0,1,1,4.0,4.0,4.0,4.0,4.0,154.0,0,0,1,0
BPTP Amstoria3.8 ★,6.75,2249.6551,2.0,Immediate,Sector 102 Gurgaon,11,2,1,0,0,0,0,0,0,1,2,4.0,5.0,4.0,4.0,4.25,79.0,0,0,0,1
independent,9.045,50235.1213,1.0,undefined,Dlf City Phase 1,0,0,0,0,0,0,0,0,0,0,0,5.0,5.0,5.0,5.0,5.0,72.0,0,0,0,0
independent,1.95,1528.4738,2.0,Within_6_months,Sector-4 Sohna,0,0,0,0,0,0,0,0,0,0,0,4.0,4.0,4.5,4.0,4.25,66.0,0,0,0,0
independent,6.562815789473683,1797.5712999999998,1.0,undefined,New Palam Vihar Phase 2,0,0,0,0,0,0,0,0,0,0,0,4.0,4.0,5.0,4.0,4.25,66.0,0,0,0,0
independent,6.562815789473683,8105.2167,1.0,undefined,Sector 70A Gurgaon,0,0,0,0,0,0,0,0,0,0,0,5.0,4.0,4.0,4.0,4.25,43.0,0,0,0,0
Ansals Shiva Som Valley,1.7999999999999998,1614.585,1.0,undefined,Sohna Gurgaon Road,7,2,1,0,0,0,0,0,0,0,1,4.0,4.0,4.0,5.0,4.25,119.0,0,0,0,0
independent,0.705,721.1813,1.0,undefined,Rajendra Park,0,0,0,0,0,0,0,0,0,0,0,4.0,4.0,4.0,4.0,4.0,82.0,0,0,1,0
independent,6.562815789473683,1797.5712999999998,1.0,undefined,G- Block Rajendra Park,0,0,0,0,0,0,0,0,0,0,0,4.0,4.0,4.0,4.0,4.0,102.0,0,0,1,0
independent,3.75,3487.5036,1.0,Immediate,1165gp,20,0,15,0,0,0,0,0,0,1,0,4.0,5.0,4.0,5.0,4.5,76.0,0,0,0,1
independent,1.65,43.0556,1.0,undefined,Sector 51 Gurgaon,0,0,0,0,0,0,0,0,0,0,0,5.0,4.0,5.0,4.0,4.5,42.0,0,0,0,0
independent,1.875,2734.0306,1.0,Future,Sohna,0,0,0,0,0,0,0,1,0,0,0,4.0,4.0,5.0,4.0,4.25,163.0,0,1,0,0
independent,0.6000000000000001,807.2925,1.0,Immediate,Ram Vihar,49,1,31,5,0,0,0,0,0,1,4,4.0,4.0,4.5,4.0,4.25,59.0,0,0,0,0
independent,3.75,435604.2691,2.0,Within_6_months,Sohna Road,47,3,15,5,0,0,0,1,0,0,0,4.0,4.0,4.5,4.0,4.25,174.0,0,1,0,0
independent,2.55,2249.6551,1.0,Immediate,New Palam Vihar,32,3,11,1,1,0,0,1,0,1,5,4.0,4.0,4.0,4.0,4.0,159.0,0,1,0,0
independent,2.445,1130.2095,1.0,undefined,Sector 93 Gurgaon,8,0,0,0,0,0,0,1,0,0,1,4.0,4.0,4.5,4.0,4.25,395.0,0,1,0,0
independent,15.39,4101.0459,1.0,Immediate,Park Drive,45,4,11,6,0,0,1,0,0,1,0,5.0,4.0,5.0,5.0,4.75,41.0,0,0,1,0
independent,2.1,538.1949999999999,1.0,Immediate,Cyber City,42,0,13,11,5,0,0,0,0,1,5,5.0,5.0,5.0,5.0,5.0,39.0,0,0,0,0
independent,6.562815789473683,3153.8227,1.0,undefined,Sector 70A Gurgaon,0,0,0,0,0,0,0,0,0,0,0,5.0,4.0,4.0,4.0,4.25,66.0,0,0,0,0
independent,6.562815789473683,86.1112,1.0,undefined,Rajiv Nagar,0,0,0,0,0,0,0,0,0,0,0,3.0,4.0,5.0,4.0,4.0,76.0,0,0,0,0
independent,0.5700000000000001,538.1949999999999,1.0,Immediate,Heera Nagar,50,0,41,0,0,0,0,1,0,1,1,4.0,4.0,4.5,4.0,4.25,150.0,0,1,0,0
independent,0.1275,904.1676,2.0,undefined,Sohna,0,0,0,0,0,0,0,0,0,0,0,4.0,4.0,5.0,4.0,4.25,176.0,0,0,0,0
independent,0.705,904.1676,1.0,undefined,Rajendra Park Block C,0,0,0,0,0,0,0,0,0,0,0,4.0,4.0,4.0,4.0,4.0,69.0,0,0,1,0
independent,5.1,1743.7518,1.0,undefined,282p Hsvp Plot.,44,5,6,9,0,0,0,0,0,0,2,4.0,5.0,5.0,4.0,4.5,56.0,0,0,0,0
independent,6.562815789473683,1539.2377,1.0,undefined,Surat Nagar,0,0,0,0,0,0,0,0,0,0,0,3.0,3.0,4.0,4.0,3.5,75.0,0,0,0,0
independent,6.562815789473683,344.4448,2.0,Immediate,Sector 52 Gurgaon,44,5,6,9,0,1,0,0,0,1,2,4.0,5.0,5.0,4.0,4.5,81.0,1,0,1,1
independent,51.0,13002.7912,1.0,Immediate,Dlf City Phase 2,0,0,0,0,0,0,0,0,0,1,0,5.0,5.0,5.0,5.0,5.0,64.0,0,0,0,0
independent,9.0,3358.3368,2.0,Immediate,Sector 57,0,0,0,0,0,0,0,0,0,1,0,4.0,4.0,4.0,4.0,4.0,40.0,0,0,0,0
lakhuwas,0.105,452.0838,4.0,Immediate,Sector-2 Sohna,0,0,0,0,0,0,0,1,0,1,0,4.0,4.0,4.5,4.0,4.25,415.0,0,1,0,0
Central Park Flower Valley,9.795,3670.4899,1.0,Immediate,Sector-33 Sohna,11,3,1,0,0,0,0,0,0,1,2,4.0,4.0,4.5,4.0,4.25,259.0,0,0,1,0
independent,2.25,538.1949999999999,1.0,Immediate,G 1017,46,5,7,14,3,0,0,0,0,1,5,4.0,4.0,4.5,4.0,4.25,119.0,0,0,0,0
independent,6.562815789473683,75.34729999999999,1.0,undefined,Its A Park Facing Plot Located At A Very Prime Location.,43,1,4,12,2,0,1,0,0,0,2,4.0,4.0,4.5,4.0,4.25,69.0,0,0,1,0
independent,4.65,904.1676,1.0,Immediate,Sector 43 Gurgaon,46,1,5,9,3,0,0,1,0,1,3,4.0,4.0,5.0,4.0,4.25,174.0,0,1,0,0
independent,12.75,8998.6204,1.0,Immediate,Dwarka Expressway Gurgaon,7,0,4,0,0,0,0,0,0,1,1,4.0,4.0,4.5,4.0,4.25,201.0,0,0,0,0
independent,0.345,452.0838,1.0,Immediate,Rajendra Park,31,1,15,4,0,0,0,1,0,1,3,4.0,4.0,4.0,4.0,4.0,326.0,0,1,1,0
independent,2.85,764.2369,3.0,Immediate,Sector 42 Gurgaon,44,2,3,13,2,0,0,0,1,1,3,4.0,4.0,4.5,4.0,4.25,70.0,0,0,1,0
independent,1.125,1571.5294,1.0,Immediate,Sohna Road,47,3,15,5,0,0,0,1,0,1,0,4.0,4.0,4.5,4.0,4.25,150.0,0,1,0,0
independent,2.85,904.1676,1.0,Immediate,Sector 40 Gurgaon,48,6,6,13,1,0,0,0,0,1,1,4.0,4.0,4.0,4.0,4.0,85.0,0,0,1,0
Huda Flats,3.9,1453.1265,4.0,Immediate,Sector 23A Gurgaon,27,4,4,3,1,1,1,0,0,1,2,5.0,4.0,4.0,5.0,4.5,44.0,1,0,1,0
Shree Vardhman Softlaunch,1.5750000000000002,1108.6817,2.0,undefined,Sohna,0,0,0,0,0,0,1,0,0,0,0,4.0,4.0,5.0,4.0,4.25,62.0,0,0,1,0
independent,1.32,1614.585,3.0,Immediate,Farukhnagar,14,0,13,0,0,0,0,0,0,1,0,4.0,4.0,4.0,4.0,4.0,95.0,0,0,0,0
independent,90.0,261358.2559,1.0,Immediate,Pataudi,20,0,15,0,0,0,0,0,0,1,0,4.0,5.0,4.0,5.0,4.5,118.0,0,0,0,0
independent,4.875,1937.502,1.0,Immediate,Shivaji Nagar,49,3,28,3,0,0,0,0,0,1,1,4.0,4.0,5.0,4.0,4.25,65.0,0,0,0,0
independent,0.81,764.2369,1.0,undefined,Laxman Vihar,49,2,27,5,0,0,0,0,0,0,4,4.0,4.0,5.0,4.0,4.25,203.0,0,0,0,0
independent,2.1,1259.3763,1.0,undefined,Sohna Sector 35,0,0,0,0,0,0,0,0,0,0,0,4.0,4.0,4.5,4.0,4.25,71.0,0,0,0,0
independent,11.25,8998.6204,1.0,undefined,New Palam Vihar,18,2,3,1,1,0,0,0,0,0,2,4.0,4.0,4.0,4.0,4.0,176.0,0,0,0,0
independent,4.875,1453.1265,1.0,undefined,Sector 42,0,0,0,0,0,0,0,0,0,0,0,4.0,4.0,4.5,4.0,4.25,65.0,0,0,0,0
independent,5.1,2421.8775,1.0,undefined,Sector 92,0,0,0,0,0,0,0,0,0,0,0,5.0,4.0,4.0,3.0,4.0,65.0,0,0,0,0
independent,0.6900000000000001,688.8896,1.0,undefined,Sohna Road,0,0,0,0,0,0,0,0,0,0,0,4.0,4.0,4.5,4.0,4.25,66.0,0,0,0,0
independent,4.5,1463.8904,1.0,undefined,Sector 42,0,0,0,0,0,0,0,0,0,0,0,4.0,4.0,4.5,4.0,4.25,65.0,0,0,0,0
independent,4.875,1453.1265,1.0,undefined,Sector 42,43,1,4,12,2,0,0,0,0,0,2,4.0,4.0,4.5,4.0,4.25,150.0,0,0,0,0
independent,8.25,3315.2812,1.0,undefined,Sector 23,0,0,0,0,0,0,0,0,0,0,0,4.0,5.0,5.0,4.0,4.5,65.0,0,0,0,0
independent,2.73,1259.3763,1.0,undefined,Sector 102,0,0,0,0,0,0,0,0,0,0,0,4.0,5.0,4.0,4.0,4.25,66.0,0,0,0,0
independent,0.8999999999999999,904.1676,1.0,undefined,Sector 69,43,0,12,11,0,0,0,0,0,0,0,4.0,4.0,4.0,4.0,4.0,65.0,0,0,0,0
independent,16.185,4520.838,1.0,Immediate,Sector 15 Part 2,50,5,10,18,0,0,0,0,0,1,0,4.5,4.0,5.0,5.0,4.625,167.0,0,0,0,0
independent,0.342,538.1949999999999,1.0,undefined,Sohna Sector 17,0,0,0,0,0,0,0,0,0,0,0,5.0,5.0,5.0,5.0,5.0,158.0,0,0,0,0
independent,0.4349999999999999,721.1813,1.0,undefined,Om Vihar,48,5,11,12,1,0,0,0,0,0,2,4.0,3.5,4.0,4.0,3.875,64.0,0,0,0,0
independent,24.0,4682.2965,1.0,Immediate,Sector 42,0,0,0,0,0,0,0,0,0,1,0,4.0,4.0,4.5,4.0,4.25,160.0,0,0,0,0
independent,6.0,1593.0572,1.0,undefined,Mayfield Garden,0,0,0,0,0,0,0,0,0,0,0,4.5,4.0,4.5,4.0,4.25,71.0,0,0,0,0
independent,1.995,538.1949999999999,1.0,Immediate,Sector 42 Gurgaon,43,4,2,13,2,0,0,0,0,1,2,4.0,4.0,4.5,4.0,4.25,281.0,0,0,0,0
independent,0.975,1625.3489,1.0,Immediate,Unknown,0,0,0,0,0,0,0,0,0,1,0,4.0,3.0,4.0,3.0,3.5,63.0,0,0,0,0
independent,2.97,182.9863,1.0,Immediate,Sector 99a,0,0,0,0,0,0,0,0,0,1,0,4.0,3.0,3.0,3.0,3.25,100.0,0,0,0,0
independent,0.6000000000000001,3562.8509,1.0,Immediate,Bhora Kalan,0,0,0,0,0,0,0,0,0,1,0,4.0,4.0,4.5,4.0,4.25,79.0,0,0,0,0
Ashray Apartment,0.045,64.5834,1.0,Immediate,Carterpuri Village,43,5,9,11,1,0,0,0,0,1,2,4.0,4.0,4.5,4.0,4.25,31.0,0,0,0,0
independent,0.0555,538.1949999999999,1.0,Immediate,hilalpur,0,0,0,0,0,0,0,1,0,1,0,4.0,4.0,4.5,4.0,4.25,346.0,0,1,0,0
Central Park Flower Valley Mikasa Plots,6.015,2185.0717,1.0,Immediate,I-112,7,1,1,0,1,0,0,0,0,1,2,4.0,4.0,4.5,4.0,4.25,133.0,0,0,1,0
independent,4.5,1453.1265,1.0,Immediate,Sector 57 Gurgaon,45,5,10,6,0,0,0,0,0,1,2,4.0,4.0,4.0,4.0,4.0,95.0,0,0,0,0
independent,4.425000000000001,1560.7655,2.0,Immediate,Back Side Open Green Belt,0,0,0,0,0,0,0,0,0,1,0,4.0,4.0,4.5,4.0,4.25,115.0,0,0,0,0
Raheja Akshara,0.7687499999999999,1130.2095,1.0,Immediate,Sohna,8,2,1,0,0,0,0,0,0,1,0,4.0,4.0,5.0,4.0,4.25,185.0,0,0,0,0
KD realtek private limited,0.42,1797.5712999999998,1.0,undefined,Vijay Vihar,50,2,4,10,0,0,0,0,0,0,0,4.0,4.0,4.5,4.0,4.25,113.0,0,0,0,0
independent,3.75,3487.5036,4.0,undefined,Pataudi,20,0,15,0,0,0,0,0,0,0,0,4.0,5.0,4.0,5.0,4.5,49.0,0,0,0,1
ROF Insignia Park 2,2.0250000000000004,1345.4875,3.0,undefined,Sector 95 Gurgaon,5,1,1,0,0,0,0,0,0,0,1,4.0,4.5,4.0,4.5,4.25,106.0,0,0,0,0
independent,0.975,4499.3102,1.0,Immediate,Sohna,0,0,0,0,0,0,0,1,0,1,0,4.0,4.0,5.0,4.0,4.25,157.0,0,1,0,0
independent,2.25,1259.3763,1.0,Immediate,Rajendra Park,31,1,15,4,0,0,0,0,0,1,3,4.0,4.0,4.0,4.0,4.0,103.0,0,0,0,0
independent,0.15,904.1676,2.0,Immediate,Sultanpur,0,0,0,0,0,0,0,1,0,1,0,4.0,4.0,4.5,4.0,4.25,171.0,0,1,0,0
Raheja Aranya The Green City3.7 ★,0.975,1560.7655,1.0,undefined,Sohna,15,6,4,0,0,0,0,0,0,0,1,4.0,4.0,5.0,4.0,4.25,180.0,0,0,0,0
independent,12.0,3595.1426,4.0,undefined,Sohna,0,0,0,0,0,0,0,0,0,0,0,4.0,4.0,5.0,4.0,4.25,64.0,0,0,0,0
Satya Merano Greens,3.0,1453.1265,1.0,Immediate,Gulmohar Avanue 3,11,2,1,0,0,0,0,0,0,1,1,4.0,3.0,3.0,3.0,3.25,50.0,0,0,0,0
independent,0.8999999999999999,161.4585,1.0,undefined,Sohna Road,47,3,15,5,0,0,0,0,0,0,0,4.0,4.0,4.5,4.0,4.25,40.0,0,0,0,0
Orris Woodview Residencies,6.0,301.3892,1.0,undefined,Sector 89,9,2,1,0,0,0,0,0,0,0,0,4.0,4.0,4.0,4.0,4.0,65.0,0,0,0,0
independent,6.9,1786.8074,1.0,Immediate,Huda Sector,43,4,5,14,3,0,1,0,0,1,5,4.0,4.0,4.5,4.0,4.25,47.0,0,0,1,0
independent,12.0,2701.7389,1.0,Immediate,B Block Sushant Lok Phase 1,48,1,4,9,2,0,0,0,0,1,2,4.0,5.0,5.0,4.0,4.5,349.0,0,0,0,0
independent,13.56,4520.838,2.0,Immediate,Sushant Lok Phase 3,45,5,7,13,0,0,0,0,0,1,2,4.0,4.0,4.0,4.0,4.0,216.0,0,0,1,0
JMS The Nation,1.725,1162.5012,2.0,Future,Sector 95 Gurgaon,6,2,1,0,0,0,0,0,0,0,1,4.0,4.5,4.0,4.5,4.25,61.0,0,0,0,0
independent,0.27,1797.5712999999998,2.0,Immediate,Silani,0,0,0,0,0,0,0,0,0,1,0,4.0,4.0,4.5,4.0,4.25,258.0,0,0,0,0
sector 10A,5.88,2830.9057,1.0,Immediate,Sector 10A Gurgaon,49,0,38,0,0,0,0,0,0,1,1,4.0,5.0,5.0,5.0,4.75,81.0,0,0,1,1
independent,1.7999999999999998,2701.7389,1.0,Immediate,Rajendra Park,31,1,15,4,0,0,0,0,0,1,3,4.0,4.0,4.0,4.0,4.0,98.0,0,0,1,0
independent,3.0,4294.7961,1.0,Immediate,Mullahera village,0,0,0,0,0,0,0,0,0,1,0,4.0,4.0,4.5,4.0,4.25,84.0,0,0,0,0
independent,5.505,4682.2965,1.0,Immediate,Sector 30 Gurgaon,50,2,3,8,1,0,0,0,0,1,1,5.0,5.0,5.0,5.0,5.0,102.0,0,0,0,0
independent,2.1,538.1949999999999,1.0,Immediate,1040,47,5,11,5,0,0,0,0,0,1,0,5.0,4.5,5.0,5.0,4.875,38.0,0,0,0,0
independent,4.68,2443.4053,1.0,Immediate,Sector 9 Gurgaon,50,1,38,5,0,0,0,0,0,1,1,4.0,4.0,4.0,4.0,4.0,58.0,0,0,0,0
independent,0.1875,452.0838,1.0,Immediate,Dhankot,0,0,0,0,0,0,0,0,0,1,0,4.0,4.0,4.0,4.0,4.0,49.0,0,0,0,0
Plaza 106,1.815,1076.39,1.0,undefined,Plaza 106,0,0,0,0,0,0,0,0,0,0,0,4.0,4.0,4.5,4.0,4.25,104.0,0,0,0,0
independent,9.0,3358.3368,2.0,Immediate,3567,45,5,10,6,0,0,0,0,0,1,2,4.0,4.0,4.0,4.0,4.0,157.0,0,0,1,0
independent,1.5,2152.78,2.0,Immediate,61,19,2,5,1,1,0,0,0,0,1,2,4.0,4.0,4.5,4.0,4.25,587.0,0,0,0,0
Shyam Kunj,0.5249999999999999,1668.4045,1.0,Immediate,Near Ryan International School,0,0,0,0,0,0,0,0,0,1,0,4.0,4.0,4.0,4.0,4.0,58.0,0,0,0,0
Orris Woodview Residencies,3.225,1646.8767,2.0,undefined,B-Ii-44 Two Side Open With Park,9,2,1,0,0,0,0,0,0,0,0,4.0,4.0,4.0,4.0,4.0,257.0,0,0,1,0
independent,8.25,3078.4754,1.0,Immediate,Sector 57 Gurgaon,45,5,10,6,0,0,0,0,0,1,2,4.0,4.0,4.0,4.0,4.0,31.0,0,0,0,0
independent,1.65,904.1676,1.0,Immediate,446,50,0,41,1,0,0,0,0,0,1,1,4.0,4.0,5.0,4.0,4.25,40.0,0,0,0,0
independent,2.7,2701.7389,1.0,Immediate,Block C,46,2,4,9,2,0,0,1,0,1,2,4.0,4.0,4.5,4.0,4.25,166.0,0,1,0,0
Plot,1.995,2992.3642,1.0,undefined,Maruti Kunj,0,0,0,0,0,0,0,0,0,0,0,4.0,4.0,4.0,4.0,4.0,216.0,0,0,0,0
independent,0.27,269.0975,1.0,Immediate,Dharam Colony,49,5,17,6,1,0,0,0,0,1,5,4.0,4.0,4.5,4.0,4.125,323.0,0,0,0,0
Unitech South City 23.8 ★,8.024999999999999,2163.5439,1.0,Immediate,Sector 50 Gurgaon,45,4,10,8,0,0,0,0,0,1,0,5.0,5.0,5.0,4.0,4.75,42.0,0,0,1,0
independent,1.7999999999999998,1345.4875,2.0,undefined,A149,46,0,13,11,0,0,0,0,0,0,0,4.0,4.0,5.0,4.0,4.25,637.0,0,0,0,0
independent,2.4000000000000004,1442.3626,2.0,Immediate,Shivpuri,50,2,30,5,0,0,0,0,0,1,1,4.0,5.0,5.0,5.0,4.75,93.0,0,0,0,0
independent,6.0,43561.5033,1.0,Immediate,Sohna,0,0,0,0,0,0,0,1,0,1,0,4.0,4.0,5.0,4.0,4.25,155.0,0,1,0,0
independent,0.615,818.0563999999999,1.0,Immediate,Nihali colony,35,4,11,2,1,0,0,0,0,1,5,4.0,4.0,4.5,4.0,4.25,223.0,0,0,1,0
independent,3.675,2884.7252,2.0,Immediate,Dharam Colony,49,5,17,6,1,0,0,0,0,1,5,4.0,4.0,4.5,4.0,4.125,290.0,0,0,0,0
Radhe Nagar Colony,0.36,1625.3489,1.0,Immediate,Radhe Nagar,0,0,0,0,0,0,0,1,0,1,0,4.5,3.5,4.0,2.5,3.625,110.0,0,1,0,0
independent,0.63,936.4593,1.0,undefined,Dharam Colony,49,5,14,8,1,1,0,0,0,0,5,4.0,4.0,4.5,4.0,4.125,210.0,1,0,0,0
independent,2.67,1603.8211,1.0,undefined,Sector 36 Sohna,0,0,0,0,0,0,0,0,0,0,0,4.0,4.0,4.5,4.0,4.25,112.0,0,0,0,0
Corona Greens,0.7875000000000001,785.7647,2.0,Immediate,Sohna,6,2,1,0,0,0,0,0,0,1,1,4.0,4.0,5.0,4.0,4.25,63.0,0,0,0,0
independent,2.205,1345.4875,1.0,undefined,Sohna Sector 35,0,0,0,0,0,0,0,0,0,0,0,4.0,4.0,4.5,4.0,4.25,71.0,0,0,0,0
independent,0.2249999999999999,96.8751,1.0,Future,Sohna Road,47,3,15,5,0,0,0,1,0,0,0,4.0,4.0,4.5,4.0,4.25,147.0,0,1,0,0
BPTP Amstoria3.8 ★,5.625,312.1531,1.0,undefined,Sector 102,11,2,1,0,0,0,0,0,0,0,2,4.0,5.0,4.0,4.0,4.25,66.0,0,0,0,0
Housing Board Colony,2.205,904.1676,1.0,Immediate,643,48,1,5,11,1,0,0,0,0,1,1,4.0,4.0,5.0,5.0,4.5,103.0,0,0,0,0
independent,7.199999999999999,3078.4754,1.0,Immediate,35x,44,4,5,10,0,0,0,0,0,1,2,4.0,5.0,5.0,4.0,4.5,45.0,0,0,0,0
independent,22.5,505.9033,1.0,Immediate,Dlf City Phase 2,41,0,4,14,4,0,0,0,0,1,4,5.0,5.0,5.0,5.0,5.0,72.0,0,0,0,0
Savyasachi Amaya Greens,0.6000000000000001,957.9871,1.0,Immediate,Farukhnagar,14,0,13,0,0,0,0,0,0,1,0,4.0,4.0,4.0,4.0,4.0,166.0,0,0,0,0
independent,14.325,4520.838,1.0,Immediate,Sushant Lok Phase 3,45,5,7,13,0,0,0,0,0,1,2,4.0,4.0,4.0,4.0,4.0,126.0,0,0,1,0
independent,1.95,1797.5712999999998,1.0,Immediate,New Palam Vihar Phase 2,19,2,5,1,1,0,0,0,0,1,2,4.0,4.0,4.5,4.0,4.25,233.0,0,0,0,0
independent,18.75,3218.4061,1.0,undefined,Dlf City Phase 4,0,0,0,0,0,0,0,0,0,0,0,5.0,4.0,5.0,5.0,4.75,105.0,0,0,0,0
Experion The Westerlies,3.375,1625.3489,2.0,undefined,Sector 108 Gurgaon,9,3,1,0,0,0,0,0,0,0,1,4.0,4.5,4.5,4.5,4.375,63.0,0,0,0,0
independent,5.1,3595.1426,1.0,Immediate,Patel Nagar,50,3,21,5,0,0,0,0,0,1,1,4.0,4.0,4.5,4.0,4.125,96.0,0,0,0,0
independent,4.23,1453.1265,1.0,Immediate,Block G Sector-57 Gurgaon,46,5,7,14,3,0,0,1,0,1,5,4.0,4.0,4.5,4.0,4.25,390.0,0,1,0,1
Raheja Aranya Phase Il,3.3000000000000003,2938.5447,1.0,undefined,Sohna Sector 11,0,0,0,0,0,0,0,0,0,0,0,4.0,4.0,5.0,4.0,4.25,111.0,0,0,0,0
Satya Merano Greens,2.355,1345.4875,2.0,Future,Sector 99A Gurgaon,11,2,1,0,0,0,0,0,0,0,1,4.0,3.0,3.0,3.0,3.25,943.0,0,0,1,0
Unitech South City 23.8 ★,2.4000000000000004,538.1949999999999,1.0,Immediate,Sector 50 Gurgaon,45,4,10,8,0,0,0,0,0,1,0,5.0,5.0,5.0,4.0,4.75,64.0,0,0,1,0
Ansal API Esencia3.7 ★,7.665000000000001,3767.365,1.0,Immediate,B-671,12,0,0,0,1,0,0,0,0,1,1,4.0,4.5,4.0,4.0,4.125,69.0,0,0,0,0
independent,31.5,7319.451999999999,1.0,Immediate,Sushant Lok Phase 1,47,2,5,13,1,0,0,0,0,1,1,5.0,5.0,5.0,4.5,4.875,37.0,0,0,0,0
independent,3.0,1539.2377,2.0,Immediate,Huda Colony,49,2,31,5,0,0,0,0,0,1,3,4.0,4.0,4.5,4.0,4.25,96.0,0,0,0,0
independent,7.695,3078.4754,1.0,Immediate,35x,44,4,5,10,0,0,0,0,0,1,2,4.0,5.0,5.0,4.0,4.5,226.0,0,0,0,1
independent,0.3975,1442.3626,1.0,undefined,Garhi Harsaru,0,0,0,0,0,0,0,0,0,0,0,4.0,3.0,4.0,3.0,3.5,69.0,0,0,0,0
independent,3.87,1463.8904,1.0,Within_3_months,Saraswati Vihar,0,0,0,0,0,0,0,0,0,0,0,4.0,5.0,5.0,4.0,4.5,141.0,0,0,0,0
independent,7.875,2325.0024,1.0,undefined,788.,0,0,0,0,0,0,0,0,0,0,0,4.0,4.0,5.0,4.0,4.25,51.0,0,0,0,0
shree ram enclave,2.55,4197.921,3.0,Immediate,Gurgaon Faridabad Road,0,0,0,0,0,0,0,1,0,1,0,5.0,4.0,4.0,5.0,4.5,174.0,0,1,0,0
shri ram enclave,2.55,4176.3932,3.0,Immediate,A-20,10,1,2,0,0,0,0,0,0,1,0,4.0,4.0,4.5,4.0,4.25,64.0,0,0,0,0
independent,1.7999999999999998,1076.39,1.0,undefined,Sector 106 Gurgaon,11,0,7,0,0,0,0,0,0,0,3,4.0,4.0,4.5,4.0,4.25,187.0,0,0,1,0
independent,6.562815789473683,4520.838,1.0,Immediate,DLF Phase 1,46,0,18,11,6,0,0,0,0,1,6,5.0,5.0,5.0,5.0,5.0,120.0,0,0,0,0
Paras Ekam Homes,2.25,1410.0709,3.0,Immediate,Sohna,15,2,0,0,0,0,0,0,0,1,1,4.0,4.0,5.0,4.0,4.25,48.0,0,0,0,0
Malibu Towne,7.875,2163.5439,1.0,Immediate,Near Back Gate In Front Of Good Earth Mall,45,5,11,5,0,0,0,0,0,1,0,5.0,4.0,5.0,5.0,4.75,78.0,0,0,0,0
Ansals Shiva Som Valley,0.99,968.751,1.0,undefined,Sector-35 Sohna,7,2,1,0,0,0,0,0,0,0,1,4.0,4.0,4.0,5.0,4.25,80.0,0,0,0,0
BPTP Astaire Gardens3.7 ★,3.75,172.2224,1.0,undefined,Sector 70a,12,2,0,0,1,0,0,0,0,0,3,5.0,4.0,4.0,4.0,4.25,66.0,0,0,0,0
Central Park Flower Valley,6.75,2701.7389,1.0,Immediate,Sector-33 Sohna,11,3,1,0,0,0,0,0,0,1,2,4.0,4.0,4.5,4.0,4.25,82.0,0,0,0,0
independent,1.92,904.1676,1.0,undefined,231c,49,3,26,5,0,0,0,0,0,0,1,4.0,4.0,4.5,4.0,4.25,1574.0,0,0,0,0
independent,9.99,3239.9339,1.0,Immediate,Sector 42 Gurgaon,44,2,3,13,2,0,0,0,0,1,3,4.0,4.0,4.5,4.0,4.25,67.0,0,0,0,1
Raheja Akshara,1.02,182.9863,1.0,undefined,Sohna Sector 14,0,0,0,0,0,0,0,0,0,0,0,4.0,5.0,5.0,4.0,4.5,71.0,0,0,0,0
independent,3.675,1506.946,1.0,undefined,Sector 5 Gurgaon,49,3,25,5,0,0,0,1,0,0,4,4.0,4.0,5.0,4.0,4.25,482.0,0,1,0,0
independent,0.585,699.6535,1.0,Immediate,Sohna,0,0,0,0,0,0,0,0,0,1,0,4.0,4.0,5.0,4.0,4.25,89.0,0,0,0,0
independent,8.34,3132.2949,2.0,undefined,Sector 57 Gurgaon,45,5,10,6,0,0,0,1,0,0,2,4.0,4.0,4.0,4.0,4.0,513.0,0,1,0,1
independent,5.85,1550.0016,1.0,undefined,Sector 43 Gurgaon,46,1,5,9,3,0,1,0,0,0,3,4.0,4.0,5.0,4.0,4.25,242.0,0,0,1,0
independent,0.705,904.1676,1.0,Immediate,Rajendra Park,31,1,15,4,0,0,0,1,0,1,3,4.0,4.0,4.0,4.0,4.0,125.0,0,1,1,0
Nirmal Kunj,0.5549999999999999,1528.4738,2.0,Immediate,Plot 51,0,0,0,0,0,0,0,0,0,1,0,4.0,4.0,4.0,4.0,4.0,95.0,0,0,0,0
independent,4.800000000000001,1593.0572,1.0,Immediate,Sector 45 Gurgaon,48,7,6,14,1,0,0,0,0,1,1,4.0,4.0,5.0,4.0,4.25,82.0,0,0,1,0
independent,5.625,3078.4754,2.0,Immediate,Sector 9A Gurgaon,49,1,32,5,0,0,0,0,0,1,3,4.0,4.0,4.0,4.0,4.0,72.0,0,0,0,0
independent,1.3725,2744.7945,1.0,Immediate,Maruti Kunj,0,0,0,0,0,0,0,0,0,1,0,4.0,4.0,4.0,4.0,4.0,95.0,0,0,0,0
independent,10.275,4671.5326,1.0,Immediate,136,47,4,12,7,0,0,0,1,0,1,0,4.0,4.0,5.0,4.0,4.25,468.0,0,1,0,0
Ansal API Esencia3.7 ★,10.5,247.5697,3.0,Immediate,F-2503,12,0,0,0,1,0,0,0,0,1,1,4.0,4.5,4.0,4.0,4.125,158.0,0,0,0,0
independent,0.4499999999999999,1065.6261,1.0,Immediate,Garhi Harsaru,0,0,0,0,0,0,0,0,0,1,0,4.0,3.0,4.0,3.0,3.5,67.0,0,0,0,0
independent,0.21,645.834,1.0,Immediate,Shiv Colony,22,0,6,7,0,0,0,0,0,1,0,4.0,4.0,4.5,4.0,4.25,124.0,0,0,0,0
Ansal API Esencia3.7 ★,10.035,3767.365,2.0,undefined,B - Block,12,0,0,0,1,0,0,0,0,0,1,4.0,4.5,4.0,4.0,4.125,450.0,0,0,0,0
S block DLF  phase 3,1.875,538.1949999999999,1.0,Immediate,S31b/40,48,0,18,11,7,0,0,0,0,1,7,4.0,4.0,4.5,4.0,4.25,1167.0,0,0,0,0
independent,2.85,904.1676,1.0,Immediate,Huda,27,4,3,3,1,0,0,1,0,1,2,4.0,4.0,4.5,4.0,4.25,168.0,0,1,0,0
independent,5.475,2432.6414,2.0,undefined,Sector 67A Gurgaon,18,0,6,6,0,1,0,0,0,0,0,5.0,4.0,4.0,5.0,4.5,177.0,1,0,1,0
Raheja Aranya The Green City3.7 ★,0.975,1560.7655,1.0,undefined,Sohna,15,6,4,0,0,0,0,0,0,0,1,4.0,4.0,5.0,4.0,4.25,133.0,0,0,0,0
independent,1.035,1560.7655,1.0,Immediate,Sector-11 sohna,0,0,0,0,0,0,0,0,0,1,0,4.0,4.0,4.5,4.0,4.25,77.0,0,0,0,0
independent,2.55,699.6535,2.0,Immediate,Sector 42 Gurgaon,44,2,3,13,2,0,1,0,0,1,3,4.0,4.0,4.5,4.0,4.25,48.0,0,0,1,0
independent,0.0225,1711.4601,2.0,undefined,F/04,0,0,0,0,0,0,0,0,0,0,0,4.0,4.0,4.5,4.0,4.25,382.0,0,0,0,0
independent,1.5750000000000002,968.751,1.0,Immediate,Sohna,0,0,0,0,0,0,0,0,0,1,0,4.0,4.0,5.0,4.0,4.25,90.0,0,0,0,0
independent,1.2000000000000002,1345.4875,1.0,Immediate,Sector 3 Gurgaon,49,3,24,4,0,0,0,0,0,1,3,4.5,4.0,4.5,4.5,4.375,232.0,0,0,0,0
Vatika Crossover,10.875,1937.502,1.0,undefined,Sector 82,13,0,0,0,0,0,0,0,0,0,0,4.0,4.0,4.0,4.0,4.0,427.0,0,0,1,0
Raheja Aranya The Green City3.7 ★,1.725,2174.3078,1.0,Immediate,Sector 11- 14,15,6,4,0,0,0,0,0,0,1,1,4.0,4.0,5.0,4.0,4.25,90.0,0,0,0,0
independent,3.9,1980.5576,1.0,Within_3_months,122001,50,2,35,2,0,0,0,0,0,0,1,4.0,4.0,4.0,4.0,4.0,127.0,0,0,0,0
independent,9.0,39998.6524,1.0,undefined,Imt Manesar,0,0,0,0,0,0,0,0,0,0,0,4.0,4.0,4.5,4.0,4.125,67.0,0,0,0,0
independent,1.35,182.9863,2.0,Immediate,Pataudi Road,8,0,5,0,0,0,0,1,0,1,1,4.5,4.5,5.0,5.0,4.75,151.0,0,1,0,0
independent,1.5,247.5697,1.0,Immediate,250 North Facing,49,5,17,6,1,0,0,0,0,1,5,4.0,4.0,4.5,4.0,4.125,100.0,0,0,0,0
independent,6.562815789473683,2701.7389,1.0,undefined,Om Vihar,0,0,0,0,0,0,0,0,0,0,0,4.0,3.5,4.0,4.0,3.875,64.0,0,0,0,0
independent,0.375,904.1676,1.0,Immediate,32,36,3,7,0,0,0,0,0,0,1,5,4.0,4.0,4.5,4.0,4.25,133.0,0,0,0,1
independent,0.4499999999999999,807.2925,1.0,Immediate,Sohna Road,0,0,0,0,0,0,0,0,0,1,0,4.0,4.0,4.5,4.0,4.25,94.0,0,0,0,0
independent,6.75,2368.058,1.0,Immediate,876,47,4,12,7,0,1,0,0,0,1,0,4.0,4.0,5.0,4.0,4.25,70.0,1,0,0,0
independent,2.7,1851.3908,1.0,Immediate,Laxman Vihar,49,2,27,5,0,0,0,0,0,1,4,4.0,4.0,5.0,4.0,4.25,66.0,0,0,0,0
independent,0.645,538.1949999999999,1.0,Immediate,Raj Nagar,49,0,39,0,0,0,0,1,0,1,1,4.0,4.0,4.5,4.0,4.25,554.0,0,1,0,0
independent,2.7,731.9452,1.0,Immediate,Golf Course Road,46,0,3,11,3,0,0,1,0,1,3,4.0,4.0,4.5,4.0,4.25,172.0,0,1,0,0
defence colony bhondsi,7.875,15747.5857,4.0,Immediate,Bsf Camp Road,0,0,0,0,0,0,0,0,0,1,0,4.0,4.0,4.0,4.0,4.0,253.0,0,0,0,0
independent,2.0250000000000004,435604.2691,1.0,Future,Dwarka Expressway Gurgaon,7,0,4,0,0,0,0,1,0,0,1,4.0,4.0,4.5,4.0,4.25,166.0,0,1,0,0
independent,1.7999999999999998,1797.5712999999998,1.0,Immediate,New Palam Vihar Phase 1,31,2,12,1,1,0,0,0,0,1,5,4.0,4.0,4.5,4.0,4.25,39.0,0,0,0,0
Ramprastha City,4.155,548.9589,1.0,Immediate,Dwarka Expressway Gurgaon,12,3,1,0,0,0,0,0,0,1,1,4.0,4.0,4.5,4.0,4.25,34.0,0,0,0,0
independent,0.33,904.1676,1.0,undefined,Maruti Kunj,0,0,0,0,0,0,0,0,0,0,0,4.0,4.0,4.0,4.0,4.0,212.0,0,0,0,0
independent,0.375,893.4037,1.0,Immediate,Farukhnagar,14,0,13,0,0,0,0,1,0,1,0,4.0,4.0,4.0,4.0,4.0,173.0,0,1,0,0
independent,6.562815789473683,29697.6001,2.0,Immediate,Basai Road,0,0,0,0,0,0,0,1,0,1,0,4.0,4.0,5.0,4.0,4.25,228.0,0,1,0,0
Anant Raj Estate Plots,6.9,269.0975,1.0,Immediate,Sector 63 Gurgaon,8,1,1,0,1,0,0,0,0,1,2,4.0,4.0,4.5,4.0,4.25,136.0,0,0,0,0
Anant Raj Estate Plots,7.904999999999999,3056.9476,2.0,Immediate,Sector 63 Gurgaon,8,1,1,0,1,0,0,0,0,1,2,4.0,4.0,4.5,4.0,4.25,126.0,0,0,0,0
independent,0.4649999999999999,1130.2095,1.0,Immediate,Defence Colony,48,1,5,13,1,0,0,1,0,1,1,4.0,4.0,4.5,4.0,4.25,155.0,0,1,0,0
independent,1.5,1797.5712999999998,1.0,Immediate,Rajendra Park,31,1,15,4,0,0,0,1,0,1,3,4.0,4.0,4.0,4.0,4.0,179.0,0,1,1,0
independent,3.0,96.8751,1.0,Immediate,1441,48,7,6,14,1,0,0,0,0,1,1,4.0,4.0,5.0,4.0,4.25,151.0,0,0,0,0
independent,1.875,1130.2095,1.0,Immediate,179/9,50,2,30,5,0,0,0,0,0,1,1,4.0,5.0,5.0,5.0,4.75,576.0,0,0,1,0
independent,0.315,904.1676,1.0,Immediate,Bhondsi,0,0,0,0,0,0,0,0,0,1,0,4.0,4.0,4.0,4.0,4.0,42.0,0,0,0,0
BPTP Astaire Gardens3.7 ★,7.89,3153.8227,1.0,Immediate,C 10,12,2,0,0,1,0,0,0,0,1,3,5.0,4.0,4.0,4.0,4.25,43.0,0,0,0,0
independent,0.375,904.1676,1.0,Immediate,Farukhnagar,14,0,13,0,0,0,0,0,0,1,0,4.0,4.0,4.0,4.0,4.0,95.0,0,0,0,0
independent,2.0250000000000004,1033.3344,2.0,Within_6_months,Sector 78 Gurgaon,6,0,0,0,0,0,0,1,0,0,0,4.0,4.0,5.0,4.0,4.25,505.0,0,1,0,0
independent,2.0250000000000004,1033.3344,2.0,undefined,Sector 78 Gurgaon,6,0,0,0,0,0,0,0,0,0,0,4.0,4.0,5.0,4.0,4.25,69.0,0,0,0,0
independent,0.8400000000000001,1442.3626,1.0,Within_3_months,Garhi Harsaru,0,0,0,0,0,0,0,0,0,0,0,4.0,3.0,4.0,3.0,3.5,185.0,0,0,0,0
independent,4.875,2368.058,1.0,Immediate,Sector 10 Gurgaon,50,0,43,1,0,0,0,0,0,1,0,4.0,4.0,5.0,4.0,4.25,151.0,0,0,0,0
Krishna Kunj,0.2249999999999999,904.1676,2.0,Immediate,Gali no 18,0,0,0,0,0,0,0,0,0,1,0,4.0,4.0,4.5,4.0,4.25,50.0,0,0,0,0
independent,5.1,1840.6269,1.0,Immediate,Sector 52 Gurgaon,44,4,5,10,0,0,0,0,0,1,2,4.0,5.0,5.0,4.0,4.5,65.0,0,0,0,0
Orris Woodview Residencies,2.88,1646.8767,3.0,undefined,B-Ii-07,9,2,1,0,0,0,0,0,0,0,0,4.0,4.0,4.0,4.0,4.0,96.0,0,0,1,0
Paras Ekam Homes,1.08,1140.9734,1.0,undefined,Sohna,15,2,0,0,0,0,0,0,0,0,1,4.0,4.0,5.0,4.0,4.25,327.0,0,0,0,0
independent,6.562815789473683,322.917,1.0,undefined,Unknown,0,0,0,0,0,0,0,0,0,0,0,4.0,4.0,4.5,4.0,4.25,0.0,0,0,0,0
independent,6.562815789473683,904.1676,1.0,undefined,Unknown,0,0,0,0,0,0,0,0,0,0,0,4.0,4.0,4.5,4.0,4.25,0.0,0,0,0,0
independent,6.562815789473683,1130.2095,1.0,undefined,Unknown,0,0,0,0,0,0,0,0,0,0,0,4.0,4.0,4.5,4.0,4.25,0.0,0,0,0,0
Krrish Township,6.562815789473683,3638.1982,1.0,undefined,Unknown,0,0,0,0,0,0,0,0,0,0,0,4.0,4.0,4.5,4.0,4.25,0.0,0,0,0,0
Raheja Aranya City Plots,6.562815789473683,2389.5858,1.0,undefined,Unknown,0,0,0,0,0,0,0,0,0,0,0,4.0,4.0,4.5,4.0,4.25,0.0,0,0,0,0
nkv residential,6.562815789473683,904.1676,1.0,undefined,Unknown,0,0,0,0,0,0,0,0,0,0,0,4.0,4.0,4.5,4.0,4.25,0.0,0,0,0,0
independent,6.562815789473683,968.751,1.0,undefined,Unknown,0,0,0,0,0,0,0,0,0,0,0,4.0,4.0,4.5,4.0,4.25,0.0,0,0,0,0
independent,6.562815789473683,3272.2256,1.0,undefined,Unknown,0,0,0,0,0,0,0,0,0,0,0,4.0,4.0,4.5,4.0,4.25,0.0,0,0,0,0
BPTP Amstoria3.8 ★,6.562815789473683,1872.9186,1.0,undefined,Unknown,0,0,0,0,0,0,0,0,0,0,0,4.0,4.0,4.5,4.0,4.25,0.0,0,0,0,0
independent,6.562815789473683,1625.3489,1.0,undefined,Unknown,0,0,0,0,0,0,0,0,0,0,0,4.0,4.0,4.5,4.0,4.25,0.0,0,0,0,0
independent,6.562815789473683,1076.39,1.0,undefined,Unknown,0,0,0,0,0,0,0,0,0,0,0,4.0,4.0,4.5,4.0,4.25,0.0,0,0,0,0
Unitech Singleton Floors,7.574999999999999,2163.5439,1.0,undefined,1234,46,1,12,9,0,0,0,0,0,0,0,4.0,4.0,4.5,4.0,4.25,52.0,0,0,0,0
DLF Gardencity,6.135,355.2087,1.0,undefined,Sector 91 Gurgaon,7,2,1,0,0,0,0,1,0,0,1,4.0,4.0,4.5,4.0,4.25,482.0,0,1,0,1
Yash Vihar,6.562815789473683,828.8203,1.0,undefined,Pataudi,6,2,1,0,0,0,0,0,0,0,1,4.0,4.0,4.5,4.0,4.25,598.0,0,0,0,0
Mortise Gold Golflink,6.562815789473683,1797.5712999999998,1.0,undefined,Sohna,0,0,0,0,0,0,0,0,0,0,0,4.0,4.0,4.5,4.0,4.25,703.0,0,0,1,0
BPTP Green Oaks,6.562815789473683,1345.4875,1.0,undefined,Sector 70A Gurgaon,10,3,1,0,1,0,0,0,0,0,2,4.0,4.0,4.5,4.0,4.25,267.0,0,0,0,0
Adani Brahma Samsara Vilasa,6.562815789473683,495.1394,1.0,undefined,Sector 63 Gurgaon,13,2,1,0,1,0,0,0,0,0,2,4.0,4.0,4.5,4.0,4.25,820.0,0,0,1,0
Rishali Luxe Residency 112,6.562815789473683,1119.4456,1.0,undefined,Sector 112 Gurgaon,10,2,1,0,1,0,0,0,0,0,3,4.0,4.0,4.5,4.0,4.25,300.0,0,0,0,0
Anand Niketan,6.562815789473683,1259.3763,1.0,undefined,Sector-2 Sohna,8,2,1,0,1,0,0,0,0,0,2,4.0,4.0,4.5,4.0,4.25,270.0,0,0,0,0
ATS Bonheur Avenue,6.562815789473683,904.1676,1.0,undefined,Sohna,6,2,1,0,0,0,0,0,0,0,1,4.0,4.0,4.5,4.0,4.25,142.0,0,0,0,0
Vatika Aspiration,6.562815789473683,1582.2933,1.0,undefined,Sector 88B Gurgaon,9,2,0,0,0,0,0,0,0,0,1,4.0,4.0,4.5,4.0,4.25,460.0,0,0,1,0
Ansals Shiva Som Valley,6.562815789473683,1162.5012,1.0,undefined,Sector-35 Sohna,7,2,1,0,0,0,0,0,0,0,1,4.0,4.0,4.5,4.0,4.25,201.0,0,0,0,0
BPTP Amstoria3.8 ★,6.562815789473683,1625.3489,1.0,undefined,Sector 102 Gurgaon,11,2,1,0,0,0,0,0,0,0,2,4.0,4.0,4.5,4.0,4.25,497.0,0,0,0,0
independent,48.0,8707.9951,2.0,undefined,A Block Sushant Lok Phase 1,48,0,6,13,3,0,0,0,0,0,3,4.0,4.0,4.5,4.0,4.25,940.0,0,0,0,0
independent,16.875,4520.838,4.0,Immediate,DLF Phase 3,44,0,16,12,6,0,0,0,0,1,6,4.0,4.0,4.5,4.0,4.25,1332.0,0,0,0,1
independent,11.625,4520.838,1.0,Immediate,Sector 46 Gurgaon,47,6,8,6,0,0,0,0,0,1,0,4.0,4.0,4.5,4.0,4.25,155.0,0,0,1,0
Central Park Flower Valley Mikasa Plots,6.562815789473683,1625.3489,1.0,undefined,Sector-33 Sohna,7,1,1,0,1,0,0,0,0,0,2,4.0,4.0,4.5,4.0,4.25,378.0,0,0,1,0
G99,6.562815789473683,2325.0024,1.0,undefined,Sector 99 Gurgaon,10,2,1,0,0,0,0,0,0,0,1,4.0,4.0,4.5,4.0,4.25,1323.0,0,0,1,0
Vatika Aspiration,6.562815789473683,538.1949999999999,1.0,undefined,Sector 88B Gurgaon,12,2,1,0,1,0,0,0,0,0,3,4.0,4.0,4.5,4.0,4.25,460.0,0,0,1,0
Central Park Flower Valley,6.705,2626.3916,1.0,undefined,Sector-33 Sohna,15,4,3,0,0,0,0,0,0,0,1,4.0,4.0,4.5,4.0,4.25,939.0,0,0,1,0
Vatika India Next,7.425000000000001,2701.7389,4.0,Immediate,Sector 82A Gurgaon,10,0,1,0,0,0,0,0,0,1,0,4.0,4.0,4.5,4.0,4.25,1006.0,0,0,0,0
Experion The Westerlies,3.24,1732.9879,1.0,undefined,Sector 108 Gurgaon,9,3,1,0,0,0,0,0,0,0,1,4.0,4.0,4.5,4.0,4.25,251.0,0,0,0,0
DLF Alameda,6.562815789473683,1345.4875,1.0,undefined,Sector 73 Gurgaon,8,2,1,0,0,0,0,0,0,0,2,4.0,4.0,4.5,4.0,4.25,1749.0,0,0,1,1
Anant Raj Estate Plots,6.562815789473683,2163.5439,1.0,undefined,Sector 63 Gurgaon,8,1,1,0,1,0,0,0,0,0,2,4.0,4.0,4.5,4.0,4.25,322.0,0,0,0,0
Ireo City Plots,6.562815789473683,2163.5439,1.0,undefined,Sector 60 Gurgaon,15,3,3,0,0,0,0,0,0,0,0,4.0,4.0,4.5,4.0,4.25,1290.0,0,0,1,0
independent,10.2,3078.4754,1.0,Immediate,At The Gate Of Bptp Centra,50,2,3,8,1,0,0,0,0,1,1,4.0,4.0,4.5,4.0,4.25,251.0,0,0,0,0
independent,26.25,8998.6204,3.0,Immediate,Ansal Palam Vihar,0,0,0,0,0,0,0,1,0,1,0,4.0,4.0,4.5,4.0,4.25,200.0,0,1,0,0
Experion The Westerlies,3.12,1625.3489,1.0,undefined,Sector 108 Gurgaon,9,3,1,0,0,0,0,0,0,0,1,4.0,4.0,4.5,4.0,4.25,251.0,0,0,0,0
Experion The Westerlies,2.925,1625.3489,1.0,undefined,Sector 108 Gurgaon,9,3,1,0,0,0,0,0,0,0,1,4.0,4.0,4.5,4.0,4.25,251.0,0,0,0,0
Experion The Westerlies,6.562815789473683,344.4448,1.0,undefined,Sector 108 Gurgaon,9,3,1,0,0,0,0,0,0,0,1,4.0,4.0,4.5,4.0,4.25,762.0,0,0,0,0
Garden Villas,13.8,2497.2248,1.0,Immediate,Garden Villas,48,0,5,12,4,0,0,0,0,1,4,4.0,4.0,4.5,4.0,4.25,101.0,0,0,0,0
DLF City Plots,19.5,4865.2828,1.0,Immediate,Best Deal,8,2,1,0,1,0,0,0,0,1,2,4.0,4.0,4.5,4.0,4.25,122.0,0,0,0,0
DLF City Plots,15.0,4520.838,1.0,Immediate,Best Location,8,2,1,0,1,0,0,0,0,1,2,4.0,4.0,4.5,4.0,4.25,92.0,0,0,0,0
independent,14.88,2884.7252,1.0,undefined,Nicely Located,44,0,10,14,6,0,0,0,0,0,6,4.0,4.0,4.5,4.0,4.25,83.0,0,0,0,0
Satya Merano Greens,6.562815789473683,1108.6817,1.0,undefined,Sector 99A Gurgaon,11,2,1,0,0,0,0,0,0,0,1,4.0,4.0,4.5,4.0,4.25,1034.0,0,0,0,0
Ace Palm Floors,6.562815789473683,2701.7389,1.0,undefined,Sector 89 Gurgaon,15,2,1,2,0,0,0,0,0,0,1,4.0,4.0,4.5,4.0,4.25,341.0,0,0,0,0
BPTP Fortuna,6.562815789473683,2249.6551,1.0,undefined,Sector 70A Gurgaon,8,2,1,0,1,0,0,0,0,0,2,4.0,4.0,4.5,4.0,4.25,393.0,0,0,0,0
Skywhales Vienna Greens,6.562815789473683,1323.9597,1.0,undefined,Sector 99A Gurgaon,6,2,0,0,0,0,0,0,0,0,1,4.0,4.0,4.5,4.0,4.25,196.0,0,0,0,0
India Rashtra,6.562815789473683,1797.5712999999998,1.0,undefined,Sector 88A Gurgaon,11,3,2,0,0,0,0,0,0,0,1,4.0,4.0,4.5,4.0,4.25,1980.0,0,0,0,0
Experion The Westerlies,7.305,5285.0749,2.0,undefined,Sector 108 Gurgaon,9,3,1,0,0,0,0,0,0,0,1,4.0,4.0,4.5,4.0,4.25,251.0,0,0,0,0
DLF Alameda,17.79,4854.5189,1.0,Immediate,Sector 73 Gurgaon,8,2,1,0,0,0,0,0,0,1,2,4.0,4.0,4.5,4.0,4.25,30.0,0,0,0,0
independent,38.25,9203.1345,2.0,undefined,DLF Phase 2,44,0,9,13,5,0,0,0,0,0,5,4.0,4.0,4.5,4.0,4.25,191.0,0,0,0,0
Orris Woodview Residencies,3.75,1797.5712999999998,2.0,undefined,B-22,9,2,1,0,0,0,0,0,0,0,0,4.0,4.0,4.5,4.0,4.25,546.0,0,0,1,0
DLF Gardencity,7.14,3153.8227,2.0,Immediate,B1-17 Perfect East Facing,7,2,1,0,0,0,0,1,0,1,1,4.0,4.0,4.5,4.0,4.25,464.0,0,1,0,0
Adani Tatva Estates,6.562815789473683,1442.3626,1.0,undefined,Sector 99A Gurgaon,9,1,2,0,0,0,0,0,0,0,2,4.0,4.0,4.5,4.0,4.25,131.0,0,0,0,0
DLF City Plots Phase 2,46.5,13002.7912,2.0,undefined,J-10/13,44,0,9,13,5,0,0,0,0,0,5,4.0,4.0,4.5,4.0,4.25,1930.0,0,0,1,0
independent,13.65,3239.9339,2.0,undefined,DLF Phase 4,47,1,7,10,3,0,0,0,0,0,3,4.0,4.0,4.5,4.0,4.25,229.0,0,0,0,0
independent,15.975,3616.6704,2.0,undefined,DLF Phase 2,44,0,9,13,5,0,0,0,0,0,5,4.0,4.0,4.5,4.0,4.25,191.0,0,0,0,0
Vatika Westin Sohna Resort,6.562815789473683,8094.4528,1.0,undefined,Sohna,0,0,0,0,0,0,0,0,0,0,0,4.0,4.0,4.5,4.0,4.25,1031.0,0,0,1,0
independent,21.0,4520.838,2.0,undefined,DLF Phase 4,47,1,7,10,3,0,0,0,0,0,3,4.0,4.0,4.5,4.0,4.25,244.0,0,0,0,0
independent,12.165,2701.7389,2.0,Immediate,Sushant Lok Phase 1,47,2,5,13,1,0,0,0,0,1,1,4.0,4.0,4.5,4.0,4.25,253.0,0,0,0,1
Orris Woodview Residencies,6.562815789473683,1625.3489,1.0,undefined,Sector 89 Gurgaon,9,2,1,0,0,0,0,0,0,0,0,4.0,4.0,4.5,4.0,4.25,747.0,0,0,0,0
DLF Gardencity Enclave,6.562815789473683,1259.3763,1.0,undefined,Sector 93 Gurgaon,8,2,2,0,1,0,0,0,0,0,2,4.0,4.0,4.5,4.0,4.25,463.0,0,0,0,0
Pyramid Spring Valley,6.562815789473683,936.4593,1.0,undefined,Sohna,10,2,1,0,0,0,0,0,0,0,1,4.0,4.0,4.5,4.0,4.25,628.0,0,0,0,0
DLF City Plots,12.0,2701.7389,1.0,Immediate,Dlf City Pahse 1,8,2,1,0,1,0,0,0,0,1,2,4.0,4.0,4.5,4.0,4.25,396.0,0,0,0,1
DLF City Plots Phase 2,19.5,4520.838,1.0,Immediate,Dlf City Phase 2,44,0,11,13,6,0,1,0,0,1,6,4.0,4.0,4.5,4.0,4.25,390.0,0,0,1,0
DLF City Plots Phase 2,15.0,3605.9065,1.0,Immediate,Dlf City Phase 2,44,0,11,13,6,0,0,0,0,1,6,4.0,4.0,4.5,4.0,4.25,372.0,0,0,0,0
DLF City Plots,14.25,2701.7389,1.0,undefined,12 Meter Road,8,2,1,0,1,0,0,0,0,0,2,4.0,4.0,4.5,4.0,4.25,375.0,0,0,1,0
independent,20.625,4520.838,2.0,undefined,DLF Phase 2,44,0,9,13,5,0,0,0,0,0,5,4.0,4.0,4.5,4.0,4.25,176.0,0,0,0,0
independent,31.5,6135.423,2.0,undefined,DLF Phase 2,44,0,9,13,5,0,0,0,0,0,5,4.0,4.0,4.5,4.0,4.25,197.0,0,0,0,0
independent,12.765,2701.7389,2.0,undefined,DLF Phase 2,44,0,9,13,5,0,0,0,0,0,5,4.0,4.0,4.5,4.0,4.25,172.0,0,0,0,0
DLF Gardencity,6.562815789473683,1797.5712999999998,1.0,undefined,Sector 91 Gurgaon,7,2,1,0,0,0,0,0,0,0,1,4.0,4.0,4.5,4.0,4.25,1333.0,0,0,1,1
Vatika Aspiration,6.562815789473683,538.1949999999999,1.0,undefined,Sector 88B Gurgaon,9,2,0,0,0,0,0,0,0,0,1,4.0,4.0,4.5,4.0,4.25,460.0,0,0,1,0
independent,13.125,2701.7389,2.0,undefined,DLF Phase 1,46,0,18,11,6,0,0,0,0,0,6,4.0,4.0,4.5,4.0,4.25,189.0,0,0,0,0
independent,18.9,4520.838,1.0,undefined,DLF Phase 1,46,0,18,11,6,0,0,0,0,0,6,4.0,4.0,4.5,4.0,4.25,146.0,0,0,0,0
independent,38.265,9203.1345,2.0,undefined,DLF Phase 1,46,0,18,11,6,0,0,0,0,0,6,4.0,4.0,4.5,4.0,4.25,227.0,0,0,0,1
independent,6.285,1840.6269,1.0,Immediate,Sector 46 Gurgaon,47,6,8,6,0,0,0,0,0,1,0,4.0,4.0,4.5,4.0,4.25,225.0,0,0,0,1
independent,12.225,2701.7389,1.0,undefined,B Block Sushant Lok 1,48,1,4,9,2,0,0,0,0,0,2,4.0,4.0,4.5,4.0,4.25,337.0,0,0,0,0
DLF City Plots Phase 2,12.0,2841.6696,2.0,undefined,Dlf Phase 2,44,0,11,13,6,0,0,0,0,0,6,4.0,4.0,4.5,4.0,4.25,297.0,0,0,1,1
independent,10.05,2701.7389,2.0,Immediate,B Block Sushant Lok Phase 1,48,1,4,9,2,0,0,0,0,1,2,4.0,4.0,4.5,4.0,4.25,225.0,0,0,0,0
independent,15.3,4499.3102,2.0,Immediate,A Block Sushant Lok Phase 1,48,0,6,13,3,0,0,0,0,1,3,4.0,4.0,4.5,4.0,4.25,196.0,0,0,0,0
Ansal Sushant Lok Plots4.1 ★,12.375,2701.7389,1.0,undefined,Sushant Lok 1,50,1,4,9,2,0,1,0,0,0,2,4.0,4.0,4.5,4.0,4.25,348.0,0,0,1,0
independent,8.235,3078.4754,1.0,Immediate,Sector 57 Gurgaon,45,5,10,6,0,0,0,0,0,1,2,4.0,4.0,4.5,4.0,4.25,108.0,0,0,0,0
independent,12.15,4520.838,1.0,Immediate,Sector 46 Gurgaon,47,6,8,6,0,0,0,0,0,1,0,4.0,4.0,4.5,4.0,4.25,170.0,0,0,0,0
independent,5.97,1840.6269,1.0,undefined,Sector 57 Gurgaon,45,5,10,6,0,0,0,0,0,0,2,4.0,4.0,4.5,4.0,4.25,506.0,0,0,0,0
independent,6.9,2368.058,1.0,undefined,Sector 57 Gurgaon,45,5,10,6,0,0,0,0,0,0,2,4.0,4.0,4.5,4.0,4.25,506.0,0,0,0,0
independent,7.89,2368.058,1.0,undefined,Sector 45 Gurgaon,48,7,6,14,1,0,0,0,0,0,1,4.0,4.0,4.5,4.0,4.25,206.0,0,0,0,0
DLF City Plots Phase 2,19.875,4499.3102,1.0,Immediate,Dlf Phase 2,44,0,11,13,6,0,0,0,0,1,6,4.0,4.0,4.5,4.0,4.25,354.0,0,0,0,0
independent,11.25,2701.7389,1.0,undefined,Nicely Built,44,0,9,13,5,0,0,0,0,0,5,4.0,4.0,4.5,4.0,4.25,82.0,0,0,0,0
Ansal API Esencia3.7 ★,6.562815789473683,2249.6551,1.0,undefined,Sector 67 Gurgaon,12,0,0,0,1,0,0,0,0,0,1,4.0,4.0,4.5,4.0,4.25,1271.0,0,0,1,0
Experion The Westerlies,5.91,3541.3231,2.0,Immediate,Dwarkaexpressway,9,3,1,0,0,0,0,0,0,1,1,4.0,4.0,4.5,4.0,4.25,378.0,0,0,0,0
DLF City Plots Phase 2,46.125,9795.149,3.0,undefined,J-Block,44,0,9,13,5,0,0,0,0,0,5,4.0,4.0,4.5,4.0,4.25,1930.0,0,0,1,0
DLF Gardern City,7.08,3153.8227,3.0,Immediate,Sector 91 Gurgaon,12,0,5,0,0,0,0,1,0,1,0,4.0,4.0,4.5,4.0,4.25,478.0,0,1,0,0
independent,9.375,2163.5439,1.0,Immediate,Sushant Lok Phase 1,47,2,5,13,1,0,0,0,0,1,1,4.0,4.0,4.5,4.0,4.25,56.0,0,0,0,0
DLF City Plots,7.875,1797.5712999999998,1.0,Immediate,Dlf City Phase 1,8,2,1,0,1,0,0,0,0,1,2,4.0,4.0,4.5,4.0,4.25,401.0,0,0,0,1
DLF City Plots Phase 2,10.65,2249.6551,1.0,undefined,Dlf Phase 2,44,0,11,13,6,0,0,0,0,0,6,4.0,4.0,4.5,4.0,4.25,308.0,0,0,0,1
Central Park Flower Valley,4.26,1700.6962,1.0,Immediate,Sector-33 Sohna,15,4,3,0,0,0,0,1,0,1,1,4.0,4.0,4.5,4.0,4.25,415.0,0,1,0,0
Central Park Flower Valley,6.562815789473683,3379.8646,1.0,Immediate,Sector-33 Sohna,15,4,3,0,0,0,0,1,0,1,1,4.0,4.0,4.5,4.0,4.25,480.0,0,1,0,0
independent,9.75,3078.4754,1.0,Immediate,Sector 45 Gurgaon,48,7,6,14,1,0,0,0,0,1,1,4.0,4.0,4.5,4.0,4.25,197.0,0,0,1,0
ASET Sohna Greens,6.562815789473683,764.2369,1.0,undefined,Sohna,6,2,1,0,0,0,0,0,0,0,1,4.0,4.0,4.5,4.0,4.25,131.0,0,0,0,0
JMS Mega City Plots,6.562815789473683,1076.39,1.0,undefined,Sector-5 Sohna,9,3,0,0,0,0,0,0,0,0,2,4.0,4.0,4.5,4.0,4.25,267.0,0,0,0,0
Golden Park,6.562815789473683,1130.2095,1.0,undefined,Sohna,7,1,1,0,0,0,0,0,0,0,1,4.0,4.0,4.5,4.0,4.25,274.0,0,0,1,0
Ireo Savannah,6.562815789473683,1614.585,1.0,undefined,Sector-35 Sohna,9,2,1,0,0,0,0,0,0,0,2,4.0,4.0,4.5,4.0,4.25,108.0,0,0,0,0
JMS Prime Land,6.562815789473683,947.2232,1.0,undefined,Sector 95A Gurgaon,11,3,1,0,0,0,0,0,0,0,1,4.0,4.0,4.5,4.0,4.25,604.0,0,0,0,0
JMS The Nation,6.562815789473683,1076.39,1.0,undefined,Sector 95 Gurgaon,6,2,1,0,0,0,0,0,0,0,1,4.0,4.0,4.5,4.0,4.25,259.0,0,0,0,0
MV Buildcon Precore City,6.562815789473683,1797.5712999999998,1.0,undefined,Sohna,7,2,1,0,0,0,0,0,0,0,0,4.0,4.0,4.5,4.0,4.25,1229.0,0,0,0,0
Lion Infra Green Valley,6.562815789473683,1345.4875,1.0,undefined,Sector-35 Sohna,0,0,0,0,0,0,0,0,0,0,0,4.0,4.0,4.5,4.0,4.25,1072.0,0,0,0,0
NB Gokulam,6.562815789473683,1334.7236,1.0,undefined,Sohna,0,0,0,0,0,0,0,0,0,0,0,4.0,4.0,4.5,4.0,4.25,261.0,0,0,0,0
ROF Normanton Park,6.562815789473683,1151.7373,1.0,undefined,Sohna,9,2,1,0,0,0,0,0,0,0,0,4.0,4.0,4.5,4.0,4.25,264.0,0,0,1,0
Ireo Savannah,6.562815789473683,1151.7373,1.0,undefined,Sector-35 Sohna,9,2,1,0,0,0,0,0,0,0,2,4.0,4.0,4.5,4.0,4.25,108.0,0,0,0,0
ROF Insignia Park 2,6.562815789473683,1345.4875,1.0,undefined,Sector 95 Gurgaon,5,1,1,0,0,1,0,0,0,0,1,4.0,4.0,4.5,4.0,4.25,378.0,1,0,1,0
Paras Ekam Homes,6.562815789473683,1151.7373,1.0,undefined,Sohna,15,2,0,0,0,0,0,0,0,0,1,4.0,4.0,4.5,4.0,4.25,1493.0,0,0,1,0
Corona Greens,6.562815789473683,785.7647,1.0,undefined,Sohna,6,2,1,0,0,0,0,0,0,0,1,4.0,4.0,4.5,4.0,4.25,997.0,0,0,0,0
Vatika India Next4.1 ★,2.25,1076.39,4.0,Future,Sector 82A Gurgaon,8,2,1,0,0,0,0,0,0,0,1,4.0,4.0,4.5,4.0,4.25,103.0,0,0,0,0
independent,15.375,4520.838,2.0,undefined,Sushant Lok Phase 1,47,2,5,13,1,0,0,0,0,0,1,4.0,4.0,4.5,4.0,4.25,227.0,0,0,0,1
independent,24.75,5844.7977,2.0,undefined,DLF Phase 1,46,0,18,11,6,1,0,0,0,0,6,4.0,4.0,4.5,4.0,4.25,200.0,1,0,0,1
Experion The Westerlies,3.225,1937.502,1.0,Immediate,E Block,9,3,1,0,0,0,0,0,0,1,1,4.0,4.0,4.5,4.0,4.25,536.0,0,0,0,0
independent,13.875,4682.2965,1.0,Immediate,Palam Vihar,27,4,3,3,1,0,0,0,0,1,3,4.0,4.0,4.5,4.0,4.25,88.0,0,0,0,1
Central Park Flower Valley,4.035,1625.3489,1.0,Immediate,Sector-33 Sohna,15,4,3,0,0,0,0,0,0,1,1,4.0,4.0,4.5,4.0,4.25,53.0,0,0,0,0
Central Park Flower Valley,4.005,1679.1684,1.0,undefined,Sector-33 Sohna,15,4,3,0,0,0,0,0,0,0,1,4.0,4.0,4.5,4.0,4.25,83.0,0,0,0,1
Central Park Flower Valley,3.2700000000000005,204.5141,2.0,Immediate,Sector-33 Sohna,15,4,3,0,0,0,0,0,0,1,1,4.0,4.0,4.5,4.0,4.25,35.0,0,0,0,0
Central Park Flower Valley,4.89,2518.7526,1.0,Immediate,Sector-33 Sohna,15,4,3,0,0,0,0,0,0,1,1,4.0,4.0,4.5,4.0,4.25,32.0,0,0,0,0
Emaar Emerald Hills4.1 ★,6.562815789473683,2400.3497,1.0,undefined,Sector 65 Gurgaon,10,2,1,0,0,0,0,0,0,0,1,4.0,4.0,4.5,4.0,4.25,3054.0,0,0,1,0
Emaar MGF Marbella,6.562815789473683,2400.3497,1.0,undefined,Sector 66 Gurgaon,14,2,1,0,1,0,0,0,0,0,2,4.0,4.0,4.5,4.0,4.25,1446.0,0,0,0,0
Raheja Vanya,6.562815789473683,1022.5705,1.0,undefined,Sector 99A Gurgaon,9,2,1,0,1,0,0,0,0,0,3,4.0,4.0,4.5,4.0,4.25,1362.0,0,0,0,0
independent,18.675,4520.838,2.0,Immediate,DLF Phase 4,47,1,7,10,3,0,0,0,0,1,3,4.0,4.0,4.5,4.0,4.25,197.0,0,0,0,1
DLF City Plots,35.25,9203.1345,2.0,undefined,12 Mtr,8,2,1,0,1,0,0,0,0,0,2,4.0,4.0,4.5,4.0,4.25,256.0,0,0,1,0
independent,13.665,3767.365,2.0,undefined,Sushant Lok Phase 1,47,2,5,13,1,0,0,0,0,0,1,4.0,4.0,4.5,4.0,4.25,316.0,0,0,0,1
BST Green Bhoomi,6.562815789473683,1087.1539,1.0,undefined,Sector 99A Gurgaon,8,2,1,0,0,0,0,0,0,0,1,4.0,4.0,4.5,4.0,4.25,131.0,0,0,0,0
Adani Oyster Greens,6.562815789473683,1205.5567999999998,1.0,undefined,Sector 102 Gurgaon,15,4,2,1,0,0,0,0,0,0,0,4.0,4.0,4.5,4.0,4.25,103.0,0,0,0,0
DLF City Plots Phase 2,44.625,9795.149,3.0,undefined,J-10 Line,44,0,9,13,5,0,0,0,0,0,5,4.0,4.0,4.5,4.0,4.25,1930.0,0,0,1,0
DLF Alameda,17.07,5511.1168,1.0,undefined,Abc,8,2,1,0,0,0,1,0,0,0,2,4.0,4.0,4.5,4.0,4.25,86.0,0,0,1,0
Adani Oyster Greens,3.4799999999999995,1205.5567999999998,1.0,Immediate,Sector 102 Gurgaon,15,4,2,1,0,0,0,0,0,1,0,4.0,4.0,4.5,4.0,4.25,103.0,0,0,0,0
Shree Vardhman City,6.562815789473683,1130.2095,1.0,undefined,Sohna,7,2,1,0,0,0,0,0,0,0,1,4.0,4.0,4.5,4.0,4.25,449.0,0,0,0,0
Central Park Flower Valley,5.6850000000000005,2249.6551,1.0,Immediate,Sector-33 Sohna,15,4,3,0,0,0,0,0,0,1,1,4.0,4.0,4.5,4.0,4.25,77.0,0,0,0,0
Experion The Westerlies,6.0,3638.1982,2.0,Immediate,1233,9,3,1,0,0,0,0,0,0,1,1,4.0,4.0,4.5,4.0,4.25,566.0,0,0,0,1
ROF Normanton Park,1.83,1291.668,2.0,undefined,Sohna,9,2,1,0,0,0,0,0,0,0,0,4.0,4.0,4.5,4.0,4.25,837.0,0,0,1,0
ROF Normanton Park,1.7399999999999998,1227.0846,2.0,undefined,Sohna,9,2,1,0,0,0,0,0,0,0,0,4.0,4.0,4.5,4.0,4.25,837.0,0,0,1,0
ROF Insignia Park,6.562815789473683,1173.2650999999998,1.0,undefined,Sector 93 Gurgaon,14,1,1,0,0,0,0,0,0,0,1,4.0,4.0,4.5,4.0,4.25,708.0,0,0,1,0
Satya Merano Greens,6.562815789473683,1108.6817,1.0,undefined,Sector 99A Gurgaon,11,2,1,0,0,0,0,0,0,0,1,4.0,4.0,4.5,4.0,4.25,1229.0,0,0,0,0
Vatika Express City,6.562815789473683,1184.029,1.0,undefined,Sector 88A Gurgaon,6,2,1,0,0,0,0,0,0,0,1,4.0,4.0,4.5,4.0,4.25,488.0,0,0,0,0
Vatika India Next Plots3.6 ★,6.562815789473683,2163.5439,1.0,undefined,Sector 83 Gurgaon,15,2,5,1,0,0,0,0,0,0,0,4.0,4.0,4.5,4.0,4.25,1403.0,0,0,1,0
Pegasus Atulyam 83,6.562815789473683,1345.4875,1.0,undefined,Sector 83 Gurgaon,10,2,1,0,1,0,0,0,0,0,3,4.0,4.0,4.5,4.0,4.25,90.0,0,0,0,0
Orris Woodview Residencies,6.562815789473683,1646.8767,1.0,undefined,Sector 89 Gurgaon,9,2,1,0,0,0,0,0,0,0,0,4.0,4.0,4.5,4.0,4.25,747.0,0,0,0,0
independent,12.75,2701.7389,1.0,Immediate,001,44,0,9,13,5,0,0,0,0,1,5,4.0,4.0,4.5,4.0,4.25,179.0,0,0,0,1
independent,21.465,4520.838,2.0,undefined,001,46,0,18,11,6,1,0,0,0,0,6,4.0,4.0,4.5,4.0,4.25,193.0,1,0,0,0
DLF The Grove,6.562815789473683,538.1949999999999,1.0,undefined,DLF Phase 5,8,2,1,0,1,0,0,0,0,0,2,4.0,4.0,4.5,4.0,4.25,172.0,0,0,0,0
Unitech Singleton Floors,26.25,8998.6204,2.0,undefined,123,46,1,12,9,0,0,0,0,0,0,0,4.0,4.0,4.5,4.0,4.25,104.0,0,0,0,0
DLF City Plots Phase 3,6.562815789473683,1797.5712999999998,1.0,undefined,DLF Phase 3,44,0,16,12,6,0,0,0,0,0,6,4.0,4.0,4.5,4.0,4.25,1147.0,0,0,1,0
Suncity Township4.1 ★,15.75,3239.9339,2.0,undefined,Sector 54 Gurgaon,44,4,5,12,2,1,0,0,0,0,4,4.0,4.0,4.5,4.0,4.25,248.0,1,0,0,0
MRS 16 Acres,0.24,904.1676,1.0,Immediate,A-15,0,0,0,0,0,0,0,0,0,1,0,4.0,4.0,4.5,4.0,4.25,30.0,0,0,0,0
3b Home WAL DOVELOPMNT,1.83,1614.585,1.0,Future,Sector 95 Gurgaon,5,0,4,0,0,0,0,0,0,0,0,4.0,4.0,4.5,4.0,4.25,100.0,0,0,0,0
Unitech Singleton Floors,9.27,2475.697,2.0,undefined,1234,46,1,12,9,0,0,0,0,0,0,0,4.0,4.0,4.5,4.0,4.25,59.0,0,0,0,0
independent,1.7999999999999998,538.1949999999999,1.0,undefined,Sushant Lok Phase 2,48,0,6,12,3,0,0,0,0,0,3,4.0,4.0,4.5,4.0,4.25,253.0,0,0,1,0
Sector 17,1.14,1808.3352,1.0,Immediate,Sohna Road,47,3,15,5,0,0,0,1,0,1,0,4.0,4.0,4.5,4.0,4.25,394.0,0,1,0,0
independent,6.75,4843.755,1.0,Within_3_months,Sector 1 Imt Manesar,12,0,6,0,0,0,0,1,0,0,0,4.0,4.0,4.5,4.0,4.25,524.0,0,1,0,1
independent,1.5,1797.5712999999998,1.0,Immediate,New Palam Vihar Phase 1,31,2,12,1,1,0,0,0,0,1,5,4.0,4.0,4.5,4.0,4.25,54.0,0,0,0,0
DLF Alameda,17.4,5500.3529,1.0,undefined,C Block,8,2,1,0,0,0,1,0,0,0,2,4.0,4.0,4.5,4.0,4.25,50.0,0,0,1,0
Gold Souk Golf Links,1.65,247.5697,2.0,Immediate,A101,7,2,1,0,0,1,0,0,0,1,1,4.0,4.0,4.5,4.0,4.25,283.0,1,0,0,1
independent,7.649999999999999,2852.4335,1.0,Immediate,Sector 55 Gurgaon,42,4,5,13,3,0,0,0,0,1,5,4.0,4.0,4.5,4.0,4.25,116.0,0,0,0,0
independent,3.0,904.1676,1.0,undefined,Sector 47 Gurgaon,47,5,11,5,0,0,0,0,0,0,0,4.0,4.0,4.5,4.0,4.25,463.0,0,0,0,0
Orris Woodview Residencies,3.225,2163.5439,2.0,undefined,Sector 89 Gurgaon,9,2,1,0,0,0,0,0,0,0,0,4.0,4.0,4.5,4.0,4.25,41.0,0,0,0,0
DLF Alameda,16.14,4843.755,1.0,Immediate,B Block,8,2,1,0,0,0,1,0,0,1,2,4.0,4.0,4.5,4.0,4.25,70.0,0,0,1,0
independent,7.485,1840.6269,1.0,undefined,Sector 42 Gurgaon,44,2,3,13,2,0,0,0,0,0,3,4.0,4.0,4.5,4.0,4.25,221.0,0,0,0,1
independent,12.9,4499.3102,2.0,Immediate,Sector 56 Gurgaon,45,5,6,14,3,0,0,0,0,1,5,4.0,4.0,4.5,4.0,4.25,87.0,0,0,0,1
independent,2.55,1162.5012,1.0,undefined,Sector 112 Gurgaon,15,2,2,1,1,0,0,0,0,0,2,4.0,4.0,4.5,4.0,4.25,88.0,0,0,0,0
Experion The Westerlies,3.225,2260.419,2.0,Immediate,Dwarkaexpressway,9,3,1,0,0,0,0,0,0,1,1,4.0,4.0,4.5,4.0,4.25,381.0,0,0,0,0
independent,7.949999999999999,5274.311,1.0,Immediate,B Blok,0,0,0,0,0,0,0,0,0,1,0,4.0,4.0,4.5,4.0,4.25,398.0,0,0,0,0
Experion The Westerlies,2.925,1625.3489,1.0,undefined,10...,9,3,1,0,0,0,0,0,0,0,1,4.0,4.0,4.5,4.0,4.25,637.0,0,0,0,0
Unitech Singleton Floors,30.0,8998.6204,1.0,undefined,123,46,1,12,9,0,0,0,0,0,0,0,4.0,4.0,4.5,4.0,4.25,114.0,0,0,0,0
Unitech Singleton Floors,10.8,3239.9339,1.0,undefined,1234,46,1,12,9,0,0,0,0,0,0,0,4.0,4.0,4.5,4.0,4.25,84.0,0,0,0,0
Malibu Towne,9.27,2475.697,1.0,undefined,1234,45,5,11,5,0,0,0,0,0,0,0,4.0,4.0,4.5,4.0,4.25,30.0,0,0,0,0
independent,6.39,258.3336,1.0,Immediate,Sector 45 Gurgaon,48,7,6,14,1,0,0,0,0,1,1,4.0,4.0,4.5,4.0,4.25,230.0,0,0,0,0
Anant Raj Estates,6.562815789473683,2281.9468,1.0,undefined,Sector 63A Gurgaon,10,2,1,0,1,0,0,0,0,0,3,4.0,4.0,4.5,4.0,4.25,1575.0,0,0,1,0
Birla Navya,6.562815789473683,538.1949999999999,1.0,undefined,Sector 63A Gurgaon,12,1,1,0,1,0,0,0,0,0,3,4.0,4.0,4.5,4.0,4.25,98.0,0,0,0,0
independent,4.785,161.4585,2.0,Immediate,Sector 43 Gurgaon,46,1,5,9,3,0,0,1,0,1,3,4.0,4.0,4.5,4.0,4.25,320.0,0,1,0,0
independent,4.785,1453.1265,2.0,Immediate,Sector 42 Gurgaon,44,2,3,13,2,0,0,1,0,1,3,4.0,4.0,4.5,4.0,4.25,463.0,0,1,0,0
sector 110a,2.46,107.639,1.0,Immediate,Sector 110 A Gurgaon,24,4,3,2,1,0,0,0,0,1,2,4.0,4.0,4.5,4.0,4.25,59.0,0,0,0,0
Vatika Signature Two,4.965,2206.5995,1.0,Immediate,Sector 82 Gurgaon,13,0,1,0,0,0,0,0,0,1,0,4.0,4.0,4.5,4.0,4.25,67.0,0,0,0,0
Central Park Flower Valley,6.562815789473683,1625.3489,1.0,undefined,Sector-33 Sohna,15,4,3,0,0,0,0,0,0,0,1,4.0,4.0,4.5,4.0,4.25,2353.0,0,0,1,0
Vatika India Next Plots3.6 ★,3.96,2163.5439,1.0,Immediate,Sector 83 Gurgaon,15,2,5,1,0,0,0,0,0,1,0,4.0,4.0,4.5,4.0,4.25,62.0,0,0,0,0
MRS 16 Acres,0.18,75.34729999999999,1.0,Immediate,A-79,0,0,0,0,0,0,0,0,0,1,0,4.0,4.0,4.5,4.0,4.25,30.0,0,0,0,0
independent,29.625,7319.451999999999,2.0,undefined,Sushant Lok Phase 1,47,2,5,13,1,0,0,0,0,0,1,4.0,4.0,4.5,4.0,4.25,141.0,0,0,0,0
independent,30.0,7437.854899999999,2.0,undefined,Sushant Lok Phase 1,47,2,5,13,1,1,0,1,0,0,1,4.0,4.0,4.5,4.0,4.25,455.0,1,1,0,0
Ansal API Esencia3.7 ★,7.1850000000000005,3153.8227,1.0,undefined,Abcd,12,0,0,0,1,0,0,0,0,0,1,4.0,4.0,4.5,4.0,4.25,85.0,0,0,0,0
BPTP Amstoria3.8 ★,4.725,2023.6132,1.0,undefined,10...,11,2,1,0,0,0,0,0,0,0,2,4.0,4.0,4.5,4.0,4.25,633.0,0,0,1,0
G99,5.1,2249.6551,1.0,undefined,10...,10,2,1,0,0,0,0,0,0,0,1,4.0,4.0,4.5,4.0,4.25,536.0,0,0,1,0
Malibu Towne,7.875,1797.5712999999998,2.0,undefined,10...,45,5,11,5,0,1,0,0,0,0,0,4.0,4.0,4.5,4.0,4.25,220.0,1,0,0,1
Landmark,1.98,1399.307,2.0,undefined,10...,5,0,4,0,0,0,0,0,0,0,0,4.0,4.0,4.5,4.0,4.25,241.0,0,0,0,0
Adani Oyster Greens,2.895,1237.8485,1.0,Immediate,Sector 102 Gurgaon,15,4,2,1,0,0,0,0,0,1,0,4.0,4.0,4.5,4.0,4.25,66.0,0,0,0,0
independent,3.1500000000000004,904.1676,2.0,Immediate,Sector 46 Gurgaon,47,6,8,6,0,1,0,0,0,1,0,4.0,4.0,4.5,4.0,4.25,74.0,1,0,0,0
independent,5.655,1840.6269,1.0,Immediate,Sector 46 Gurgaon,47,6,8,6,0,0,0,0,0,1,0,4.0,4.0,4.5,4.0,4.25,78.0,0,0,0,0
independent,6.9,2368.058,1.0,Immediate,Sector 57 Gurgaon,45,5,10,6,0,0,0,0,0,1,2,4.0,4.0,4.5,4.0,4.25,78.0,0,0,0,0
sector 57,7.949999999999999,3078.4754,1.0,Immediate,Sector 57 Gurgaon,45,5,10,6,0,0,0,0,0,1,2,4.0,4.0,4.5,4.0,4.25,70.0,0,0,0,0
independent,7.695,3078.4754,1.0,Immediate,Sector 46 Gurgaon,47,6,8,6,0,0,0,0,0,1,0,4.0,4.0,4.5,4.0,4.25,82.0,0,0,0,0
Suncity Township4.1 ★,24.75,4499.3102,1.0,Immediate,Sector 54 Gurgaon,44,4,5,12,2,0,1,0,0,1,4,4.0,4.0,4.5,4.0,4.25,59.0,0,0,1,0
Ansal Oriental Villas,6.75,301.3892,2.0,Immediate,Block B,48,4,11,6,0,0,0,0,0,1,1,4.0,4.0,4.5,4.0,4.25,1816.0,0,0,1,0
independent,7.574999999999999,2518.7526,2.0,Immediate,Sector 57 Gurgaon,45,5,10,6,0,0,0,0,0,1,2,4.0,4.0,4.5,4.0,4.25,200.0,0,0,0,0
DLF Alameda,13.5,495.1394,3.0,undefined,Sector 73 Gurgaon,8,2,1,0,0,0,0,0,0,0,2,4.0,4.0,4.5,4.0,4.25,84.0,0,0,0,0
independent,0.5549999999999999,1797.5712999999998,2.0,Immediate,Sohna Road,0,0,0,0,0,0,0,0,0,1,0,4.0,4.0,4.5,4.0,4.25,38.0,0,0,0,0
independent,12.75,3239.9339,1.0,undefined,Park Facing Gated Power Backup,48,6,6,14,1,0,1,0,0,0,1,4.0,4.0,4.5,4.0,4.25,229.0,0,0,1,0
independent,37.5,8707.9951,2.0,undefined,Sushant Lok Phase 1,47,2,5,13,1,0,0,0,0,0,1,4.0,4.0,4.5,4.0,4.25,332.0,0,0,0,1
DLF City Plots,38.25,9203.1345,2.0,undefined,12 Mtr,8,2,1,0,1,0,0,0,0,0,2,4.0,4.0,4.5,4.0,4.25,251.0,0,0,1,1
DLF City Plots,17.700000000000003,4520.838,1.0,undefined,12 Meter Road,8,2,1,0,1,0,0,0,0,0,2,4.0,4.0,4.5,4.0,4.25,255.0,0,0,1,1
independent,12.375,2701.7389,1.0,undefined,Park,44,0,9,13,5,0,0,0,0,0,5,4.0,4.0,4.5,4.0,4.25,240.0,0,0,1,0
independent,16.5,3616.6704,1.0,undefined,Park,44,0,9,13,5,0,0,0,0,0,5,4.0,4.0,4.5,4.0,4.25,242.0,0,0,1,0
DLF City Plots,6.562815789473683,4520.838,1.0,undefined,12 Meter Road,8,2,1,0,1,0,0,0,0,0,2,4.0,4.0,4.5,4.0,4.25,245.0,0,0,1,0
independent,8.55,2163.5439,1.0,Immediate,M Block,49,2,4,10,1,0,0,0,0,1,1,4.0,4.0,4.5,4.0,4.25,95.0,0,0,0,0
independent,14.22,2841.6696,1.0,Immediate,Garden Villas,47,1,7,10,3,0,0,0,0,1,3,4.0,4.0,4.5,4.0,4.25,111.0,0,0,0,0
independent,15.0,3239.9339,1.0,Immediate,Xyz,47,1,7,10,3,0,0,0,0,1,3,4.0,4.0,4.5,4.0,4.25,110.0,0,0,0,0
independent,12.0,2432.6414,1.0,undefined,5800,47,1,7,10,3,0,0,0,0,0,3,4.0,4.0,4.5,4.0,4.25,89.0,0,0,0,0
independent,12.75,3239.9339,1.0,undefined,K Block,49,2,4,10,1,1,0,0,0,0,1,4.0,4.0,4.5,4.0,4.25,92.0,1,0,0,0
independent,13.875,3595.1426,1.0,Immediate,W Block,44,0,16,12,6,0,0,0,0,1,6,4.0,4.0,4.5,4.0,4.25,99.0,0,0,0,0
independent,10.5,2841.6696,1.0,Immediate,T Block,44,0,16,12,6,0,1,0,0,1,6,4.0,4.0,4.5,4.0,4.25,105.0,0,0,1,1
independent,11.7,3239.9339,1.0,Immediate,P Block,49,2,4,10,1,0,0,0,0,1,1,4.0,4.0,4.5,4.0,4.25,120.0,0,0,0,0
Suncity Township4.1 ★,13.5,3239.9339,1.0,undefined,C Block,48,4,6,13,4,0,0,0,0,0,6,4.0,4.0,4.5,4.0,4.25,92.0,0,0,1,0
Suncity Township4.1 ★,13.125,3239.9339,1.0,undefined,C Block,48,4,6,13,4,0,0,0,0,0,6,4.0,4.0,4.5,4.0,4.25,112.0,0,0,0,0
independent,13.23,3239.9339,1.0,undefined,Xyz,47,1,7,10,3,0,1,0,0,0,3,4.0,4.0,4.5,4.0,4.25,134.0,0,0,1,1
independent,6.562815789473683,4499.3102,1.0,undefined,Unknown,0,0,0,0,0,0,0,0,0,0,0,4.0,4.0,4.5,4.0,4.25,0.0,0,0,0,0
Vatika India Next Plots3.6 ★,6.562815789473683,2163.5439,1.0,undefined,Unknown,0,0,0,0,0,0,0,0,0,0,0,4.0,4.0,4.5,4.0,4.25,0.0,0,0,0,0
independent,6.562815789473683,1345.4875,1.0,undefined,Unknown,0,0,0,0,0,0,0,0,0,0,0,4.0,4.0,4.5,4.0,4.25,0.0,0,0,0,0
independent,6.562815789473683,4520.838,1.0,undefined,Unknown,0,0,0,0,0,0,0,0,0,0,0,4.0,4.0,4.5,4.0,4.25,0.0,0,0,0,0
3B Homes Sector -95 Gurgaon,1.65,1410.0709,2.0,undefined,Sector 95 Gurgaon,5,0,4,0,0,0,0,0,0,0,0,4.0,4.5,4.0,4.5,4.25,821.0,0,0,1,0
JMS Sohna sector -5,1.1925,1345.4875,2.0,undefined,Sector-5 Sohna,0,0,0,0,0,0,0,0,0,0,0,4.0,4.0,4.5,4.0,4.25,1167.0,0,0,0,0
JMS sohna saector -5,0.99,1076.39,2.0,undefined,Sector-5 Sohna,0,0,0,0,0,0,0,0,0,0,0,4.0,4.0,4.5,4.0,4.25,1167.0,0,0,0,0
Sohna Sector 35 ireo,1.4625,1173.2650999999998,1.0,undefined,453,0,0,0,0,0,0,0,0,0,0,0,4.0,4.0,5.0,4.0,4.25,355.0,0,0,0,0
Experion The Westerlies,3.3000000000000003,1937.502,1.0,Immediate,876,9,3,1,0,0,0,0,0,0,1,1,4.0,4.5,4.5,4.5,4.375,534.0,0,0,0,0
Emaar Emerald Hills4.1 ★,6.562815789473683,4499.3102,3.0,undefined,Ivory Block,10,2,1,0,0,1,0,0,0,0,1,4.0,4.0,5.0,4.0,4.25,210.0,1,0,0,0
Vipul World3.9 ★,5.58,2163.5439,1.0,undefined,A 28,15,2,3,1,0,0,0,0,0,0,1,4.0,4.0,5.0,4.0,4.25,131.0,0,0,0,0
independent,4.875,2368.058,2.0,Immediate,Sector 51 Gurgaon,46,5,11,7,0,0,0,0,0,1,0,5.0,4.0,5.0,4.0,4.5,71.0,0,0,0,0
independent,13.5,3552.087,1.0,Immediate,DLF Phase 3,44,0,16,12,6,0,0,0,0,1,6,4.0,5.0,5.0,4.0,4.5,96.0,0,0,1,1
True Habitat 112,2.535,1173.2650999999998,2.0,undefined,114,15,2,2,1,1,0,0,0,0,0,2,5.0,4.0,4.0,3.0,4.0,157.0,0,0,0,0
independent,6.0,1356.2514,1.0,undefined,Dlf Phase 2,44,0,9,13,5,0,0,0,0,0,5,5.0,5.0,5.0,5.0,5.0,186.0,0,0,0,0
Uppal Southend4.0 ★,7.5,2249.6551,2.0,Immediate,Uppals Southend,46,0,13,10,0,0,0,0,0,1,0,5.0,5.0,5.0,5.0,5.0,398.0,0,0,0,0
Vipul World3.9 ★,9.15,3239.9339,2.0,Immediate,Sector 48 Gurgaon,15,2,3,1,0,0,0,0,0,1,1,4.0,4.0,5.0,4.0,4.25,441.0,0,0,0,0
independent,7.649999999999999,1840.6269,1.0,undefined,Near Galleria,48,0,7,12,3,0,0,0,0,0,3,4.0,5.0,5.0,4.0,4.5,226.0,0,0,0,0
independent,0.39,710.4173999999999,1.0,undefined,Maruti Kunj,0,0,0,0,0,0,0,0,0,0,0,4.0,4.0,4.0,4.0,4.0,161.0,0,0,1,0
independent,0.5841,1065.6261,1.0,undefined,Sector 68 Gurgaon,22,0,7,7,0,0,0,0,0,0,0,4.0,4.0,3.0,5.0,4.0,363.0,0,0,0,0
independent,2.7750000000000004,968.751,2.0,undefined,Sector 51 Gurgaon,46,5,11,7,0,0,0,0,0,0,0,5.0,4.0,5.0,4.0,4.5,169.0,0,0,1,1
independent,9.405,4445.490699999999,2.0,undefined,Sector 38 Gurgaon,47,4,12,7,0,0,0,0,1,0,0,4.0,4.0,5.0,4.0,4.25,215.0,0,0,0,1
independent,11.55,2809.3779,1.0,undefined,Sector 15 Part 2,50,4,14,12,0,0,1,1,0,0,1,5.0,5.0,5.0,5.0,5.0,553.0,0,1,1,0
independent,0.39,721.1813,1.0,Immediate,Badshahpur,46,0,13,11,0,0,0,0,0,1,0,4.0,4.0,5.0,4.0,4.25,121.0,0,0,0,0
independent,1.875,538.1949999999999,2.0,undefined,Sector 43 Gurgaon,46,1,5,9,3,1,0,0,1,0,3,4.0,4.0,5.0,4.0,4.25,261.0,1,0,0,0
BPTP Astaire Gardens3.7 ★,3.84,1711.4601,2.0,undefined,Sector 70A Gurgaon,12,2,0,0,1,1,0,0,0,0,3,5.0,4.0,4.0,4.0,4.25,56.0,1,0,0,0
independent,3.135,1560.7655,3.0,undefined,Sector 79 Gurgaon,4,0,0,0,0,0,0,0,0,0,0,4.0,3.0,4.0,4.0,3.75,91.0,0,0,0,0
independent,3.1500000000000004,1571.5294,3.0,undefined,Sector 79 Gurgaon,4,0,0,0,0,0,0,0,0,0,0,4.0,3.0,4.0,4.0,3.75,91.0,0,0,0,0
independent,3.165,1582.2933,2.0,undefined,Southern Peripheral Road,5,0,1,0,0,0,0,0,0,0,0,4.0,4.0,4.5,4.0,4.25,91.0,0,0,0,0
independent,3.18,1593.0572,3.0,undefined,Southern Peripheral Road,5,0,1,0,0,0,0,0,0,0,0,4.0,4.0,4.5,4.0,4.25,146.0,0,0,0,0
independent,5.699999999999999,2368.058,2.0,undefined,Sector 52 Gurgaon,44,4,5,10,0,0,0,0,0,0,2,4.0,5.0,5.0,4.0,4.5,168.0,0,0,1,0
independent,2.4000000000000004,1603.8211,3.0,undefined,Sector 95 Gurgaon,5,0,4,0,0,0,0,0,0,0,0,4.0,4.5,4.0,4.5,4.25,532.0,0,0,1,1
Mapsko Aspr Hills,1.7999999999999998,118.4029,2.0,undefined,Sector 78 Gurgaon,7,2,1,0,0,0,0,0,0,0,1,4.0,4.0,5.0,4.0,4.25,120.0,0,0,0,0
JMS Prime Land,1.4249999999999998,1087.1539,1.0,Immediate,Sector 95A Gurgaon,11,3,1,0,0,0,0,0,0,1,1,5.0,4.5,5.0,5.0,4.875,295.0,0,0,1,0
independent,7.305,2368.058,1.0,Immediate,Sector 57 Gurgaon,45,5,10,6,0,0,0,0,0,1,2,4.0,4.0,4.0,4.0,4.0,221.0,0,0,0,0
independent,4.35,1453.1265,1.0,undefined,Sector 45 Gurgaon,48,7,6,14,1,0,0,0,0,0,1,4.0,4.0,5.0,4.0,4.25,215.0,0,0,0,0
independent,9.495,4520.838,1.0,Immediate,Sector 39 Gurgaon,49,5,9,10,0,0,0,0,0,1,0,4.0,4.0,5.0,4.0,4.25,236.0,0,0,0,1
independent,5.91,2368.058,1.0,Immediate,Sector 39 Gurgaon,49,5,9,10,0,0,0,0,0,1,0,4.0,4.0,5.0,4.0,4.25,228.0,0,0,1,1
independent,14.31,4520.838,2.0,undefined,001,44,2,3,13,2,0,0,0,1,0,3,4.0,4.0,4.5,4.0,4.25,245.0,0,0,0,0
independent,1.7999999999999998,538.1949999999999,1.0,Immediate,011,44,2,3,13,2,0,0,0,1,1,3,4.0,4.0,4.5,4.0,4.25,207.0,0,0,0,0
independent,2.4000000000000004,721.1813,1.0,undefined,011,44,2,3,13,2,0,0,0,1,0,3,4.0,4.0,4.5,4.0,4.25,251.0,0,0,0,0
independent,10.575,2701.7389,2.0,undefined,A Block Gated Locality,48,0,6,13,3,0,0,0,0,0,3,4.0,4.0,5.0,3.0,4.0,116.0,0,0,0,1
independent,16.5,2066.6688,2.0,Immediate,Sector 63A Gurgaon,4,0,0,1,0,0,0,0,0,1,0,4.0,4.0,4.0,5.0,4.25,167.0,0,0,0,0
independent,15.945,3616.6704,1.0,undefined,18 Meter Road,46,0,18,11,6,0,0,0,0,0,6,5.0,5.0,5.0,5.0,5.0,154.0,0,0,0,0
Ansal Sushant Lok 2,12.419999999999998,4520.838,1.0,undefined,18 Meter Road,42,4,5,13,3,0,0,0,0,0,5,4.0,4.0,5.0,4.0,4.25,139.0,0,0,0,0
independent,1.125,1345.4875,1.0,Immediate,A-52,31,2,12,1,1,0,0,0,0,1,5,4.0,4.0,4.5,4.0,4.25,40.0,0,0,0,0
independent,1.875,2249.6551,1.0,Immediate,B-120,31,2,12,1,1,0,0,0,0,1,5,4.0,4.0,4.5,4.0,4.25,42.0,0,0,0,0
independent,9.12,3422.9202,1.0,Immediate,Sector 46 Gurgaon,47,6,8,6,0,0,0,0,0,1,0,4.0,4.0,5.0,4.0,4.25,76.0,0,0,0,0
independent,9.24,3078.4754,2.0,Immediate,18 Meter Road,44,2,3,13,2,0,0,0,0,1,3,4.0,4.0,4.5,4.0,4.25,285.0,0,0,0,0
independent,42.0,4520.838,1.0,Immediate,Golf Course Road,46,0,18,11,6,0,0,0,0,1,6,5.0,5.0,5.0,5.0,5.0,206.0,0,0,0,0
independent,16.950000000000003,3239.9339,1.0,undefined,Green Meadows,47,1,7,10,3,0,0,0,0,0,3,5.0,4.0,5.0,5.0,4.75,178.0,0,0,1,0
independent,6.75,1937.502,1.0,Immediate,001,46,2,4,9,2,0,0,0,1,1,2,4.0,4.0,4.0,4.0,4.0,156.0,0,0,0,0
independent,13.845,3078.4754,1.0,Immediate,60 Meter Road,47,6,8,6,0,0,0,0,1,1,0,4.0,4.0,5.0,4.0,4.25,156.0,0,0,0,0
Ansal Sushant Lok Plots4.1 ★,14.25,4520.838,3.0,undefined,Sushant Lok Phase 1,50,1,4,9,2,0,0,0,0,0,2,5.0,5.0,5.0,5.0,5.0,162.0,0,0,0,0
DLF City Plots Phase 3,7.875,2841.6696,1.0,undefined,Dlf Phase 3,44,0,16,12,6,0,0,0,0,0,6,4.0,5.0,5.0,4.0,4.5,101.0,0,0,0,0
Ansal,10.2,2701.7389,1.0,undefined,Sushant Lok 1,46,2,4,9,2,0,0,0,0,0,2,4.0,4.0,4.0,4.0,4.0,90.0,0,0,0,0
DLF City Plots,12.99,2841.6696,1.0,Immediate,Dlf Phase 1,8,2,1,0,1,0,0,0,0,1,2,5.0,5.0,5.0,5.0,5.0,157.0,0,0,0,0
independent,2.4000000000000004,96.8751,1.0,undefined,000,44,4,5,10,0,0,0,0,0,0,2,4.0,5.0,5.0,4.0,4.5,166.0,0,0,0,0
DLF City Plots Phase 2,22.5,4520.838,1.0,undefined,Q Block,44,0,11,13,6,0,0,0,0,0,6,5.0,5.0,5.0,5.0,5.0,150.0,0,0,0,1
independent,3.42,936.4593,1.0,undefined,001,46,1,5,9,3,0,0,0,1,0,3,4.0,4.0,5.0,4.0,4.25,247.0,0,0,0,0
HUDA plots sector 57,2.4000000000000004,904.1676,1.0,undefined,000,45,5,10,6,0,0,0,0,0,0,2,4.0,4.0,4.0,4.0,4.0,184.0,0,0,0,0
Eros Rosewood City4.0 ★,11.025,5015.9774,1.0,Immediate,Sector 49 Gurgaon,46,1,12,10,0,0,0,0,0,1,0,4.0,4.0,5.0,5.0,4.5,100.0,0,0,0,0
Eros Rosewood City4.0 ★,10.995,5015.9774,1.0,Immediate,Sector 49 Gurgaon,46,1,12,10,0,0,0,0,0,1,0,4.0,4.0,5.0,5.0,4.5,130.0,0,0,0,0
independent,9.75,3078.4754,1.0,undefined,Sector 57 Gurgaon,45,5,10,6,0,0,0,0,0,0,2,4.0,4.0,4.0,4.0,4.0,89.0,0,0,0,0
independent,6.15,2368.058,1.0,undefined,Sector 38 Gurgaon,47,4,12,7,0,0,0,0,0,0,0,4.0,4.0,5.0,4.0,4.25,90.0,0,0,0,1
independent,8.49,2368.058,1.0,undefined,011,46,1,5,9,3,0,0,0,0,0,3,4.0,4.0,5.0,4.0,4.25,256.0,0,0,1,1
independent,3.765,1453.1265,1.0,undefined,001,45,5,10,6,0,0,0,0,0,0,2,4.0,4.0,4.0,4.0,4.0,223.0,0,0,1,0
independent,6.915000000000001,2368.058,1.0,undefined,001,45,5,10,6,0,0,0,0,0,0,2,4.0,4.0,4.0,4.0,4.0,215.0,0,0,0,0
independent,6.0,1840.6269,1.0,undefined,011,47,6,8,6,0,0,0,0,0,0,0,4.0,4.0,5.0,4.0,4.25,233.0,0,0,1,1
independent,10.545,4520.838,1.0,undefined,011,46,5,11,7,0,0,0,0,0,0,0,5.0,4.0,5.0,4.0,4.5,206.0,0,0,0,0
independent,10.26,3239.9339,1.0,undefined,001,44,2,3,13,2,0,0,0,0,0,3,4.0,4.0,4.5,4.0,4.25,226.0,0,0,0,0
independent,13.875,4499.3102,2.0,undefined,Corner Plot,45,5,7,13,0,1,0,0,0,0,2,4.0,4.0,4.0,4.0,4.0,454.0,1,0,0,1
Vatika Express City,2.835,1625.3489,1.0,Future,Sector 88A Gurgaon,6,2,1,0,0,0,0,0,0,0,1,4.0,4.0,4.5,4.0,4.25,213.0,0,0,0,0
independent,3.1500000000000004,1442.3626,1.0,Immediate,Sector 9 Gurgaon,50,1,38,5,0,0,0,0,0,1,1,4.0,4.0,4.0,4.0,4.0,224.0,0,0,0,0
Orris Woodview Residencies,2.67,1646.8767,1.0,undefined,B-110,9,2,1,0,0,0,0,0,0,0,0,4.0,4.0,4.0,4.0,4.0,119.0,0,0,0,0
Hero Homes Plot,2.625,1076.39,3.0,undefined,A 22,12,0,0,0,0,0,0,0,0,0,0,5.0,5.0,5.0,4.5,4.875,2134.0,0,0,0,0
DLF City Plots Phase 2,9.0,1797.5712999999998,1.0,Immediate,DLF Phase 2,44,0,11,13,6,0,0,0,0,1,6,5.0,5.0,5.0,5.0,5.0,50.0,0,0,1,0
independent,13.125,4499.3102,2.0,undefined,544,48,0,6,12,3,1,1,0,0,0,3,4.0,4.0,5.0,4.0,4.25,487.0,1,0,1,0
independent,11.625,4499.3102,1.0,undefined,254,48,0,6,12,3,0,0,0,0,0,3,4.0,4.0,5.0,4.0,4.25,491.0,0,0,0,0
independent,5.385,3078.4754,1.0,undefined,214214,49,1,32,5,0,0,1,1,0,0,3,4.0,4.0,4.0,4.0,4.0,2115.0,0,1,1,0
Satya Merano Greens,2.4000000000000004,1453.1265,2.0,Immediate,16100000,11,2,1,0,0,0,0,0,0,1,1,4.0,3.0,3.0,3.0,3.25,378.0,0,0,0,0
independent,5.835,2249.6551,1.0,Immediate,38800000,0,0,0,0,0,0,0,0,0,1,0,4.0,4.5,4.0,4.0,4.125,512.0,0,0,0,0
Satya Merano Greens,2.55,1453.1265,2.0,Within_6_months,105000,11,2,1,0,0,0,0,0,0,0,1,4.0,3.0,3.0,3.0,3.25,956.0,0,0,0,0
JMS The Nation,2.19,1603.8211,1.0,undefined,C90,6,2,1,0,0,0,0,0,0,0,1,4.0,4.5,4.0,4.5,4.25,50.0,0,0,0,0
JMS The  Megha City sector 5 sohna,0.99,1076.39,1.0,undefined,A67,0,0,0,0,0,0,0,0,0,0,0,4.0,4.0,4.5,4.0,4.25,59.0,0,0,0,0
JMS mega city sector 5 sohna,1.2374999999999998,1345.4875,1.0,undefined,S45,0,0,0,0,0,0,0,0,0,0,0,4.0,4.0,4.5,4.0,4.25,55.0,0,0,0,0
independent,2.7750000000000004,904.1676,1.0,Immediate,Sector 47 Gurgaon,47,5,11,5,0,0,0,0,0,1,0,5.0,4.5,5.0,5.0,4.875,393.0,0,0,1,0
independent,0.27,1076.39,1.0,Immediate,Garhi Harsaru,0,0,0,0,0,0,0,0,0,1,0,4.0,3.0,4.0,3.0,3.5,187.0,0,0,0,0
independent,1.275,1130.2095,2.0,undefined,Sector 4 Gurgaon,0,0,0,0,0,0,0,0,0,0,0,5.0,5.0,5.0,5.0,5.0,1050.0,0,0,1,0
independent,0.75,807.2925,2.0,undefined,Sohna,0,0,0,0,0,0,0,0,0,0,0,4.0,4.0,5.0,4.0,4.25,590.0,0,0,1,0
independent,1.17,1270.1402,2.0,undefined,Sohna,0,0,0,0,0,0,0,0,0,0,0,4.0,4.0,5.0,4.0,4.25,590.0,0,0,1,0
independent,8.325,2701.7389,1.0,undefined,Sushant Lok Phase 3,45,5,7,13,0,0,0,0,0,0,2,4.0,4.0,4.0,4.0,4.0,71.0,0,0,0,0
BPTP Amstoria3.8 ★,12.0,4456.2546,4.0,undefined,446,11,2,1,0,0,0,0,0,0,0,2,4.0,4.5,4.0,4.0,4.125,151.0,0,0,0,0
independent,8.55,2701.7389,1.0,undefined,Sector 57 Gurgaon,45,5,10,6,0,1,0,0,0,0,2,4.0,4.0,4.0,4.0,4.0,72.0,1,0,0,1
Central Park Flower Valley,5.385,2174.3078,1.0,Immediate,Sector-33 Sohna,15,4,3,0,0,0,0,0,0,1,1,4.0,4.0,4.5,4.0,4.25,51.0,0,0,0,0
independent,12.57,4520.838,1.0,undefined,Sector 42 Gurgaon,44,2,3,13,2,0,0,0,0,0,3,4.0,4.0,4.5,4.0,4.25,198.0,0,0,0,0
independent,1.5,1797.5712999999998,1.0,Immediate,New Palam Vihar Phase 2,19,2,5,1,1,0,0,0,0,1,2,4.0,4.0,4.5,4.0,4.25,48.0,0,0,0,0
independent,1.125,1345.4875,1.0,Immediate,New Palam Vihar Phase 1,31,2,12,1,1,0,0,0,0,1,5,4.0,4.0,4.5,4.0,4.25,56.0,0,0,0,0
India Rashtra,3.45,1797.5712999999998,2.0,undefined,Sector 88A Gurgaon,11,3,2,0,0,0,0,0,0,0,1,4.0,4.0,4.5,4.0,4.25,270.0,0,0,0,0
Vatika Express City,3.195,1797.5712999999998,2.0,undefined,E Block,6,2,1,0,0,0,0,0,0,0,1,4.0,4.0,4.5,4.0,4.25,839.0,0,0,0,0
MRS 16 Acres,0.4499999999999999,904.1676,1.0,Immediate,A-35,0,0,0,0,0,0,0,0,0,1,0,4.0,4.0,4.0,4.0,4.0,30.0,0,0,0,0
MRS 16 Acres,1.2000000000000002,1797.5712999999998,1.0,Immediate,A-62,48,1,5,13,1,0,0,0,0,1,1,4.0,4.0,4.5,4.0,4.25,30.0,0,0,0,0
MRS 16 Acres,0.255,904.1676,1.0,Immediate,A-26,0,0,0,0,0,0,0,0,0,1,0,4.0,4.0,4.0,4.0,4.0,30.0,0,0,0,0
independent,4.005,1453.1265,1.0,Immediate,Sector 46 Gurgaon,47,6,8,6,0,0,1,0,0,1,0,4.0,4.0,5.0,4.0,4.25,135.0,0,0,1,0
independent,6.074999999999999,1829.863,1.0,undefined,Sector 46 Gurgaon,47,6,8,6,0,0,0,0,1,0,0,4.0,4.0,5.0,4.0,4.25,226.0,0,0,0,0
independent,5.699999999999999,204.5141,1.0,Immediate,Sector 45 Gurgaon,48,7,6,14,1,0,0,0,0,1,1,4.0,4.0,5.0,4.0,4.25,136.0,0,0,0,0
independent,6.855,2368.058,1.0,undefined,0001,45,5,10,6,0,0,0,0,0,0,2,4.0,4.0,4.0,4.0,4.0,225.0,0,0,0,0
MRS 16 Acres,1.0499999999999998,1797.5712999999998,1.0,Immediate,A-12,48,1,5,13,1,0,0,0,0,1,1,4.0,4.0,4.5,4.0,4.25,46.0,0,0,0,0
MRS 16 Acres,0.3675,1345.4875,1.0,Immediate,C-77,0,0,0,0,0,0,0,0,0,1,0,4.0,4.0,4.0,4.0,4.0,30.0,0,0,0,0
MRS 16 Acres,0.255,904.1676,1.0,Immediate,B-66,0,0,0,0,0,0,0,0,0,1,0,4.0,4.0,4.0,4.0,4.0,30.0,0,0,0,0
MRS 16 Acres,0.255,904.1676,1.0,Immediate,A26,0,0,0,0,0,0,0,0,0,1,0,4.0,4.0,4.0,4.0,4.0,30.0,0,0,0,0
MRS 16 Acres,0.24,75.34729999999999,1.0,Immediate,A-11,0,0,0,0,0,0,0,0,0,1,0,4.0,4.0,4.0,4.0,4.0,30.0,0,0,0,0
MRS 16 Acres,0.2249999999999999,904.1676,2.0,Immediate,B-97,0,0,0,0,0,0,0,0,0,1,0,4.0,4.0,4.0,4.0,4.0,30.0,0,0,0,0
Ansals Palam Vihar,9.735,4682.2965,1.0,Immediate,Palam Vihar,27,4,3,3,1,0,1,0,0,1,3,5.0,5.0,5.0,4.0,4.75,202.0,0,0,1,1
Central Park Flower Valley Mikasa Plots,5.46,2249.6551,2.0,undefined,I Block,7,1,1,0,1,1,0,0,0,0,2,4.0,4.0,4.5,4.0,4.25,55.0,1,0,0,0
independent,6.562815789473683,3616.6704,2.0,Immediate,DLF Phase 1,46,0,18,11,6,0,0,0,0,1,6,5.0,5.0,5.0,5.0,5.0,287.0,0,0,0,0
MRS 16 Acres,0.1124999999999999,452.0838,1.0,Immediate,A-33,0,0,0,0,0,0,0,0,0,1,0,4.0,4.0,4.0,4.0,4.0,30.0,0,0,0,0
MRS 16 Acres,0.18,75.34729999999999,1.0,Immediate,B-44,0,0,0,0,0,0,0,0,0,1,0,4.0,4.0,4.0,4.0,4.0,30.0,0,0,0,0
MRS 16 Acres,0.2249999999999999,904.1676,1.0,Immediate,A-87,0,0,0,0,0,0,0,0,0,1,0,4.0,4.0,4.0,4.0,4.0,30.0,0,0,0,0
MRS 16 Acres,0.2249999999999999,904.1676,1.0,Immediate,C-33,0,0,0,0,0,0,0,0,0,1,0,4.0,4.0,4.0,4.0,4.0,30.0,0,0,0,0
independent,10.8,2432.6414,2.0,Immediate,C Block Sushant Lok Phase 1,46,2,4,9,2,1,0,0,0,1,2,4.0,4.0,4.0,4.0,4.0,408.0,1,0,0,0
independent,10.8,2432.6414,2.0,undefined,Sushant Lok Phase 1,47,2,5,13,1,1,0,0,0,0,1,5.0,5.0,5.0,5.0,5.0,408.0,1,0,0,0
independent,12.3,2701.7389,1.0,Immediate,DLF Phase 1,46,0,18,11,6,0,0,0,0,1,6,5.0,5.0,5.0,5.0,5.0,373.0,0,0,0,0
independent,12.3,2432.6414,1.0,Immediate,5912,47,1,7,10,3,0,1,0,0,1,3,5.0,4.0,5.0,5.0,4.75,387.0,0,0,1,0
independent,6.735,2475.697,1.0,undefined,Sector 56 Gurgaon,47,4,5,14,3,0,0,0,0,0,5,4.0,5.0,5.0,4.0,4.5,412.0,0,0,0,0
sohna road,0.2249999999999999,904.1676,1.0,Immediate,B-79,0,0,0,0,0,0,0,0,0,1,0,4.0,4.0,4.0,4.0,4.0,30.0,0,0,0,0
Ansal API Versalia,6.675000000000001,2970.8364,1.0,undefined,G Block,9,0,2,0,1,0,0,0,0,0,2,5.0,4.0,4.0,5.0,4.5,83.0,0,0,0,0
Ansal API Versalia,3.87,1636.1128,2.0,undefined,G Block,9,0,2,0,1,1,0,0,0,0,2,5.0,4.0,4.0,5.0,4.5,80.0,1,0,0,0
independent,14.625,3767.365,2.0,Immediate,B Block Sushant Lok Phase 1,48,1,4,9,2,0,0,0,0,1,2,4.0,4.5,4.5,4.0,4.25,82.0,0,0,0,0
independent,13.5,4682.2965,1.0,Immediate,Palam Vihar,27,4,3,3,1,0,1,0,0,1,3,5.0,5.0,5.0,4.0,4.75,135.0,0,0,1,0
independent,2.25,43744.4896,1.0,Immediate,Bhiwadi Road,0,0,0,0,0,0,0,0,0,1,0,4.0,4.0,4.5,4.0,4.25,112.0,0,0,0,0
independent,2.79,1399.307,2.0,undefined,Sector 83 Gurgaon,11,0,1,0,0,0,0,0,0,0,0,5.0,5.0,4.0,5.0,4.75,487.0,0,0,0,0
NKV Residential Plots,0.4499999999999999,904.1676,2.0,undefined,Golf Course Extn. Road,15,1,2,1,0,0,0,0,0,0,1,4.0,4.0,4.5,4.0,4.25,1126.0,0,0,1,0
independent,3.0,1797.5712999999998,4.0,undefined,Sector 88A Gurgaon,3,0,1,0,0,1,1,0,0,0,1,4.0,4.0,4.5,4.0,4.25,285.0,1,0,1,0
BPTP Green Oaks,2.85,1184.029,2.0,undefined,A Block,10,3,1,0,1,0,0,0,0,0,2,5.0,4.0,4.0,4.0,4.25,156.0,0,0,0,0
Unitech South City 23.8 ★,12.419999999999998,3239.9339,3.0,undefined,009,45,3,11,7,0,0,0,0,0,0,0,5.0,5.0,5.0,4.0,4.75,104.0,0,0,0,1
Shree Vardhman City,1.6949999999999998,1130.2095,1.0,Immediate,Sohna,7,2,1,0,0,0,1,0,0,1,1,4.0,4.0,5.0,4.0,4.25,180.0,0,0,1,0
Emaar MGF Marbella,11.4,2400.3497,1.0,Immediate,Belleza,14,2,1,0,1,0,0,0,0,1,2,3.0,4.0,4.0,4.0,3.75,289.0,0,0,0,0
Emaar MGF Marbella,11.985,3153.8227,2.0,undefined,Sector 66 Gurgaon,14,2,1,0,1,0,0,0,0,0,2,3.0,4.0,4.0,4.0,3.75,255.0,0,0,0,0
Adani Brahma Samsara4.2 ★,7.649999999999999,2400.3497,1.0,undefined,A Block,12,3,1,0,1,0,0,0,0,0,2,4.5,5.0,3.5,4.5,4.375,320.0,0,0,0,1
Emaar Emerald Hills4.1 ★,9.0,2400.3497,2.0,undefined,Ivory Block,10,2,1,0,0,0,0,0,0,0,1,4.0,4.0,5.0,4.0,4.25,289.0,0,0,0,0
Ireo City Plots,6.66,2163.5439,1.0,Immediate,Sector 60 Gurgaon,15,3,3,0,0,0,0,0,0,1,0,4.5,5.0,3.5,4.5,4.375,168.0,0,0,0,0
Adani Brahma Samsara Vilasa,7.649999999999999,2400.3497,1.0,undefined,Plot,13,2,1,0,1,0,0,0,0,0,2,4.0,4.0,4.5,4.0,4.25,199.0,0,0,0,0
DLF Alameda,3.51,1345.4875,2.0,undefined,Sector 73 Gurgaon,8,2,1,0,0,0,0,0,0,0,2,4.0,4.0,4.5,4.0,4.25,99.0,0,0,0,0
independent,6.9750000000000005,3078.4754,1.0,undefined,0210,49,5,9,10,0,0,0,0,0,0,0,4.0,4.0,5.0,4.0,4.25,175.0,0,0,0,1
Vatika One Express City,3.75,2163.5439,2.0,undefined,10...,6,1,1,0,0,0,0,0,0,0,1,4.0,4.0,4.5,4.0,4.25,649.0,0,0,1,0
independent,8.25,3326.0451,1.0,undefined,011,49,5,9,10,0,0,0,0,0,0,0,4.0,4.0,5.0,4.0,4.25,125.0,0,0,0,0
independent,6.15,2389.5858,2.0,Immediate,1358,48,5,10,8,0,0,0,0,0,1,0,3.0,5.0,4.0,4.0,4.0,78.0,0,0,0,0
independent,1.515,1442.3626,1.0,Immediate,Sai Kunj Block E,27,4,3,2,1,0,0,0,0,1,3,4.0,4.0,4.5,4.0,4.25,84.0,0,0,1,0
ROF Insignia Park 2,1.95,150.69459999999998,1.0,undefined,Sector 95 Gurgaon,5,1,1,0,0,0,0,0,0,0,1,4.0,4.5,4.0,4.5,4.25,2025.0,0,0,1,0
Vatika Aspiration,2.475,1603.8211,2.0,undefined,Ddjay A7,0,0,0,0,0,0,0,0,0,0,0,4.0,4.0,4.5,4.0,4.25,797.0,0,0,1,0
independent,9.435,3078.4754,1.0,undefined,Sector 45 Gurgaon,48,7,6,14,1,0,0,0,0,0,1,4.0,4.0,5.0,4.0,4.25,223.0,0,0,0,0
independent,7.035,2368.058,1.0,undefined,Sector 45 Gurgaon,48,7,6,14,1,0,0,0,0,0,1,4.0,4.0,5.0,4.0,4.25,506.0,0,0,0,0
independent,12.375,4520.838,1.0,Immediate,Sector 45 Gurgaon,48,7,6,14,1,0,0,0,0,1,1,4.0,4.0,5.0,4.0,4.25,300.0,0,0,0,0
independent,26.25,5381.95,2.0,Immediate,DLF Phase 1,46,0,18,11,6,1,0,0,0,1,6,5.0,5.0,5.0,5.0,5.0,177.0,1,0,0,0
Emaar MGF Marbella,11.22,2400.3497,2.0,undefined,15b,14,2,1,0,1,0,0,0,0,0,2,3.0,4.0,4.0,4.0,3.75,180.0,0,0,0,0
Experion The Westerlies,3.75,182.9863,2.0,undefined,Street,9,3,1,0,0,0,0,0,0,0,1,4.0,4.5,4.5,4.5,4.375,253.0,0,0,0,0
Experion The Westerlies,3.795,1625.3489,2.0,undefined,Sector 108 Gurgaon,9,3,1,0,0,0,0,0,0,0,1,4.0,4.5,4.5,4.5,4.375,34.0,0,0,0,0
Supertech Hill Town,2.085,1840.6269,1.0,undefined,Sector-2 Sohna,8,2,1,0,0,0,0,0,0,0,1,4.0,4.0,4.5,4.0,4.25,98.0,0,0,0,0
Supertech Hill Estate,1.5,1194.7929,1.0,undefined,Sohna,6,1,1,0,0,0,0,0,0,0,0,4.0,4.0,5.0,4.0,4.25,91.0,0,0,0,0
BPTP Amstoria3.8 ★,6.300000000000001,301.3892,2.0,undefined,A 100,11,2,1,0,0,0,0,0,0,0,2,4.0,4.5,4.0,4.0,4.125,166.0,0,0,0,0
Corona Greens,0.9333,1097.9178,1.0,undefined,Sohna,6,2,1,0,0,0,0,0,0,0,1,4.0,4.0,5.0,4.0,4.25,155.0,0,0,0,0
Emaar Emerald Hills4.1 ★,16.725,4520.838,1.0,undefined,Sector 65 Gurgaon,10,2,1,0,0,0,0,0,0,0,1,4.0,4.0,5.0,4.0,4.25,331.0,0,0,0,0
Emaar Emerald Hills4.1 ★,16.935,4520.838,1.0,undefined,002,10,2,1,0,0,0,0,0,0,0,1,4.0,4.0,5.0,4.0,4.25,331.0,0,0,0,0
Whiteland Blissville,2.895,304919.7592,3.0,undefined,231,11,2,2,0,1,0,0,0,0,0,2,4.0,4.0,4.5,4.0,4.25,856.0,0,0,0,0
independent,13.8,3239.9339,3.0,undefined,DLF Phase 4,47,1,7,10,3,1,0,0,0,0,3,5.0,4.0,5.0,5.0,4.75,51.0,1,0,0,0
independent,16.200000000000003,2163.5439,3.0,undefined,Golf Course Extn Road Facing,46,5,7,14,2,1,0,0,1,0,4,4.0,4.0,5.0,4.0,4.25,288.0,1,0,0,0
ATS Home Kraft,2.955,172.2224,2.0,undefined,Sohna,0,0,0,0,0,0,0,0,0,0,0,4.0,4.0,4.0,5.0,4.25,1787.0,0,0,0,0
ATS Home Kraft,3.1500000000000004,1603.8211,2.0,undefined,Sohna,0,0,0,0,0,0,0,0,0,0,0,4.0,4.0,4.0,5.0,4.25,1787.0,0,0,0,0
Shree Vardhman City,1.4249999999999998,1130.2095,1.0,undefined,Sohna,7,2,1,0,0,0,0,0,0,0,1,4.0,4.0,5.0,4.0,4.25,162.0,0,0,0,0
independent,9.03,4520.838,1.0,Immediate,Sector 38 Gurgaon,47,4,12,7,0,0,0,0,0,1,0,4.0,4.0,5.0,4.0,4.25,535.0,0,0,0,0
independent,7.875,3239.9339,1.0,undefined,Palam Vihar,27,4,3,3,1,0,0,0,0,0,3,5.0,5.0,5.0,4.0,4.75,133.0,0,0,0,0
independent,11.475,4682.2965,1.0,Immediate,Palam Vihar,27,4,3,3,1,0,0,0,0,1,3,5.0,5.0,5.0,4.0,4.75,133.0,0,0,0,0
independent,9.75,3239.9339,2.0,undefined,Corner,49,4,9,13,0,1,0,0,0,0,0,5.0,5.0,5.0,4.0,4.75,85.0,1,0,0,1
independent,8.774999999999999,2389.5858,1.0,undefined,18 Meter Road,48,6,6,13,1,0,0,0,0,0,1,4.0,4.0,4.0,4.0,4.0,92.0,0,0,0,0
independent,5.1,1646.8767,2.0,undefined,Emmar India Sector 62,24,1,5,4,0,0,0,0,0,0,0,4.0,5.0,4.0,4.0,4.25,155.0,0,0,0,0
independent,10.65,3433.6841,2.0,undefined,Corner,49,4,9,13,0,1,0,0,0,0,0,5.0,5.0,5.0,4.0,4.75,70.0,1,0,0,0
independent,16.5,4520.838,2.0,undefined,24 Meter Road,48,6,6,14,1,0,0,0,0,0,1,4.5,4.0,5.0,4.5,4.5,58.0,0,0,0,0
independent,18.75,7534.73,2.0,undefined,Golf Course Extension Road,45,5,7,13,0,0,0,0,0,0,2,4.0,4.0,4.0,4.0,4.0,108.0,0,0,0,0
DLF City Plots Phase 3,8.024999999999999,1937.502,3.0,Immediate,DLF Phase 3,44,0,16,12,6,0,0,0,0,1,6,4.0,5.0,5.0,4.0,4.5,85.0,0,0,0,0
Atulyam-83,2.625,1367.0153,2.0,undefined,A-49,11,0,1,0,0,0,0,0,0,0,0,5.0,5.0,4.0,5.0,4.75,155.0,0,0,0,0
Vatika India Next Plots3.6 ★,5.625,2701.7389,2.0,undefined,Vatika,15,2,5,1,0,0,0,0,0,0,0,5.0,5.0,4.0,5.0,4.75,188.0,0,0,1,0
AB Realty The Valencia,3.54,1571.5294,1.0,undefined,Valencia,6,0,1,1,0,0,0,0,0,0,0,4.0,4.0,4.5,4.0,4.25,358.0,0,0,0,0
independent,14.25,3218.4061,2.0,Immediate,DLF Phase 4,47,1,7,10,3,0,0,0,0,1,3,5.0,4.0,5.0,5.0,4.75,70.0,0,0,0,0
orris atulyam 83,2.61,1367.0153,2.0,undefined,A-50,11,0,1,0,0,0,0,0,0,0,0,5.0,5.0,4.0,5.0,4.75,251.0,0,0,1,0
independent,21.225,4520.838,1.0,undefined,1212,49,2,4,10,1,0,0,0,0,0,1,5.0,5.0,5.0,5.0,5.0,157.0,0,0,0,1
independent,21.0,4520.838,1.0,undefined,11111,49,2,4,10,1,0,0,0,0,0,1,5.0,5.0,5.0,5.0,5.0,201.0,0,0,0,0
independent,3.225,1614.585,2.0,undefined,Rampura,10,0,0,0,0,0,0,0,0,0,0,4.0,4.0,4.5,4.0,4.25,691.0,0,0,0,0
Vatika Xpressions,6.0,495.1394,2.0,undefined,Sec 88b,7,2,1,0,0,1,1,0,0,0,0,4.0,4.0,4.5,4.0,4.25,578.0,1,0,1,0
Vatika Xpressions,5.1,3595.1426,2.0,Immediate,Sec 88b,7,2,1,0,0,1,1,0,0,1,0,4.0,4.0,4.5,4.0,4.25,578.0,1,0,1,0
Vatika Xpressions,4.125,2432.6414,2.0,undefined,Sec 88b,7,2,1,0,0,1,1,0,0,0,0,4.0,4.0,4.5,4.0,4.25,578.0,1,0,1,0
independent,1.875,1173.2650999999998,2.0,undefined,Sec 88b,0,0,0,0,0,1,1,0,0,0,0,4.0,4.0,4.5,4.0,4.25,578.0,1,0,1,0
independent,1.35,807.2925,2.0,Immediate,Sec 88,0,0,0,0,0,1,1,0,0,1,0,4.0,4.0,4.5,4.0,4.25,578.0,1,0,1,0
Vatika Express City,2.91,1625.3489,2.0,Immediate,Sec 88a,6,2,1,0,0,0,0,0,0,1,1,4.0,4.0,4.5,4.0,4.25,605.0,0,0,0,0
independent,1.35,904.1676,2.0,undefined,Sector 95 Gurgaon,5,0,4,0,0,0,0,0,0,0,0,4.0,4.5,4.0,4.5,4.25,76.0,0,0,0,0
ROF Insignia Park 2,1.485,904.1676,1.0,undefined,Sector 95 Gurgaon,5,1,1,0,0,0,0,0,0,0,1,4.0,4.5,4.0,4.5,4.25,76.0,0,0,1,0
Vatika Xpressions,2.145,1345.4875,3.0,Future,Sector 88B Gurgaon,7,2,1,0,0,0,0,0,0,0,0,4.0,4.0,4.5,4.0,4.25,55.0,0,0,0,0
Mapsko plots gurgaon,3.075,182.9863,1.0,undefined,Sector 78 Gurgaon,8,0,2,0,0,0,0,0,0,0,0,4.0,4.0,5.0,4.0,4.25,47.0,0,0,0,0
Paras Ekam Homes,1.62,1614.585,3.0,Immediate,Sohna,15,2,0,0,0,0,0,0,0,1,1,4.0,4.0,5.0,4.0,4.25,212.0,0,0,0,0
Adani M2K Oyster Grande3.9 ★,2.985,1270.1402,1.0,undefined,Plot,11,4,1,0,0,0,0,0,0,0,1,4.0,4.5,4.0,4.0,4.125,281.0,0,0,0,0
independent,0.8999999999999999,1625.3489,1.0,undefined,Rajiv Chowk,49,2,23,4,0,0,0,0,0,0,1,3.5,4.0,4.0,4.0,3.875,204.0,0,0,0,0
DLF Gardencity,6.15,3153.8227,2.0,Immediate,Sector 91 Gurgaon,7,2,1,0,0,0,0,0,0,1,1,4.0,4.0,3.0,4.5,3.875,505.0,0,0,1,0
independent,5.625,2368.058,2.0,undefined,Sector 52 Gurgaon,44,4,5,10,0,1,0,0,0,0,2,4.0,5.0,5.0,4.0,4.5,184.0,1,0,0,0
DLF Gardencity,5.775,3153.8227,2.0,Immediate,Sec-91 Gurgaon,7,2,1,0,0,0,0,0,0,1,1,4.0,4.0,3.0,4.5,3.875,704.0,0,0,1,0
independent,11.25,301.3892,1.0,Immediate,Sushant Lok 1,47,2,5,13,1,0,0,0,0,1,1,5.0,5.0,5.0,5.0,5.0,80.0,0,0,0,0
Experion The Westerlies,3.78,1625.3489,1.0,undefined,F 12,9,3,1,0,0,0,0,0,0,0,1,4.0,4.5,4.5,4.5,4.375,54.0,0,0,0,0
Vatika Aspiration,2.79,182.9863,1.0,undefined,Sector 88B Gurgaon,12,2,0,0,1,0,0,0,0,0,2,4.0,4.0,4.5,4.0,4.25,51.0,0,0,0,0
independent,7.5,2701.7389,1.0,Immediate,A107,48,4,11,6,0,0,0,0,0,1,1,4.0,4.0,4.0,4.0,4.0,108.0,0,0,0,0
independent,7.5,4499.3102,2.0,undefined,A-7/5,8,0,4,0,0,0,0,0,0,0,0,5.0,4.0,4.0,3.0,4.0,200.0,0,0,0,0
independent,5.25,2518.7526,2.0,Immediate,Sector 91 Gurgaon,12,0,5,0,0,0,0,0,0,1,0,4.0,4.0,3.0,4.5,3.875,167.0,0,0,0,0
Unitech Uniworld Resorts,8.25,4499.3102,2.0,undefined,Sector 33 Gurgaon,46,1,19,5,0,0,0,0,0,0,0,3.0,4.0,4.0,4.0,3.75,156.0,0,0,0,1
independent,7.1850000000000005,3078.4754,1.0,Immediate,Sector 38 Gurgaon,47,4,12,7,0,0,0,0,0,1,0,4.0,4.0,5.0,4.0,4.25,88.0,0,0,0,0
independent,9.27,4682.2965,1.0,Immediate,Palam Vihar,27,4,3,3,1,0,0,0,0,1,3,5.0,5.0,5.0,4.0,4.75,431.0,0,0,0,0
independent,3.375,904.1676,1.0,undefined,001,44,2,3,13,2,0,0,0,0,0,3,4.0,4.0,4.5,4.0,4.25,220.0,0,0,0,0
independent,2.925,904.1676,1.0,Immediate,Sector 46 Gurgaon,47,6,8,6,0,0,0,0,0,1,0,4.0,4.0,5.0,4.0,4.25,157.0,0,0,0,0
independent,11.235,4520.838,1.0,Immediate,Sector 52 Gurgaon,44,4,5,10,0,0,0,0,1,1,2,4.0,5.0,5.0,4.0,4.5,329.0,0,0,0,0
independent,5.699999999999999,1453.1265,1.0,Immediate,Sector 42 Gurgaon,44,2,3,13,2,0,0,0,0,1,3,4.0,4.0,4.5,4.0,4.25,170.0,0,0,0,0
independent,5.985,1453.1265,1.0,Immediate,Sector 43 Gurgaon,46,1,5,9,3,0,0,0,0,1,3,4.0,4.0,5.0,4.0,4.25,218.0,0,0,0,0
Vatika Xpressions,4.949999999999999,2701.7389,2.0,undefined,Sector 88B Gurgaon,7,2,1,0,0,0,0,0,0,0,0,4.0,4.0,4.5,4.0,4.25,687.0,0,0,1,0
independent,6.75,217796.7526,2.0,undefined,A20,47,3,15,5,0,0,0,0,0,0,0,4.0,4.0,4.5,4.0,4.25,905.0,0,0,0,0
ROF Insignia Park,1.62,1259.3763,3.0,undefined,111,14,1,1,0,0,0,0,0,0,0,1,4.0,4.0,4.5,4.0,4.25,468.0,0,0,1,0
Malibu Towne,31.92,9579.871,4.0,Immediate,Malibu Town,45,5,11,5,0,0,0,0,0,1,0,5.0,4.0,5.0,5.0,4.75,313.0,0,0,0,0
Malibu Towne,6.9,1797.5712999999998,2.0,Immediate,Malibu Town,45,5,11,5,0,0,0,0,0,1,0,5.0,4.0,5.0,5.0,4.75,313.0,0,0,0,0
Malibu Towne,6.375,1786.8074,2.0,Immediate,Malibu Town,45,5,11,5,0,0,0,0,0,1,0,5.0,4.0,5.0,5.0,4.75,313.0,0,0,0,0
Vipul World3.9 ★,4.47,1732.9879,2.0,undefined,Sector 48 Gurgaon,15,2,3,1,0,0,1,0,0,0,1,4.0,4.0,5.0,4.0,4.25,101.0,0,0,1,1
independent,9.75,4499.3102,2.0,Immediate,Sector 46 Gurgaon,47,6,8,6,0,0,0,0,0,1,0,4.0,4.0,5.0,4.0,4.25,63.0,0,0,0,0
independent,8.7,3078.4754,3.0,Immediate,Sector 46 Gurgaon,47,6,8,6,0,0,0,0,0,1,0,4.0,4.0,5.0,4.0,4.25,68.0,0,0,0,0
independent,10.125,4499.3102,2.0,Immediate,Sector 51 Gurgaon,46,5,11,7,0,0,0,0,0,1,0,5.0,4.0,5.0,4.0,4.5,101.0,0,0,0,0
independent,7.125,2368.058,2.0,Immediate,Sector 51 Gurgaon,46,5,11,7,0,0,0,0,0,1,0,5.0,4.0,5.0,4.0,4.5,67.0,0,0,1,0
independent,4.050000000000001,1550.0016,2.0,Immediate,Sector 51 Gurgaon,46,5,11,7,0,0,0,0,0,1,0,5.0,4.0,5.0,4.0,4.5,89.0,0,0,0,0
independent,3.75,43561.5033,4.0,undefined,0002,47,3,15,5,0,0,0,0,0,0,0,4.0,4.0,4.5,4.0,4.25,104.0,0,0,0,0
Emaar Emerald Hills4.1 ★,13.35,4499.3102,2.0,Future,Sector 65 Gurgaon,10,2,1,0,0,0,0,0,0,0,1,4.0,4.0,5.0,4.0,4.25,353.0,0,0,0,0
independent,4.050000000000001,1453.1265,1.0,undefined,0000,47,6,8,6,0,0,0,0,1,0,0,4.0,4.0,5.0,4.0,4.25,263.0,0,0,0,0
Ansals Palam Vihar,7.5,3196.8783,1.0,Immediate,Palam Vihar,27,4,3,3,1,0,0,0,0,1,3,5.0,5.0,5.0,4.0,4.75,48.0,0,0,0,1
Ansals Palam Vihar,7.5,3379.8646,1.0,Immediate,Palam Vihar,27,4,3,3,1,0,0,0,0,1,3,5.0,5.0,5.0,4.0,4.75,47.0,0,0,1,0
Ansals Palam Vihar,7.125,3196.8783,1.0,Immediate,Palam Vihar,27,4,3,3,1,0,0,0,0,1,3,5.0,5.0,5.0,4.0,4.75,53.0,0,0,0,1
Ansals Palam Vihar,10.5,4865.2828,1.0,Immediate,Palam Vihar,27,4,3,3,1,1,0,0,0,1,3,5.0,5.0,5.0,4.0,4.75,61.0,1,0,1,1
BPTP Amstoria3.8 ★,5.82,2249.6551,1.0,Immediate,Sector 102 Gurgaon,11,2,1,0,0,0,0,0,0,1,2,4.0,4.5,4.0,4.0,4.125,1888.0,0,0,1,0
Anant Raj Estates,8.43,3078.4754,1.0,Immediate,B Block,10,2,1,0,1,0,0,0,0,1,3,4.0,4.0,4.0,5.0,4.25,81.0,0,0,0,0
DLF City Phase 1,14.625,4499.3102,1.0,Immediate,Sector 26 Gurgaon,46,0,19,9,6,0,0,0,0,1,6,4.0,4.0,4.5,4.0,4.25,137.0,0,0,0,0
independent,3.5250000000000004,1506.946,2.0,Immediate,0000,45,5,10,6,0,0,0,0,0,1,2,4.0,4.0,4.0,4.0,4.0,64.0,0,0,0,0
independent,12.195,4520.838,1.0,Immediate,Sector 40 Gurgaon,48,6,6,13,1,0,0,0,0,1,1,4.0,4.0,4.0,4.0,4.0,198.0,0,0,0,0
independent,8.100000000000001,3078.4754,1.0,undefined,Sector 39 Gurgaon,49,5,9,10,0,0,0,0,0,0,0,4.0,4.0,5.0,4.0,4.25,227.0,0,0,1,0
Paras Ekam Homes,1.404,1399.307,3.0,undefined,Sector-5 Sohna,0,0,0,0,0,0,0,0,0,0,0,4.0,4.0,4.5,4.0,4.25,447.0,0,0,0,0
Experion The Westerlies,3.9,1937.502,2.0,Immediate,Sector 108 Gurgaon,9,3,1,0,0,0,0,0,0,1,1,4.0,4.5,4.5,4.5,4.375,293.0,0,0,0,0
Skywhales Vienna Greens,2.25,1614.585,1.0,Within_3_months,Sector 99A Gurgaon,6,2,0,0,0,0,0,0,0,0,1,4.0,3.0,3.0,3.0,3.25,136.0,0,0,0,0
Adani M2K Oyster Grande3.9 ★,3.465,1399.307,1.0,undefined,Sector 102 Gurgaon,11,4,1,0,0,0,0,0,0,0,1,4.0,4.5,4.0,4.0,4.125,61.0,0,0,0,0
independent,0.5640000000000001,2109.7244,1.0,Immediate,Farrukh Nagar,14,0,13,0,0,0,0,0,0,1,0,4.0,4.0,4.5,4.0,4.25,53.0,0,0,0,0
independent,2.475,5489.589,1.0,Immediate,Farukhnagar,14,0,13,0,0,0,0,0,0,1,0,4.0,4.0,4.0,4.0,4.0,83.0,0,0,0,0
independent,0.5640000000000001,236.8058,1.0,Immediate,Farukhnagar,14,0,13,0,0,0,0,0,0,1,0,4.0,4.0,4.0,4.0,4.0,159.0,0,0,0,0
Ansals Palam Vihar,13.05,7201.049099999999,1.0,Immediate,Palam Vihar,27,4,3,3,1,0,0,0,0,1,3,5.0,5.0,5.0,4.0,4.75,189.0,0,0,0,0
independent,15.375,3616.6704,2.0,Immediate,DLF Phase 1,46,0,18,11,6,0,0,0,0,1,6,5.0,5.0,5.0,5.0,5.0,233.0,0,0,0,0
independent,6.824999999999999,2432.6414,1.0,Immediate,Palam Vihar,27,4,3,3,1,0,0,0,0,1,3,5.0,5.0,5.0,4.0,4.75,430.0,0,0,0,0
BPTP Amstoria3.8 ★,4.725,2023.6132,1.0,undefined,Sector 102 Gurgaon,11,2,1,0,0,0,0,0,0,0,2,4.0,4.5,4.0,4.0,4.125,1610.0,0,0,1,1
BPTP Amstoria3.8 ★,4.050000000000001,1625.3489,1.0,Immediate,Sector 102 Gurgaon,11,2,1,0,0,0,0,0,0,1,2,4.0,4.5,4.0,4.0,4.125,1610.0,0,0,1,1
Ansal API Esencia3.7 ★,9.75,4499.3102,1.0,Immediate,B Block,12,0,0,0,1,0,0,0,0,1,1,4.0,4.5,4.0,4.0,4.125,33.0,0,0,0,1
Orris Woodview Residencies,2.67,1646.8767,1.0,undefined,B-125,9,2,1,0,0,0,0,0,0,0,0,4.0,4.0,4.0,4.0,4.0,202.0,0,0,0,0
BPTP Amstoria3.8 ★,6.824999999999999,2927.7808,3.0,undefined,Sector 102 Gurgaon,11,2,1,0,0,0,0,0,0,0,2,4.0,4.5,4.0,4.0,4.125,222.0,0,0,0,0
huda sector 50,7.08,2432.6414,1.0,undefined,567,45,4,10,8,0,0,0,0,0,0,0,5.0,5.0,5.0,4.0,4.75,468.0,0,0,1,0
DLF South City 1,6.15,1625.3489,1.0,Immediate,South City 1,49,2,4,10,1,0,0,0,0,1,1,5.0,5.0,5.0,5.0,5.0,139.0,0,0,0,0
independent,5.775,1345.4875,1.0,undefined,Dlf Phase 2,44,0,9,13,5,0,0,0,0,0,5,5.0,5.0,5.0,5.0,5.0,148.0,0,0,0,0
independent,3.6,1453.1265,1.0,Immediate,Sector 38 Gurgaon,47,4,12,7,0,0,0,0,0,1,0,4.0,4.0,5.0,4.0,4.25,457.0,0,0,0,0
Rishali Luxe Residency 112,2.58,129.1668,1.0,undefined,A Block,12,2,1,0,1,0,0,1,0,0,3,5.0,4.0,4.0,3.0,4.0,464.0,0,1,0,0
Vatika India Next Plots3.6 ★,4.845,3153.8227,2.0,undefined,Sector 83 Gurgaon,15,2,5,1,0,0,0,0,0,0,0,5.0,5.0,4.0,5.0,4.75,117.0,0,0,0,0
independent,3.57,1786.8074,2.0,undefined,Sector 88A Gurgaon,3,0,1,0,0,0,0,0,0,0,1,4.0,4.0,4.5,4.0,4.25,159.0,0,0,0,0
India Rashtra,3.42,1797.5712999999998,2.0,undefined,Sector 88A Gurgaon,11,3,2,0,0,0,0,0,0,0,1,4.0,4.0,4.5,4.0,4.25,391.0,0,0,0,0
independent,3.3000000000000003,1797.5712999999998,4.0,undefined,Sector 88A Gurgaon,3,0,1,0,0,0,0,0,0,0,1,4.0,4.0,4.5,4.0,4.25,189.0,0,0,0,0
DLF City Phase 1,10.5,2432.6414,1.0,undefined,Sector 26 Gurgaon,48,0,6,12,6,0,0,0,0,0,6,4.0,4.0,4.5,4.0,4.25,85.0,0,0,0,0
Vatika One India Next,3.57,1786.8074,2.0,Future,Sector 82A Gurgaon,10,0,1,0,0,0,0,0,0,0,0,5.0,5.0,5.0,5.0,5.0,391.0,0,0,0,0
Vatika India Next4.1 ★,3.3000000000000003,1797.5712999999998,2.0,undefined,Sector 82 Gurgaon,8,2,1,0,0,0,0,1,0,0,1,4.0,4.0,4.0,4.0,4.0,476.0,0,1,0,0
G99,4.965,2292.7107,2.0,undefined,Sector 99 Gurgaon,10,2,1,0,0,0,0,0,0,0,1,4.5,4.0,4.5,4.5,4.375,358.0,0,0,0,0
independent,3.6,204.5141,2.0,undefined,Sector 108 Gurgaon,0,0,0,0,0,0,0,0,0,0,0,4.0,4.5,4.5,4.5,4.375,498.0,0,0,0,0
BPTP Amstoria3.8 ★,3.9,1797.5712999999998,2.0,undefined,Sector 102 Gurgaon,11,2,1,0,0,0,0,1,0,0,2,4.0,4.5,4.0,4.0,4.125,433.0,0,1,0,0
Vatika India Next4.1 ★,4.74,3153.8227,1.0,Immediate,Sector 82 Gurgaon,8,2,1,0,0,0,0,0,0,1,1,4.0,4.0,4.0,4.0,4.0,47.0,0,0,0,0
independent,6.525,2701.7389,2.0,undefined,Sector 99 Gurgaon,0,0,0,0,0,0,0,0,0,0,0,4.5,4.0,4.5,4.5,4.375,39.0,0,0,0,0
independent,5.625,2249.6551,2.0,undefined,Sector 102 Gurgaon,0,0,0,0,0,0,0,0,0,0,0,4.0,4.5,4.0,4.0,4.125,33.0,0,0,0,0
Emaar Emerald Hills,5.1450000000000005,1625.3489,2.0,undefined,Sector 62 Gurgaon,24,1,5,4,0,0,0,0,0,0,0,4.0,5.0,4.0,4.0,4.25,101.0,0,0,0,0
Vatika Express City,4.1850000000000005,2432.6414,2.0,undefined,Sector 88A Gurgaon,6,2,1,0,0,0,0,0,0,0,1,4.0,4.0,4.5,4.0,4.25,62.0,0,0,0,0
independent,2.7,904.1676,1.0,undefined,Sector 40 Gurgaon,48,6,6,13,1,0,0,0,0,0,1,4.0,4.0,4.0,4.0,4.0,198.0,0,0,0,0
Central Park Flower Valley Mikasa Plots,3.3000000000000003,3595.1426,1.0,Immediate,Sector-33 Sohna,7,1,1,0,1,0,0,0,0,1,2,4.0,4.0,4.5,4.0,4.25,1277.0,0,0,1,0
independent,10.305,2701.7389,1.0,Immediate,C Block Sushant Lok Phase 1,46,2,4,9,2,0,0,0,0,1,2,4.0,4.0,4.0,4.0,4.0,319.0,0,0,0,0
independent,8.355,1937.502,1.0,Immediate,C Block Sushant Lok Phase 1,46,2,4,9,2,0,0,0,0,1,2,4.0,4.0,4.0,4.0,4.0,151.0,0,0,0,0
independent,5.699999999999999,204.5141,1.0,Immediate,Sector 57 Gurgaon,45,5,10,6,0,0,0,0,0,1,2,4.0,4.0,4.0,4.0,4.0,131.0,0,0,0,0
independent,8.205,3078.4754,1.0,undefined,0001,45,5,10,6,0,0,0,0,0,0,2,4.0,4.0,4.0,4.0,4.0,127.0,0,0,0,0
Breez Flora Avenue 88A,2.58,172.2224,2.0,undefined,Sector 88A Gurgaon,8,2,1,0,1,0,0,0,0,0,2,4.0,4.0,4.5,4.0,4.25,1379.0,0,0,0,0
Breez Flora Avenue 88A,2.205,1334.7236,2.0,undefined,Sector 88A Gurgaon,8,2,1,0,1,0,0,0,0,0,2,4.0,4.0,4.5,4.0,4.25,1379.0,0,0,0,0
independent,2.4000000000000004,990.2788,2.0,Immediate,Sector 51 Gurgaon,46,5,11,7,0,1,0,0,0,1,0,5.0,4.0,5.0,4.0,4.5,101.0,1,0,1,0
independent,3.285,1453.1265,1.0,Immediate,Sector 52 Gurgaon,44,4,5,10,0,0,0,0,0,1,2,4.0,5.0,5.0,4.0,4.5,125.0,0,0,0,0
ROF Normanton Park,1.6350000000000002,1151.7373,2.0,undefined,Sohna,9,2,1,0,0,0,0,0,0,0,0,4.0,4.0,5.0,4.0,4.25,837.0,0,0,1,0
ROF Normanton Park,1.92,1356.2514,2.0,undefined,Sohna,9,2,1,0,0,0,0,0,0,0,0,4.0,4.0,5.0,4.0,4.25,837.0,0,0,1,0
BPTP Astaire Gardens3.7 ★,3.915,1560.7655,2.0,undefined,A-1000,12,2,0,0,1,0,0,0,0,0,3,5.0,4.0,4.0,4.0,4.25,44.0,0,0,1,0
Vatika India Next,3.825,2701.7389,1.0,undefined,Sector 82A Gurgaon,10,0,1,0,0,0,0,0,0,0,0,5.0,5.0,5.0,5.0,5.0,1349.0,0,0,1,0
Orris Atulyam83,2.595,1345.4875,2.0,undefined,Sector 83 Gurgaon,11,0,1,0,0,0,0,0,0,0,0,5.0,5.0,4.0,5.0,4.75,1349.0,0,0,1,0
Orris Atulyam 83,2.445,1345.4875,1.0,undefined,Sector 83 Gurgaon,11,0,1,0,0,0,0,0,0,0,0,5.0,5.0,4.0,5.0,4.75,1349.0,0,0,1,0
Ramprastha City,4.35,3853.4762,2.0,undefined,Sector 95 Gurgaon,5,0,4,0,0,0,0,0,0,0,0,4.0,4.5,4.0,4.5,4.25,1349.0,0,0,1,0
independent,8.49,2540.2804,1.0,undefined,Block G,49,2,4,10,1,0,0,0,0,0,1,5.0,5.0,5.0,5.0,5.0,127.0,0,0,0,0
BPTP Astaire Gardens3.7 ★,5.475,1345.4875,2.0,undefined,A-30,12,2,0,0,1,0,0,0,0,0,3,5.0,4.0,4.0,4.0,4.25,247.0,0,0,1,0
independent,10.725,2701.7389,1.0,Immediate,C Block Sushant Lok Phase 1,46,2,4,9,2,0,0,0,0,1,2,4.0,4.0,4.0,4.0,4.0,158.0,0,0,0,0
independent,10.65,2701.7389,1.0,Immediate,B Block Sushant Lok Phase 1,48,1,4,9,2,1,0,0,0,1,2,4.0,4.5,4.5,4.0,4.25,132.0,1,0,0,1
independent,12.6,2701.7389,2.0,undefined,DLF Phase 2,44,0,9,13,5,0,0,0,0,0,5,5.0,5.0,5.0,5.0,5.0,138.0,0,0,0,1
independent,13.725,3239.9339,1.0,undefined,DLF Phase 4,47,1,7,10,3,0,0,0,0,0,3,5.0,4.0,5.0,5.0,4.75,150.0,0,0,0,1
independent,9.975,2249.6551,1.0,undefined,DLF Phase 2,44,0,9,13,5,0,0,0,0,0,5,5.0,5.0,5.0,5.0,5.0,127.0,0,0,0,1
SUSHANT  LOK-1,11.85,2701.7389,2.0,undefined,Block -B Sushant Lok-1,47,2,5,13,1,1,0,0,0,0,1,5.0,5.0,5.0,5.0,5.0,52.0,1,0,0,0
Vaishnav Residency Gurgaon,0.8280000000000001,904.1676,2.0,undefined,Sector 72a,46,3,14,5,0,1,1,0,0,0,0,4.0,4.0,4.5,4.0,4.25,2009.0,1,0,1,0
Vaishnav Residency Sector72A,0.82965,914.9315,2.0,undefined,120,46,3,14,5,0,1,1,0,0,0,0,4.0,4.0,4.5,4.0,4.25,2009.0,1,0,1,0
ROF Normanton Park,2.07,1291.668,2.0,undefined,Sohna,9,2,1,0,0,0,0,0,0,0,0,4.0,4.0,5.0,4.0,4.25,325.0,0,0,0,0
independent,4.65,150.69459999999998,1.0,Immediate,C Block Sushant Lok Phase 1,46,2,4,9,2,0,0,0,0,1,2,4.0,4.0,4.0,4.0,4.0,105.0,0,0,0,0
Unitech Palms South City 1,42.0,9020.1482,1.0,Immediate,Near Huda Metro Station,49,2,4,10,1,0,0,0,0,1,1,5.0,5.0,5.0,5.0,5.0,143.0,0,0,0,0
Vaishnav Enclave Phase2,0.42,1442.3626,2.0,undefined,Golf Course Extn. Road,18,0,6,6,0,1,1,0,0,0,0,5.0,4.0,4.0,5.0,4.5,2017.0,1,0,1,0
Vaishnav enclave,0.3042,1076.39,2.0,undefined,Badashapur,0,0,0,0,0,0,0,0,0,0,0,4.0,4.0,4.0,4.0,4.0,562.0,0,0,1,0
Vaishnav Enclav Badashpur,0.486,904.1676,2.0,undefined,120,46,0,13,11,0,1,1,0,0,0,0,4.0,4.0,5.0,4.0,4.25,2008.0,1,0,1,0
Vaishnav Enclav Badashapur,0.498,904.1676,2.0,undefined,120,47,3,15,5,0,1,1,0,0,0,0,4.0,4.0,4.5,4.0,4.25,2008.0,1,0,1,0
Unitech Aspen Greens,9.9,2163.5439,2.0,Future,Nirvana Country,44,4,9,8,0,0,0,0,0,0,0,5.0,5.0,5.0,5.0,5.0,51.0,0,0,0,0
BPTP Amstoria3.8 ★,3.945,2777.0862,1.0,Immediate,111,11,2,1,0,0,0,0,0,0,1,2,4.0,4.5,4.0,4.0,4.125,247.0,0,0,0,0
independent,4.199999999999999,1453.1265,1.0,undefined,0210,47,6,8,6,0,0,0,0,0,0,0,4.0,4.0,5.0,4.0,4.25,123.0,0,0,0,1
independent,6.2250000000000005,1937.502,1.0,undefined,002,47,5,11,5,0,0,0,0,0,0,0,5.0,4.5,5.0,5.0,4.875,120.0,0,0,0,1
independent,11.1,4520.838,1.0,undefined,0212,47,6,8,6,0,0,0,0,0,0,0,4.0,4.0,5.0,4.0,4.25,100.0,0,0,0,0
Ansal,7.35,215.278,2.0,Immediate,A,46,2,4,9,2,0,0,0,0,1,2,4.0,4.0,4.0,4.0,4.0,449.0,0,0,0,0
independent,1.5750000000000002,538.1949999999999,1.0,Immediate,000,48,6,6,13,1,0,0,0,0,1,1,4.0,4.0,4.0,4.0,4.0,187.0,0,0,0,0
independent,7.5,1840.6269,1.0,Immediate,Sector 51 Gurgaon,46,5,11,7,0,0,0,0,0,1,0,5.0,4.0,5.0,4.0,4.5,97.0,0,0,0,0
independent,5.85,2368.058,1.0,undefined,Sector 9 Gurgaon,50,1,38,5,0,0,0,0,0,0,1,4.0,4.0,4.0,4.0,4.0,254.0,0,0,0,0
independent,3.75,2249.6551,4.0,undefined,Sector 88A Gurgaon,3,0,1,0,0,0,0,0,0,0,1,4.0,4.0,4.5,4.0,4.25,382.0,0,0,0,0
Raheja Vanya,2.325,1399.307,1.0,undefined,Ddjay,9,2,1,0,1,0,0,0,0,0,3,4.0,3.0,3.0,3.0,3.25,217.0,0,0,0,0
HUDA Housing Board Colony,4.485,1463.8904,2.0,undefined,002,44,2,3,13,2,0,0,0,1,0,3,4.0,4.0,4.5,4.0,4.25,143.0,0,0,1,0
Emaar Emerald Hills4.1 ★,14.4,3595.1426,2.0,undefined,124,10,2,1,0,0,0,0,0,0,0,1,4.0,4.0,5.0,4.0,4.25,311.0,0,0,1,0
Emaar Emerald Hills4.1 ★,12.6,3153.8227,2.0,undefined,126,10,2,1,0,0,0,0,0,0,0,1,4.0,4.0,5.0,4.0,4.25,252.0,0,0,0,0
Emaar MGF Marbella,12.015,2400.3497,2.0,undefined,15a,14,2,1,0,1,0,1,0,0,0,2,3.0,4.0,4.0,4.0,3.75,213.0,0,0,1,0
independent,8.925,3153.8227,2.0,undefined,126,48,7,6,14,1,0,0,0,0,0,1,4.0,4.0,5.0,4.0,4.25,195.0,0,0,0,0
DLF Alameda,14.925,4843.755,2.0,undefined,B 15,8,2,1,0,0,0,1,0,0,0,2,4.0,4.0,4.5,4.0,4.25,178.0,0,0,1,0
independent,4.949999999999999,1625.3489,2.0,undefined,126,48,0,6,12,3,0,0,0,0,0,3,4.0,4.0,5.0,4.0,4.25,138.0,0,0,0,1
Solutrean Gateway 95,1.7999999999999998,1345.4875,2.0,undefined,002,10,2,0,0,0,0,0,1,0,0,1,4.0,4.5,4.0,4.5,4.25,535.0,0,1,0,0
Emaar Emerald Hills4.1 ★,12.6,3153.8227,2.0,undefined,117,10,2,1,0,0,0,0,0,0,0,1,4.0,4.0,5.0,4.0,4.25,336.0,0,0,0,0
Emaar Emerald Hills4.1 ★,4.995,1636.1128,2.0,Within_6_months,123,10,2,1,0,0,0,0,0,0,0,1,4.0,4.0,5.0,4.0,4.25,71.0,0,0,0,0
independent,12.39,3229.17,2.0,undefined,126,45,4,11,6,0,0,0,0,0,0,0,5.0,4.0,5.0,5.0,4.75,177.0,0,0,0,1
Mapsko Aspr Hills,2.25,1033.3344,3.0,Future,Sector 78 Gurgaon,7,2,1,0,0,0,0,0,0,0,1,4.0,4.0,5.0,4.0,4.25,209.0,0,0,0,0
independent,11.25,4499.3102,3.0,undefined,0009,27,4,3,3,1,0,0,0,0,0,3,5.0,5.0,5.0,5.0,5.0,94.0,0,0,0,0
Central Park Flower Valley Mikasa Plots,6.705,2712.5028,1.0,undefined,J Block,7,1,1,0,1,0,0,0,0,0,2,4.0,4.0,4.5,4.0,4.25,175.0,0,0,1,0
ROF Normanton Park,2.25,1345.4875,2.0,undefined,Sohna,9,2,1,0,0,0,0,0,0,0,0,4.0,4.0,5.0,4.0,4.25,264.0,0,0,1,0
Supertech Hill Town,3.135,2690.975,1.0,Immediate,Sector-2,8,2,1,0,0,0,0,0,0,1,1,4.0,4.0,4.5,4.0,4.25,1275.0,0,0,1,0
independent,5.4,1776.0435,3.0,undefined,Sector 57 Gurgaon,45,5,10,6,0,0,0,0,0,0,2,4.0,4.0,4.0,4.0,4.0,292.0,0,0,1,0
Vatika Xpressions,1.98,1076.39,2.0,Within_6_months,Sector 88B Gurgaon,7,2,1,0,0,0,0,0,0,0,0,4.0,4.0,4.5,4.0,4.25,267.0,0,0,1,0
independent,6.720000000000001,2368.058,1.0,undefined,Sector 46 Gurgaon,47,6,8,6,0,0,0,0,0,0,0,4.0,4.0,5.0,4.0,4.25,66.0,0,0,0,0
independent,7.875,2163.5439,1.0,Immediate,Sushant Lok,49,0,4,12,4,0,0,0,0,1,4,5.0,5.0,5.0,5.0,5.0,663.0,0,0,0,0
BPTP Green Oaks,2.64,1184.029,2.0,undefined,Block-A,10,3,1,0,1,0,0,0,0,0,2,5.0,4.0,4.0,4.0,4.25,266.0,0,0,0,0
Supertech Hill Town,3.135,2690.975,1.0,undefined,Block-,8,2,1,0,0,0,0,0,0,0,1,4.0,4.0,4.5,4.0,4.25,221.0,0,0,0,0
Supertech Hill Town,3.1500000000000004,2690.975,1.0,undefined,Block -K,8,2,1,0,0,0,0,0,0,0,1,4.0,4.0,4.5,4.0,4.25,221.0,0,0,0,0
independent,10.125,2249.6551,2.0,Immediate,Sector 43 Gurgaon,46,1,5,9,3,1,0,0,1,1,3,4.0,4.0,5.0,4.0,4.25,131.0,1,0,0,0
Central Park Flower Valley,4.1850000000000005,1668.4045,2.0,undefined,Sector-33 Sohna,15,4,3,0,0,0,0,0,0,0,1,4.0,4.0,4.5,4.0,4.25,291.0,0,0,1,0
Central Park Flower Valley,5.4,2249.6551,2.0,undefined,Sector-33 Sohna,15,4,3,0,0,0,0,0,0,0,1,4.0,4.0,4.5,4.0,4.25,303.0,0,0,0,0
Central Park Flower Valley,5.445,2249.6551,2.0,undefined,Block-I,15,4,3,0,0,0,0,0,0,0,1,4.0,4.0,4.5,4.0,4.25,303.0,0,0,0,0
independent,12.0,3799.6567,1.0,Immediate,Main Road (Opp Spaze It Park),46,0,12,10,0,0,0,0,0,1,0,5.0,5.0,5.0,5.0,5.0,230.0,0,0,1,0
Paras Trade Centre,3.75,10893.0668,2.0,Immediate,Gwal Pahari,8,1,2,0,0,0,0,0,0,1,0,4.0,4.0,4.5,4.0,4.25,49.0,0,0,0,0
independent,6.6000000000000005,3239.9339,1.0,undefined,Palam Vihar,27,4,3,3,1,0,0,0,0,0,3,5.0,5.0,5.0,4.0,4.75,133.0,0,0,0,0
independent,5.505,1840.6269,1.0,Immediate,Sector 45 Gurgaon,48,7,6,14,1,0,0,0,0,1,1,4.0,4.0,5.0,4.0,4.25,220.0,0,0,0,0
independent,6.720000000000001,3078.4754,1.0,Immediate,Sector 38 Gurgaon,47,4,12,7,0,0,0,0,0,1,0,4.0,4.0,5.0,4.0,4.25,229.0,0,0,1,1
independent,1.4249999999999998,1151.7373,3.0,undefined,122,0,0,0,0,0,0,0,0,0,0,0,4.0,4.0,4.0,5.0,4.25,575.0,0,0,0,0
True Habitat 112,2.73,1259.3763,2.0,undefined,123,15,2,2,1,1,0,0,0,0,0,2,5.0,4.0,4.0,3.0,4.0,170.0,0,0,0,0
independent,3.585,1560.7655,1.0,Immediate,Palam Vihar,27,4,3,3,1,0,0,0,0,1,3,5.0,5.0,5.0,4.0,4.75,434.0,0,0,0,0
independent,7.274999999999999,3121.531,1.0,Immediate,Sector 57 Gurgaon,45,5,10,6,0,0,0,0,0,1,2,4.0,4.0,4.0,4.0,4.0,99.0,0,0,0,0
Central Park Flower Valley Mikasa Plots,5.625,2249.6551,2.0,Immediate,Sector-33 Sohna,7,1,1,0,1,0,0,0,0,1,2,4.0,4.0,4.5,4.0,4.25,122.0,0,0,1,0
RWA East Pocket4.0 ★,3.855,1323.9597,1.0,undefined,Sector 23 Gurgaon,27,4,2,3,1,0,0,0,0,0,3,4.0,5.0,5.0,4.0,4.5,101.0,0,0,0,0
RWA East Pocket4.0 ★,8.7,4520.838,1.0,undefined,012345,27,4,2,3,1,0,0,0,0,0,3,4.0,5.0,5.0,4.0,4.5,69.0,0,0,0,0
independent,6.93,3078.4754,1.0,Immediate,000,44,4,5,10,0,0,0,0,0,1,2,4.0,5.0,5.0,4.0,4.5,56.0,0,0,0,0
Experion The Westerlies,3.9,1625.3489,2.0,Future,Sector 108 Gurgaon,9,3,1,0,0,0,0,0,0,0,1,4.0,4.5,4.5,4.5,4.375,184.0,0,0,0,0
Experion The Westerlies,4.949999999999999,2421.8775,2.0,undefined,Sector 108 Gurgaon,9,3,1,0,0,0,0,0,0,0,1,4.0,4.5,4.5,4.5,4.375,170.0,0,0,0,0
independent,3.975,1797.5712999999998,2.0,undefined,Sector 9A Gurgaon,50,3,35,1,0,1,0,0,0,0,2,4.0,4.0,4.0,4.0,4.0,195.0,1,0,0,0
DLF Garden City Floors,6.18,3132.2949,1.0,undefined,Sector 91 Gurgaon,12,0,5,0,0,0,0,1,0,0,0,4.0,4.0,3.0,4.5,3.875,349.0,0,1,0,0
DLF Gardencity,6.0,3153.8227,1.0,undefined,B 55,7,2,1,0,0,0,0,0,0,0,1,4.0,4.0,3.0,4.5,3.875,330.0,0,0,0,0
DLF Alameda,18.9,6296.8815,1.0,undefined,700 Sq Yds Plot On 24 Mtr Road,8,2,1,0,0,0,0,0,0,0,2,4.0,4.0,4.5,4.0,4.25,124.0,0,0,0,0
Adani Brahma Samsara Vilasa,8.01,2400.3497,1.0,undefined,267 Sq Yds North Facing Plot,13,2,1,0,1,0,1,0,0,0,2,4.0,4.0,4.5,4.0,4.25,120.0,0,0,1,1
Central Park Flower Valley,6.87,2690.975,2.0,undefined,Sector-33 Sohna,15,4,3,0,0,0,0,0,0,0,1,4.0,4.0,4.5,4.0,4.25,683.0,0,0,1,0
Central Park Flower Valley,4.41,1711.4601,1.0,Immediate,Sector-33 Sohna,15,4,3,0,0,0,0,0,0,1,1,4.0,4.0,4.5,4.0,4.25,683.0,0,0,1,0
independent,6.75,4499.3102,1.0,undefined,Sector 9A Gurgaon,50,3,35,1,0,0,0,0,0,0,2,4.0,4.0,4.0,4.0,4.0,184.0,0,0,0,0
Central Park Flower Valley,5.91,2443.4053,1.0,Within_3_months,432,15,4,3,0,0,0,0,0,0,0,1,4.0,4.0,4.5,4.0,4.25,99.0,0,0,1,1
independent,5.43,1453.1265,1.0,undefined,Sector 43 Gurgaon,46,1,5,9,3,0,0,1,0,0,3,4.0,4.0,5.0,4.0,4.25,599.0,0,1,0,1
independent,1.875,548.9589,1.0,undefined,Sushant Lok Phase 1,47,2,5,13,1,0,0,0,1,0,1,5.0,5.0,5.0,5.0,5.0,77.0,0,0,0,0
independent,3.45,1453.1265,2.0,undefined,Sector 23A Gurgaon,26,4,3,3,1,1,0,0,0,0,2,5.0,4.0,4.0,5.0,4.5,73.0,1,0,1,0
independent,11.7,3078.4754,1.0,Immediate,Sector 51 Gurgaon,46,5,11,7,0,0,0,0,0,1,0,5.0,4.0,5.0,4.0,4.5,54.0,0,0,0,1
independent,17.700000000000003,4520.838,1.0,undefined,Sector 51 Gurgaon,46,5,11,7,0,0,0,0,0,0,0,5.0,4.0,5.0,4.0,4.5,39.0,0,0,0,1
independent,1.7999999999999998,538.1949999999999,2.0,undefined,C Block Sushant Lok Phase 1,46,2,4,9,2,0,0,1,1,0,2,4.0,4.0,4.0,4.0,4.0,535.0,0,1,0,0
Vatika India Next Plots3.6 ★,4.949999999999999,2701.7389,1.0,undefined,Sector 83 Gurgaon,15,2,5,1,0,0,0,0,0,0,0,5.0,5.0,4.0,5.0,4.75,316.0,0,0,0,0
independent,2.475,904.1676,1.0,Immediate,Sector 52 Gurgaon,44,4,5,10,0,0,0,0,1,1,2,4.0,5.0,5.0,4.0,4.5,80.0,0,0,0,1
DLF City Plots,6.562815789473683,8998.6204,2.0,undefined,Arjun Marg,8,2,1,0,1,0,0,0,0,0,2,5.0,5.0,5.0,5.0,5.0,156.0,0,0,0,0
independent,5.205,1453.1265,1.0,undefined,011,44,2,3,13,2,0,0,0,0,0,3,4.0,4.0,4.5,4.0,4.25,147.0,0,0,0,0
independent,1.815,990.2788,2.0,undefined,Sector 99A Gurgaon,0,0,0,0,0,0,0,0,0,0,0,4.0,3.0,3.0,3.0,3.25,114.0,0,0,0,0
independent,1.875,904.1676,2.0,undefined,Sector 78 Gurgaon,6,0,0,0,0,0,0,0,0,0,0,4.0,4.0,5.0,4.0,4.25,98.0,0,0,0,0
independent,3.3000000000000003,1797.5712999999998,1.0,Immediate,New Colony,50,2,35,2,0,0,0,0,0,1,1,4.0,4.0,4.0,4.0,4.0,303.0,0,0,1,0
independent,6.18,3078.4754,1.0,Immediate,Sector 10A Gurgaon,49,0,38,0,0,0,0,0,0,1,1,4.0,5.0,5.0,5.0,4.75,290.0,0,0,1,0
independent,4.875,2368.058,1.0,Immediate,Sector 10 Gurgaon,50,0,43,1,0,0,0,0,0,1,0,4.0,4.0,5.0,4.0,4.25,224.0,0,0,0,0
independent,3.375,1506.946,1.0,undefined,Sector 5 Gurgaon,49,3,25,5,0,0,0,0,0,0,4,4.0,4.0,5.0,4.0,4.25,312.0,0,0,1,1
independent,1.65,678.1256999999999,1.0,Immediate,New Colony,50,2,35,2,0,0,0,0,0,1,1,4.0,4.0,4.0,4.0,4.0,232.0,0,0,0,1
independent,5.25,2368.058,1.0,Immediate,Sector 5 Gurgaon,49,3,25,5,0,0,0,0,0,1,4,4.0,4.0,5.0,4.0,4.25,251.0,0,0,1,0
independent,5.625,2830.9057,1.0,Immediate,Sector 10A Gurgaon,49,0,38,0,0,0,0,0,0,1,1,4.0,5.0,5.0,5.0,4.75,266.0,0,0,1,0
independent,1.1715,1280.9041,2.0,undefined,Sector-4 Sohna,0,0,0,0,0,0,0,0,0,0,0,4.0,4.0,4.5,4.0,4.25,281.0,0,0,0,0
Orris Woodview Residencies,3.6,2163.5439,1.0,undefined,C-75,9,2,1,0,0,0,0,0,0,0,0,4.0,4.0,4.0,4.0,4.0,200.0,0,0,0,0
Orris Woodview Residencies,2.745,1646.8767,1.0,undefined,B-74,9,2,1,0,0,0,0,0,0,0,0,4.0,4.0,4.0,4.0,4.0,201.0,0,0,0,0
Orris Woodview Residencies,6.0,4499.3102,1.0,undefined,F-120,9,2,1,0,0,0,0,0,0,0,0,4.0,4.0,4.0,4.0,4.0,81.0,0,0,0,0
Vatika Express City,5.25,3595.1426,1.0,undefined,101,6,2,1,0,0,0,0,0,0,0,1,4.0,4.0,4.5,4.0,4.25,258.0,0,0,0,0
Ireo Project,1.44,1151.7373,1.0,undefined,122,0,0,0,0,0,0,0,0,0,0,0,4.0,4.0,5.0,4.0,4.25,281.0,0,0,0,0
ROF Insignia Park,2.16,1076.39,1.0,undefined,Sector 93 Gurgaon,14,1,1,0,0,0,0,0,0,0,1,4.0,4.0,4.5,4.0,4.25,82.0,0,0,0,0
Orris anandam sector 93,1.905,1345.4875,1.0,undefined,Sector 93 Gurgaon,8,0,0,0,0,0,0,0,0,0,1,4.0,4.0,4.5,4.0,4.25,130.0,0,0,0,0
Vatika India Next Plots3.6 ★,3.96,2163.5439,1.0,undefined,Sector 83 Gurgaon,15,2,5,1,0,0,0,0,0,0,0,5.0,5.0,4.0,5.0,4.75,166.0,0,0,0,0
Adani M2K Oyster Grande3.9 ★,3.87,1377.7792,2.0,undefined,Sector 102 Gurgaon,11,4,1,0,0,1,0,0,0,0,1,4.0,4.5,4.0,4.0,4.125,74.0,1,0,0,0
independent,1.305,904.1676,1.0,Future,Orris Aanadam Ora Sector 93 Gurgaon,0,0,0,0,0,0,0,0,0,0,0,4.0,4.0,4.5,4.0,4.25,420.0,0,0,0,0
Orris Aanandam Ora Sector 93,1.5,1033.3344,1.0,Future,Orris Aanandam Ora Sector 93,0,0,0,0,0,0,0,0,0,0,0,4.0,4.0,4.5,4.0,4.25,344.0,0,0,0,0
Orris Aanandam Ora Sector 93,1.5,1033.3344,1.0,Future,Orris Aanadam Ora,0,0,0,0,0,0,0,0,0,0,0,4.0,4.0,4.5,4.0,4.25,344.0,0,0,0,0
independent,1.4355000000000002,990.2788,1.0,Future,Sector 93 Gurgaon,8,0,0,0,0,0,0,0,0,0,1,4.0,4.0,4.5,4.0,4.25,344.0,0,0,0,0
DLF City Plots Phase 2,26.25,4520.838,1.0,undefined,DLF Phase 2,44,0,9,13,5,0,0,0,0,0,5,5.0,5.0,5.0,5.0,5.0,155.0,0,0,0,1
Urben Estate HUDA  RWA Sector-47 Gurgaon,4.65,1453.1265,1.0,Immediate,611,0,0,0,0,0,0,0,0,0,1,0,4.0,4.0,4.5,4.0,4.25,179.0,0,0,0,1
Adani M2K Oyster Grande3.9 ★,2.88,1216.3207,1.0,Immediate,Sector 102 Gurgaon,11,4,1,0,0,0,0,0,0,1,1,4.0,4.5,4.0,4.0,4.125,79.0,0,0,0,0
independent,10.425,2249.6551,1.0,Immediate,DLF Phase 2,44,0,9,13,5,0,0,0,0,1,5,5.0,5.0,5.0,5.0,5.0,80.0,0,0,0,0
independent,0.189,635.0701,2.0,Immediate,100,0,0,0,0,0,0,0,0,0,1,0,4.0,4.0,4.0,4.0,4.0,1070.0,0,0,1,0
Central Park Flower Valley,5.535,2249.6551,1.0,Immediate,Sector-33 Sohna,15,4,3,0,0,0,0,0,0,1,1,4.0,4.0,4.5,4.0,4.25,77.0,0,0,0,0
independent,11.25,2432.6414,1.0,undefined,DLF Phase 4,47,1,7,10,3,0,0,0,0,0,3,5.0,4.0,5.0,5.0,4.75,327.0,0,0,1,1
independent,21.0,4520.838,1.0,undefined,DLF Phase 2,44,0,9,13,5,0,0,0,0,0,5,5.0,5.0,5.0,5.0,5.0,312.0,0,0,1,1
independent,13.275,2841.6696,3.0,undefined,DLF Phase 2,44,0,9,13,5,0,0,0,0,0,5,5.0,5.0,5.0,5.0,5.0,312.0,0,0,1,1
Satya Merano Greens,1.56,1097.9178,3.0,Future,Sector 99A Gurgaon,11,2,1,0,0,0,0,0,0,0,1,4.0,3.0,3.0,3.0,3.25,80.0,0,0,0,0
Mapsko Aspr Hills,2.955,1614.585,3.0,Future,Sector 78 Gurgaon,7,2,1,0,0,0,0,0,0,0,1,4.0,4.0,5.0,4.0,4.25,44.0,0,0,0,0
independent,8.58,3961.1152,2.0,undefined,0001,48,1,5,13,1,1,0,0,0,0,1,5.0,5.0,5.0,5.0,5.0,102.0,1,0,0,0
Anant Raj Estates,6.36,269.0975,2.0,undefined,B Block,10,2,1,0,1,1,0,0,0,0,3,4.0,4.0,4.0,5.0,4.25,149.0,1,0,0,0
independent,1.875,2249.6551,1.0,Immediate,New Palam Vihar Phase 1,31,2,12,1,1,0,0,0,0,1,5,4.0,4.0,4.5,4.0,4.25,48.0,0,0,0,0
independent,1.6800000000000002,1442.3626,1.0,Immediate,Sai Kunj,27,4,3,2,1,0,0,0,0,1,3,4.0,4.0,4.5,4.0,4.25,49.0,0,0,0,0
G99,7.35,3831.9484,2.0,Immediate,Sector 99 Gurgaon,10,2,1,0,0,0,0,0,0,1,1,4.5,4.0,4.5,4.5,4.375,444.0,0,0,1,0
G99,6.57,2325.0024,2.0,undefined,Sector 99 Gurgaon,10,2,1,0,0,0,0,0,0,0,1,4.5,4.0,4.5,4.5,4.375,444.0,0,0,1,0
Experion The Westerlies,3.87,1937.502,2.0,Immediate,Sector 108 Gurgaon,9,3,1,0,0,0,0,0,0,1,1,4.0,4.5,4.5,4.5,4.375,293.0,0,0,0,0
BPTP Amstoria3.8 ★,4.485,2023.6132,1.0,undefined,Sector 102 Gurgaon,11,2,1,0,0,0,0,0,0,0,2,4.0,4.5,4.0,4.0,4.125,319.0,0,0,0,0
Experion The Westerlies,3.825,1937.502,2.0,undefined,Sector 108 Gurgaon,9,3,1,0,0,0,0,0,0,0,1,4.0,4.5,4.5,4.5,4.375,170.0,0,0,0,0
Skywhales Vienna Greens,2.19,1539.2377,1.0,Within_3_months,Sector 99A Gurgaon,6,2,0,0,0,0,0,0,0,0,1,4.0,3.0,3.0,3.0,3.25,136.0,0,0,0,0
Experion The Westerlies,3.255,1625.3489,1.0,Immediate,Sector 108 Gurgaon,9,3,1,0,0,0,0,0,0,1,1,4.0,4.5,4.5,4.5,4.375,293.0,0,0,0,0
Skywhales Vienna Greens,1.845,1323.9597,2.0,Within_3_months,Sector 99A Gurgaon,6,2,0,0,0,0,0,0,0,0,1,4.0,3.0,3.0,3.0,3.25,136.0,0,0,0,0
Skywhales Vienna Greens,1.875,1323.9597,2.0,Within_6_months,Sector 99A Gurgaon,6,2,0,0,0,0,0,0,0,0,1,4.0,3.0,3.0,3.0,3.25,136.0,0,0,0,0
independent,15.75,559.7228,2.0,undefined,DLF Phase 3,44,0,16,12,6,1,0,0,0,0,6,4.0,5.0,5.0,4.0,4.5,38.0,1,0,0,0
ROF Normanton Park,1.395,914.9315,1.0,undefined,Phase 1,9,2,1,0,0,0,0,0,0,0,0,4.0,4.0,5.0,4.0,4.25,264.0,0,0,1,0
Ansals Shiva Som Valley,0.975,968.751,2.0,undefined,128,7,2,1,0,0,0,0,0,0,0,1,4.0,4.0,4.0,5.0,4.25,225.0,0,0,0,0
BPTP Astaire Gardens3.7 ★,2.7,1625.3489,2.0,undefined,009,12,2,0,0,1,0,0,0,0,0,3,5.0,4.0,4.0,4.0,4.25,341.0,0,0,1,0
Unitech Singleton Floors,19.05,6942.715499999999,2.0,undefined,C Block,46,1,12,9,0,0,0,0,0,0,0,5.0,5.0,5.0,4.0,4.75,214.0,0,0,0,0
MRS 16 Acres,0.255,904.1676,1.0,Immediate,D-19,0,0,0,0,0,0,0,0,0,1,0,4.0,4.0,4.0,4.0,4.0,30.0,0,0,0,0
MRS 16 Acres,0.255,904.1676,1.0,Immediate,C-19,0,0,0,0,0,0,0,0,0,1,0,4.0,4.0,4.0,4.0,4.0,30.0,0,0,0,0
Ansal API Esencia3.7 ★,1.125,64.5834,1.0,undefined,E Block,12,0,0,0,1,0,0,0,0,0,1,4.0,4.5,4.0,4.0,4.125,84.0,0,0,0,1
independent,13.65,2841.6696,2.0,Immediate,DLF Phase 1,46,0,18,11,6,0,0,0,0,1,6,5.0,5.0,5.0,5.0,5.0,247.0,0,0,0,1
Ansals Shiva Som Valley,0.981,968.751,1.0,undefined,157,7,2,1,0,0,0,0,0,0,0,1,4.0,4.0,4.0,5.0,4.25,862.0,0,0,0,0
Ansals Shiva Som Valley,0.975,968.751,1.0,undefined,136,7,2,1,0,0,0,0,0,0,0,1,4.0,4.0,4.0,5.0,4.25,465.0,0,0,0,0
BPTP Astaire Gardens3.7 ★,6.6000000000000005,2777.0862,2.0,undefined,009,12,2,0,0,1,0,0,0,0,0,3,5.0,4.0,4.0,4.0,4.25,342.0,0,0,1,0
Ansals Palam Vihar,7.635,3379.8646,1.0,Immediate,Palam Vihar,27,4,3,3,1,0,0,0,0,1,3,5.0,5.0,5.0,4.0,4.75,434.0,0,0,0,0
Orris Woodview Residencies,6.562815789473683,4499.3102,1.0,undefined,Catagory F,9,2,1,0,0,0,0,0,0,0,0,4.0,4.0,4.0,4.0,4.0,142.0,0,0,0,0
Satya Merano Greens,3.03,1453.1265,1.0,Within_6_months,Gulmohar Green Plot On Excellent Location,11,2,1,0,0,0,0,0,0,0,1,4.0,3.0,3.0,3.0,3.25,721.0,0,0,0,0
Vatika Xpressions,3.1049999999999995,1625.3489,2.0,undefined,Sector 88B Gurgaon,7,2,1,0,0,0,0,0,0,0,0,4.0,4.0,4.5,4.0,4.25,646.0,0,0,1,0
BPTP Amstoria3.8 ★,3.795,1776.0435,2.0,undefined,273,11,2,1,0,0,0,0,0,0,0,2,4.0,4.5,4.0,4.0,4.125,1049.0,0,0,1,0
BPTP Amstoria3.8 ★,4.574999999999999,2023.6132,1.0,Immediate,Dwarka Expressway,11,2,1,0,0,0,0,0,0,1,2,4.0,4.5,4.0,4.0,4.125,68.0,0,0,0,0
Vatika One Express City,3.24,1625.3489,1.0,undefined,Excellent Location,6,1,1,0,0,1,1,0,0,0,1,4.0,4.0,4.5,4.0,4.25,860.0,1,0,1,0
Orris Woodview Residencies,6.562815789473683,2378.8219,1.0,undefined,Block B,9,2,1,0,0,0,0,0,0,0,0,4.0,4.0,4.0,4.0,4.0,173.0,0,0,0,0
Orris Woodview Residencies,4.800000000000001,2863.1974,1.0,undefined,D Block,9,2,1,0,0,0,0,0,0,0,0,4.0,4.0,4.0,4.0,4.0,216.0,0,0,0,0
Orris Woodview Residencies,4.5,301.3892,1.0,undefined,Block B & C,9,2,1,0,0,0,0,0,0,0,0,4.0,4.0,4.0,4.0,4.0,134.0,0,0,0,0
independent,4.86,2163.5439,1.0,undefined,Sector 83 Gurgaon,11,0,1,0,0,0,0,0,0,0,0,5.0,5.0,4.0,5.0,4.75,61.0,0,0,0,0
Experion The Westerlies,3.6,1732.9879,1.0,Future,Gurgaon,9,3,1,0,0,0,0,0,0,0,1,4.0,4.5,4.5,4.5,4.375,233.0,0,0,0,0
independent,3.405,1560.7655,2.0,undefined,255,14,0,1,3,0,0,0,0,0,0,0,4.0,4.0,4.5,4.0,4.25,351.0,0,0,0,0
Vatika India Next Plots3.6 ★,4.5,2163.5439,1.0,Immediate,Block K,15,2,5,1,0,0,0,0,0,1,0,5.0,5.0,4.0,5.0,4.75,115.0,0,0,1,0
Orris Woodview Residencies,6.562815789473683,2281.9468,1.0,undefined,C-50-70,9,2,1,0,0,0,0,0,0,0,0,4.0,4.0,4.0,4.0,4.0,154.0,0,0,0,0
BPTP Green Oaks,3.9,1603.8211,1.0,undefined,B-24,10,3,1,0,1,0,0,0,0,0,2,5.0,4.0,4.0,4.0,4.25,185.0,0,0,1,0
BPTP Green Oaks,3.39,1399.307,1.0,undefined,A-18,10,3,1,0,1,0,0,0,0,0,2,5.0,4.0,4.0,4.0,4.25,186.0,0,0,1,0
independent,6.300000000000001,2368.058,2.0,undefined,263sqyd,45,4,10,8,0,0,1,0,0,0,0,5.0,5.0,5.0,4.0,4.75,150.0,0,0,1,0
independent,6.6000000000000005,2400.3497,2.0,undefined,267sqyd,50,0,2,10,4,0,0,0,0,0,5,5.0,5.0,5.0,4.0,4.75,136.0,0,0,0,0
Vipul World3.9 ★,5.25,2163.5439,2.0,undefined,240sqyd,15,2,3,1,0,0,0,0,0,0,1,4.0,4.0,5.0,4.0,4.25,93.0,0,0,0,1
Ireo City Plots,8.25,2701.7389,2.0,undefined,B3 Lane,15,3,3,0,0,0,0,0,0,0,0,4.5,5.0,3.5,4.5,4.375,295.0,0,0,0,0
BPTP Green Oaks,2.7,1184.029,2.0,undefined,10...,10,3,1,0,1,0,0,0,0,0,2,5.0,4.0,4.0,4.0,4.25,612.0,0,0,0,0
HUDA,3.75,1463.8904,1.0,undefined,10...,27,4,2,3,1,0,0,0,0,0,3,4.0,5.0,5.0,4.0,4.5,205.0,0,0,0,1
Orris Woodview Residencies,2.25,1442.3626,2.0,undefined,10...,9,2,1,0,0,0,0,0,0,0,0,4.0,4.0,4.0,4.0,4.0,280.0,0,0,0,0
BPTP Amstoria3.8 ★,5.85,2249.6551,1.0,undefined,Sector 102 Gurgaon,11,2,1,0,0,0,0,0,0,0,2,4.0,4.5,4.0,4.0,4.125,56.0,0,0,0,0
independent,5.25,1463.8904,1.0,undefined,Sector 43 Gurgaon,46,1,5,9,3,0,0,0,0,0,3,4.0,4.0,5.0,4.0,4.25,169.0,0,0,0,0
Experion The Heartsong3.9 ★,5.22,2841.6696,2.0,undefined,Jai Guru Ji,9,1,1,0,0,0,0,0,0,0,1,4.0,4.5,4.5,4.5,4.375,205.0,0,0,0,0
independent,7.02,2163.5439,1.0,Immediate,Gated Society At G Block,45,5,7,13,0,0,0,0,0,1,2,4.0,4.0,4.0,4.0,4.0,713.0,0,0,1,0
independent,5.25,1625.3489,1.0,Immediate,Far 4,48,0,6,12,3,0,0,0,0,1,3,4.0,4.0,5.0,4.0,4.25,240.0,0,0,0,0
Breez Flora Avenue 88A,2.055,1237.8485,2.0,undefined,Sector 88A Gurgaon,8,2,1,0,1,0,0,0,0,0,2,4.0,4.0,4.5,4.0,4.25,1379.0,0,0,0,0
Raheja Vanya,1.6949999999999998,1011.8066,2.0,undefined,Sector 99A Gurgaon,9,2,1,0,1,0,0,0,0,0,3,4.0,3.0,3.0,3.0,3.25,79.0,0,0,0,0
Raheja Vanya,2.76,1506.946,2.0,undefined,Sector 99A Gurgaon,9,2,1,0,1,0,0,0,0,0,3,4.0,3.0,3.0,3.0,3.25,1268.0,0,0,0,0
Landmark Avana,1.875,150.69459999999998,2.0,Future,Sector 95 Gurgaon,5,0,4,0,0,0,0,0,0,0,0,4.0,4.5,4.0,4.5,4.25,93.0,0,0,0,0
independent,7.035,1840.6269,1.0,Immediate,Huda Plot,47,6,8,6,0,0,0,0,0,1,0,4.0,4.0,5.0,4.0,4.25,77.0,0,0,0,0
independent,8.399999999999999,2701.7389,1.0,Immediate,A Block,48,4,12,6,0,0,0,0,0,1,2,4.0,4.0,4.5,4.0,4.25,83.0,0,0,0,0
independent,6.75,2518.7526,1.0,Immediate,F Block,48,0,6,12,3,0,0,0,0,1,3,4.0,4.0,5.0,4.0,4.25,98.0,0,0,0,0
independent,48.0,9547.5793,2.0,Immediate,Arjun Marg,46,0,18,11,6,0,0,0,0,1,6,5.0,5.0,5.0,5.0,5.0,95.0,0,0,0,0
independent,24.0,4520.838,1.0,Immediate,A Block,46,0,18,11,6,0,0,0,0,1,6,5.0,5.0,5.0,5.0,5.0,107.0,0,0,0,0
independent,3.885,1571.5294,1.0,undefined,232,48,0,6,12,3,0,0,1,0,0,3,4.0,4.0,5.0,4.0,4.25,476.0,0,1,0,0
independent,11.025,2701.7389,1.0,undefined,C Block,46,2,4,9,2,0,0,0,0,0,2,4.0,4.0,4.0,4.0,4.0,86.0,0,0,0,0
independent,14.25,3767.365,1.0,undefined,Block B,48,1,4,9,2,0,0,0,0,0,2,4.0,4.5,4.5,4.0,4.25,76.0,0,0,0,0
independent,15.0,4499.3102,1.0,undefined,Block B,45,4,10,7,0,0,0,0,0,0,0,5.0,5.0,5.0,4.0,4.75,79.0,0,0,0,0
independent,24.0,4499.3102,1.0,undefined,Block C,46,0,18,11,6,0,0,0,0,0,6,5.0,5.0,5.0,5.0,5.0,67.0,0,0,0,0
independent,27.0,8998.6204,2.0,Immediate,Palm Wood,45,4,11,6,0,0,0,0,0,1,0,5.0,4.0,5.0,5.0,4.75,83.0,0,0,0,0
DLF Alameda,8.07,2249.6551,1.0,undefined,Block C,8,2,1,0,0,0,1,0,0,0,2,4.0,4.0,4.5,4.0,4.25,104.0,0,0,1,0
independent,17.4,3595.1426,1.0,Immediate,Jcm,44,0,9,13,5,0,0,0,0,1,5,5.0,5.0,5.0,5.0,5.0,186.0,0,0,0,1
independent,6.562815789473683,4520.838,1.0,Immediate,Dlf Phase 1,46,0,18,11,6,0,0,0,0,1,6,5.0,5.0,5.0,5.0,5.0,148.0,0,0,0,1
BPTP Green Oaks,2.0250000000000004,1184.029,3.0,undefined,200,10,3,1,0,1,0,0,0,0,0,2,5.0,4.0,4.0,4.0,4.25,125.0,0,0,0,0
DLF Alameda,15.0,4843.755,1.0,undefined,Block A,8,2,1,0,0,0,0,0,0,0,2,4.0,4.0,4.5,4.0,4.25,186.0,0,0,0,1
Ansal API Esencia3.7 ★,6.562815789473683,10010.427,1.0,undefined,Block C,12,0,0,0,1,0,0,0,0,0,1,4.0,4.5,4.0,4.0,4.125,108.0,0,0,0,1
Anant Raj Estate Plots,5.550000000000001,1786.8074,1.0,Immediate,Block F,8,1,1,0,1,0,0,0,0,1,2,4.0,4.0,4.5,4.0,4.25,98.0,0,0,0,0
Unitech South City 23.8 ★,6.75,3239.9339,1.0,Immediate,Block I,45,3,11,7,0,0,0,0,0,1,0,5.0,5.0,5.0,4.0,4.75,96.0,0,0,0,0
independent,7.455,2368.058,1.0,Immediate,Sector 38 Gurgaon,47,4,12,7,0,0,0,0,0,1,0,4.0,4.0,5.0,4.0,4.25,227.0,0,0,1,0
independent,12.0,3239.9339,2.0,undefined,Suncity,47,4,6,13,4,1,0,0,0,0,6,5.0,4.5,4.0,5.0,4.625,83.0,1,0,0,0
Birla Navya,6.562815789473683,538.1949999999999,1.0,undefined,Sector 63A Gurgaon,12,1,1,0,1,0,0,0,0,0,3,4.0,4.0,4.0,5.0,4.25,98.0,0,0,0,0
Ansals Palam Vihar,8.475000000000001,3379.8646,1.0,Immediate,Palam Vihar,27,4,3,3,1,0,0,0,0,1,3,5.0,5.0,5.0,4.0,4.75,194.0,0,0,0,0
Ansals Palam Vihar,8.024999999999999,3239.9339,1.0,Immediate,Palam Vihar,27,4,3,3,1,1,1,0,0,1,3,5.0,5.0,5.0,4.0,4.75,448.0,1,0,1,0
independent,9.45,4682.2965,1.0,Immediate,Palam Vihar,27,4,3,3,1,0,0,0,0,1,3,5.0,5.0,5.0,4.0,4.75,431.0,0,0,0,0
independent,2.25,2335.7663,2.0,Immediate,New Palam Vihar,32,3,11,1,1,0,0,0,0,1,5,4.0,4.0,4.0,4.0,4.0,86.0,0,0,0,1
independent,4.800000000000001,2249.6551,2.0,undefined,Sector 7 Gurgaon,50,2,34,5,0,0,0,1,0,0,1,4.0,4.0,4.0,4.0,4.0,551.0,0,1,0,1
independent,2.625,538.1949999999999,2.0,undefined,South City 2,45,4,10,7,0,1,0,0,1,0,0,5.0,5.0,5.0,4.0,4.75,230.0,1,0,1,0
independent,3.6,1797.5712999999998,2.0,undefined,Sector 88A Gurgaon,3,0,1,0,0,0,0,0,0,0,1,4.0,4.0,4.5,4.0,4.25,697.0,0,0,0,0
independent,4.5,2249.6551,2.0,undefined,Sector 88A Gurgaon,3,0,1,0,0,0,0,0,0,0,1,4.0,4.0,4.5,4.0,4.25,60.0,0,0,0,0
independent,3.9,1797.5712999999998,2.0,Future,Sector 88A Gurgaon,3,0,1,0,0,0,0,0,0,0,1,4.0,4.0,4.5,4.0,4.25,210.0,0,0,0,0
independent,10.275,3078.4754,2.0,undefined,332211,46,5,11,7,0,1,1,0,0,0,0,5.0,4.0,5.0,4.0,4.5,167.0,1,0,1,1
independent,7.5,2368.058,1.0,undefined,2233,46,5,11,7,0,0,1,0,0,0,0,5.0,4.0,5.0,4.0,4.5,155.0,0,0,1,1
independent,5.82,1840.6269,1.0,undefined,11123,46,5,11,7,0,0,0,0,0,0,0,5.0,4.0,5.0,4.0,4.5,147.0,0,0,0,0
independent,4.11,1453.1265,1.0,undefined,3344,48,7,6,14,1,0,0,0,0,0,1,4.0,4.0,5.0,4.0,4.25,156.0,0,0,0,1
independent,6.562815789473683,4520.838,1.0,undefined,12345,47,0,6,10,3,0,0,0,0,0,3,5.0,4.0,5.0,4.0,4.5,250.0,0,0,0,0
independent,13.5,4520.838,1.0,undefined,12345,45,5,10,6,0,0,0,0,0,0,2,4.0,4.0,4.0,4.0,4.0,249.0,0,0,0,0
independent,8.25,2368.058,1.0,undefined,123123,45,5,10,6,0,0,0,0,0,0,2,4.0,4.0,4.0,4.0,4.0,255.0,0,0,1,0
independent,12.75,3078.4754,1.0,Immediate,12345,47,6,8,6,0,0,0,0,0,1,0,4.0,4.0,5.0,4.0,4.25,234.0,0,0,1,0
independent,6.705,2368.058,1.0,undefined,1111111,45,5,10,6,0,0,0,0,0,0,2,4.0,4.0,4.0,4.0,4.0,151.0,0,0,1,0
Central Park Flower Valley Mikasa Plots,4.155,1614.585,1.0,undefined,J /01,7,1,1,0,1,0,0,0,0,0,2,4.0,4.0,4.5,4.0,4.25,98.0,0,0,0,0
Central Park Flower Valley,11.25,4563.893599999999,1.0,Future,A/2,15,4,3,0,0,0,0,0,0,0,1,4.0,4.0,4.5,4.0,4.25,88.0,0,0,1,1
Central Park Flower Valley,5.625,2249.6551,1.0,undefined,F/20,15,4,3,0,0,0,0,0,0,0,1,4.0,4.0,4.5,4.0,4.25,89.0,0,0,1,0
Central Park Flower Valley Mikasa Plots,5.550000000000001,2249.6551,1.0,undefined,I/80,7,1,1,0,1,0,0,0,0,0,2,4.0,4.0,4.5,4.0,4.25,108.0,0,0,1,0
Central Park Flower Valley Mikasa Plots,5.13,2249.6551,1.0,undefined,I /90,7,1,1,0,1,0,0,0,0,0,2,4.0,4.0,4.5,4.0,4.25,134.0,0,0,0,0
Central Park Flower Valley,5.625,2281.9468,1.0,undefined,Oo1,15,4,3,0,0,0,0,0,0,0,1,4.0,4.0,4.5,4.0,4.25,406.0,0,0,1,0
independent,2.7,904.1676,1.0,undefined,0007,48,7,6,14,1,0,0,0,0,0,1,4.0,4.0,5.0,4.0,4.25,188.0,0,0,0,0
Ansal Sushant Lok 2,5.324999999999999,1625.3489,1.0,undefined,D Block,47,4,5,14,3,0,0,0,0,0,5,4.0,5.0,5.0,4.0,4.5,107.0,0,0,0,0
Ansal Oriental Villas,7.35,2701.7389,1.0,undefined,A Block,45,5,7,13,0,0,0,0,0,0,2,4.0,4.0,4.0,4.0,4.0,64.0,0,0,0,0
independent,6.375,1625.3489,1.0,undefined,Block N,49,2,4,10,1,0,0,0,0,0,1,5.0,5.0,5.0,5.0,5.0,114.0,0,0,0,0
independent,2.7,43561.5033,1.0,undefined,Plot No--2,20,0,15,0,0,0,0,0,0,0,0,4.0,4.0,4.5,4.0,4.25,46.0,0,0,0,0
Central Park Flower Valley Mikasa Plots,4.155,2185.0717,1.0,undefined,I Block,7,1,1,0,1,0,0,0,0,0,2,4.0,4.0,4.5,4.0,4.25,134.0,0,0,1,0
Central Park Flower Valley Mikasa Plots,5.25,2249.6551,1.0,Immediate,I Block,7,1,1,0,1,0,0,0,0,1,2,4.0,4.0,4.5,4.0,4.25,557.0,0,0,1,0
ROF Normanton Park,1.98,1291.668,2.0,undefined,Sohna,9,2,1,0,0,1,0,0,0,0,0,4.0,4.0,5.0,4.0,4.25,517.0,1,0,0,0
independent,3.375,1453.1265,1.0,Immediate,Sector 4 Gurgaon,49,2,29,5,0,0,1,0,0,1,3,5.0,5.0,5.0,5.0,5.0,111.0,0,0,1,0
south city 1 plots,9.75,3239.9339,1.0,undefined,Plot No,49,2,4,10,1,0,0,0,0,0,1,5.0,5.0,5.0,5.0,5.0,93.0,0,0,0,0
Uppal Southend4.0 ★,15.0,6598.2707,3.0,undefined,Uppals Southend,46,0,13,10,0,0,0,0,0,0,0,5.0,5.0,5.0,5.0,5.0,404.0,0,0,0,0
DLF City Plots,24.0,4843.755,2.0,undefined,DLF Phase 1,8,2,1,0,1,0,0,0,0,0,2,5.0,5.0,5.0,5.0,5.0,1139.0,0,0,1,0
Vatika India Next Plots3.6 ★,6.375,3552.087,2.0,Immediate,Sector 83 Gurgaon,15,2,5,1,0,0,0,0,0,1,0,5.0,5.0,4.0,5.0,4.75,377.0,0,0,0,0
Ansal Sushant Lok Plots,9.0,1937.502,2.0,undefined,C Block Sushant Lok Phase 1,46,2,4,9,2,0,0,0,0,0,2,4.0,4.0,4.0,4.0,4.0,124.0,0,0,0,1
independent,7.050000000000001,2368.058,3.0,undefined,0000,47,6,8,6,0,0,0,0,0,0,0,4.0,4.0,5.0,4.0,4.25,50.0,0,0,1,0
Unitech Deerwood Chase,6.36,2389.5858,2.0,undefined,266 Sqyd,45,4,10,8,0,0,0,0,0,0,0,5.0,5.0,5.0,4.0,4.75,82.0,0,0,0,0
independent,6.525,2432.6414,2.0,undefined,270sqyd,45,4,10,8,0,0,1,0,0,0,0,5.0,5.0,5.0,4.0,4.75,151.0,0,0,1,0
Vipul World3.9 ★,5.25,2163.5439,2.0,undefined,240sqyd,15,2,3,1,0,0,0,0,0,0,1,4.0,4.0,5.0,4.0,4.25,123.0,0,0,0,0
Vipul World3.9 ★,4.65,2163.5439,1.0,undefined,240 Sqyd,15,2,3,1,0,0,0,0,0,0,1,4.0,4.0,5.0,4.0,4.25,136.0,0,0,0,0
Emaar MGF Marbella,9.9,2400.3497,1.0,undefined,267 Sqyd,14,2,1,0,1,0,0,0,0,0,2,3.0,4.0,4.0,4.0,3.75,118.0,0,0,0,0
Emaar MGF Marbella,13.5,3239.9339,2.0,undefined,360sqyd,14,2,1,0,1,0,0,0,0,0,2,3.0,4.0,4.0,4.0,3.75,151.0,0,0,0,1
independent,6.75,2432.6414,2.0,undefined,270sqyd,50,0,2,10,4,0,0,0,0,0,5,5.0,5.0,5.0,4.0,4.75,99.0,0,0,0,1
NKV Residential Plots,0.3975,807.2925,2.0,undefined,Golf Course Extn. Road,15,1,2,1,0,0,0,0,0,0,1,4.0,4.0,4.5,4.0,4.25,1125.0,0,0,1,0
NKV Residential Plots,0.36,161.4585,1.0,Immediate,Sector 67a,15,1,2,1,0,0,0,0,0,1,1,4.0,4.0,4.5,4.0,4.25,563.0,0,0,1,0
NKV Residential Plots,0.36,699.6535,2.0,undefined,Badashapur,15,1,2,1,0,0,0,0,0,0,1,4.0,4.0,4.5,4.0,4.25,564.0,0,0,1,0
Vatika India Next Plots3.6 ★,2.79,1399.307,3.0,undefined,Behind Hayat Hotel,15,2,5,1,0,0,0,0,0,0,0,5.0,5.0,4.0,5.0,4.75,185.0,0,0,0,0
Malibu Towne,6.75,1797.5712999999998,2.0,undefined,200 Yards Corner,45,5,11,5,0,1,0,0,0,0,0,5.0,4.0,5.0,5.0,4.75,97.0,1,0,0,0
Central Park Flower Valley,6.0,2690.975,1.0,Immediate,Sector-33 Sohna,15,4,3,0,0,0,0,0,0,1,1,4.0,4.0,4.5,4.0,4.25,756.0,0,0,1,0
Central Park Flower Valley,4.050000000000001,1700.6962,1.0,Immediate,Sector-33 Sohna,15,4,3,0,0,0,0,0,0,1,1,4.0,4.0,4.5,4.0,4.25,755.0,0,0,1,0
independent,10.35,2432.6414,1.0,undefined,DLF Phase 4,47,1,7,10,3,0,0,0,0,0,3,5.0,4.0,5.0,5.0,4.75,58.0,0,0,0,0
independent,9.3,2701.7389,1.0,undefined,B Block Sushant Lok Phase 1,48,1,4,9,2,0,0,0,0,0,2,4.0,4.5,4.5,4.0,4.25,67.0,0,0,0,0
independent,10.125,2432.6414,1.0,undefined,DLF Phase 1,46,0,18,11,6,0,0,0,0,0,6,5.0,5.0,5.0,5.0,5.0,51.0,0,0,0,0
independent,9.0,4682.2965,1.0,Immediate,Palam Vihar,27,4,3,3,1,0,0,0,0,1,3,5.0,5.0,5.0,4.0,4.75,65.0,0,0,0,0
independent,2.22,904.1676,1.0,Immediate,000,44,4,5,10,0,0,0,0,0,1,2,4.0,5.0,5.0,4.0,4.5,99.0,0,0,0,0
independent,6.24,2368.058,1.0,undefined,Sector 38 Gurgaon,47,4,12,7,0,0,0,0,0,0,0,4.0,4.0,5.0,4.0,4.25,244.0,0,0,1,1
Ansal API Esencia3.7 ★,5.835,2690.975,1.0,Immediate,Sector 67 Gurgaon,12,0,0,0,1,0,0,0,0,1,1,4.0,4.5,4.0,4.0,4.125,82.0,0,0,0,0
Paras Ekam Homes,1.47675,1614.585,2.0,undefined,Sector-5 Sohna,0,0,0,0,0,0,0,0,0,0,0,4.0,4.0,4.5,4.0,4.25,3397.0,0,0,1,0
Paras Ekam Homes,1.413,1410.0709,2.0,undefined,Sector-5 Sohna,0,0,0,0,0,0,0,0,0,0,0,4.0,4.0,4.5,4.0,4.25,909.0,0,0,0,0
Paras Ekam Homes,1.056,1151.7373,2.0,undefined,Sector-5 Sohna,0,0,0,0,0,0,0,0,0,0,0,4.0,4.0,4.5,4.0,4.25,359.0,0,0,0,0
Paras Ekam Homes,1.023,1119.4456,2.0,undefined,Sector-5 Sohna,0,0,0,0,0,0,0,0,0,0,0,4.0,4.0,4.5,4.0,4.25,437.0,0,0,0,0
independent,2.475,904.1676,2.0,undefined,720,48,6,6,13,1,0,0,0,0,0,1,4.0,4.0,4.0,4.0,4.0,210.0,0,0,0,1
independent,8.459999999999999,2163.5439,2.0,undefined,126,45,4,11,6,0,1,0,0,0,0,0,5.0,4.0,5.0,5.0,4.75,176.0,1,0,0,0
independent,8.55,2701.7389,2.0,undefined,126,48,0,6,12,3,0,0,0,0,0,3,4.0,4.0,5.0,4.0,4.25,220.0,0,0,1,1
Emaar Emerald Hills4.1 ★,9.615,2400.3497,2.0,undefined,126,10,2,1,0,0,0,0,0,0,0,1,4.0,4.0,5.0,4.0,4.25,325.0,0,0,0,0
Hans Enclave,4.5,48599.0085,1.0,undefined,N 4,48,2,25,3,0,0,0,0,1,0,1,3.5,4.0,4.0,4.0,3.875,210.0,0,0,0,0
Emaar Emerald Hills4.1 ★,13.8,3595.1426,2.0,undefined,121,10,2,1,0,0,0,0,0,0,0,1,4.0,4.0,5.0,4.0,4.25,341.0,0,0,0,0
Emaar MGF Marbella,11.445,3153.8227,2.0,undefined,141,14,2,1,0,1,0,1,0,0,0,2,3.0,4.0,4.0,4.0,3.75,270.0,0,0,1,0
Mapsko Aspr Hills,3.495,1614.585,3.0,Future,Sector 78 Gurgaon,7,2,1,0,0,0,0,0,0,0,1,4.0,4.0,5.0,4.0,4.25,209.0,0,0,0,0
Mapsko Aspr Hills,2.925,1345.4875,3.0,Future,Sector 78 Gurgaon,7,2,1,0,0,0,0,0,0,0,1,4.0,4.0,5.0,4.0,4.25,209.0,0,0,0,0
Mapsko Aspr Hills,2.7750000000000004,1280.9041,3.0,Future,Sector 78 Gurgaon,7,2,1,0,0,0,0,0,0,0,1,4.0,4.0,5.0,4.0,4.25,209.0,0,0,0,0
Mapsko Aspr Hills,2.55,1184.029,3.0,Future,Sector 78 Gurgaon,7,2,1,0,0,0,0,0,0,0,1,4.0,4.0,5.0,4.0,4.25,209.0,0,0,0,0
Mapsko Aspr Hills,2.97,1367.0153,3.0,Future,Sector 78 Gurgaon,7,2,1,0,0,0,0,0,0,0,1,4.0,4.0,5.0,4.0,4.25,209.0,0,0,0,0
G99,10.635,5801.7421,2.0,Immediate,West Facing,10,2,1,0,0,0,0,0,0,1,1,4.5,4.0,4.5,4.5,4.375,564.0,0,0,0,0
G99,7.35,3831.9484,2.0,undefined,East,10,2,1,0,0,0,0,0,0,0,1,4.5,4.0,4.5,4.5,4.375,564.0,0,0,0,0
Experion The Westerlies,3.45,182.9863,1.0,Immediate,Sector 108 Gurgaon,9,3,1,0,0,0,0,0,0,1,1,4.0,4.5,4.5,4.5,4.375,1097.0,0,0,1,0
Experion The Westerlies,3.5250000000000004,193.7502,1.0,Immediate,Sector 108 Gurgaon,9,3,1,0,0,0,0,0,0,1,1,4.0,4.5,4.5,4.5,4.375,1097.0,0,0,1,0
G99,6.675000000000001,2970.8364,1.0,Immediate,North Facing,10,2,1,0,0,0,0,0,0,1,1,4.5,4.0,4.5,4.5,4.375,564.0,0,0,0,0
G99,7.38,3541.3231,2.0,Immediate,East,10,2,1,0,0,0,0,0,0,1,1,4.5,4.0,4.5,4.5,4.375,564.0,0,0,0,0
G99,10.17,645.834,2.0,undefined,East Facing,10,2,1,0,0,0,0,0,0,0,1,4.5,4.0,4.5,4.5,4.375,564.0,0,0,0,0
Adani M2K Oyster Grande3.9 ★,2.625,1065.6261,1.0,undefined,Sector 102 Gurgaon,11,4,1,0,0,0,0,0,0,0,1,4.0,4.5,4.0,4.0,4.125,61.0,0,0,0,0
Adani M2K Oyster Grande3.9 ★,3.0,1259.3763,1.0,Immediate,Sector 102 Gurgaon,11,4,1,0,0,0,0,0,0,1,1,4.0,4.5,4.0,4.0,4.125,113.0,0,0,0,0
ROF Normanton Park,1.83,1377.7792,2.0,Within_3_months,A23,9,2,1,0,0,0,0,0,0,0,0,4.0,4.0,5.0,4.0,4.25,274.0,0,0,0,0
Central Park Flower Valley Mikasa Plots,5.64,2249.6551,1.0,Immediate,Block - I,7,1,1,0,1,0,0,0,0,1,2,4.0,4.0,4.5,4.0,4.25,1348.0,0,0,0,0
BPTP Astaire Gardens3.7 ★,2.55,1184.029,2.0,undefined,Block A,12,2,0,0,1,0,0,0,0,0,3,5.0,4.0,4.0,4.0,4.25,1873.0,0,0,0,0
ddjay true habitat sector 112,2.625,1216.3207,2.0,Future,125,15,2,2,1,1,0,0,0,0,0,2,5.0,4.0,4.0,3.0,4.0,537.0,0,0,0,0
Ansals Palam Vihar,9.975,4682.2965,1.0,Immediate,Palam Vihar,27,4,3,3,1,0,0,0,0,1,3,5.0,5.0,5.0,4.0,4.75,428.0,0,0,0,0
independent,11.235,4682.2965,1.0,undefined,Palam Vihar,27,4,3,3,1,0,0,0,0,0,3,5.0,5.0,5.0,4.0,4.75,431.0,0,0,0,1
independent,11.25,4682.2965,1.0,undefined,Palam Vihar,27,4,3,3,1,0,0,0,0,0,3,5.0,5.0,5.0,4.0,4.75,431.0,0,0,0,1
independent,18.3,8998.6204,2.0,Immediate,Palam Vihar,27,4,3,3,1,0,0,0,0,1,3,5.0,5.0,5.0,4.0,4.75,430.0,0,0,0,1
independent,7.814999999999999,3239.9339,1.0,undefined,Palam Vihar,27,4,3,3,1,1,0,0,0,0,3,5.0,5.0,5.0,4.0,4.75,442.0,1,0,1,0
independent,9.48,4682.2965,1.0,Immediate,Palam Vihar,27,4,3,3,1,0,0,0,0,1,3,5.0,5.0,5.0,4.0,4.75,431.0,0,0,0,1
independent,9.525,4682.2965,2.0,Immediate,Palam Vihar,27,4,3,3,1,0,1,0,0,1,3,5.0,5.0,5.0,4.0,4.75,201.0,0,0,1,0
Orris Woodview Residencies,6.562815789473683,3239.9339,1.0,undefined,Catagory E,9,2,1,0,0,0,0,0,0,0,0,4.0,4.0,4.0,4.0,4.0,190.0,0,0,0,0
independent,2.715,904.1676,1.0,undefined,Sector 45 Gurgaon,48,7,6,14,1,0,0,0,0,0,1,4.0,4.0,5.0,4.0,4.25,194.0,0,0,1,0
Ireo Project,1.3335,129.1668,2.0,Future,Sohna,0,0,0,0,0,0,0,0,0,0,0,4.0,4.0,5.0,4.0,4.25,36.0,0,0,0,0
independent,3.0,4499.3102,1.0,Immediate,New Palam Vihar,32,3,11,1,1,0,0,0,0,1,5,4.0,4.0,4.0,4.0,4.0,43.0,0,0,0,0
independent,5.699999999999999,8998.6204,1.0,Immediate,Sector 109 Gurgaon,14,0,7,0,0,0,0,0,0,1,4,5.0,4.0,3.5,4.5,4.25,50.0,0,0,0,0
independent,1.0499999999999998,161.4585,1.0,Immediate,Sector 110 Gurgaon,29,2,11,1,1,0,0,0,0,1,5,4.0,4.0,5.0,4.0,4.25,101.0,0,0,0,0
independent,3.5250000000000004,1560.7655,1.0,Immediate,Palam Vihar,27,4,3,3,1,0,0,0,0,1,3,5.0,5.0,5.0,4.0,4.75,133.0,0,0,0,0
independent,5.88,269.0975,1.0,undefined,Palam Vihar,27,4,3,3,1,0,0,0,0,0,3,5.0,5.0,5.0,4.0,4.75,133.0,0,0,0,0
independent,2.1,3595.1426,1.0,Immediate,New Palam Vihar,32,3,11,1,1,0,0,0,0,1,5,4.0,4.0,4.0,4.0,4.0,83.0,0,0,0,0
independent,4.08,2228.1273,2.0,Immediate,New Palam Vihar,32,3,11,1,1,1,0,0,1,1,5,4.0,4.0,4.0,4.0,4.0,162.0,1,0,0,0
G99,8.25,3831.9484,2.0,Immediate,Sector 99 Gurgaon,10,2,1,0,0,0,0,0,0,1,1,4.5,4.0,4.5,4.5,4.375,70.0,0,0,0,1
G99,5.865,2281.9468,2.0,undefined,Sector 99 Gurgaon,10,2,1,0,0,0,0,0,0,0,1,4.5,4.0,4.5,4.5,4.375,63.0,0,0,0,0
BPTP Amstoria3.8 ★,3.57,1711.4601,1.0,undefined,Sector 102 Gurgaon,11,2,1,0,0,0,0,0,0,0,2,4.0,4.5,4.0,4.0,4.125,104.0,0,0,0,0
G99,5.19,2411.1136,1.0,undefined,Sector 99 Gurgaon,10,2,1,0,0,0,0,0,0,0,1,4.5,4.0,4.5,4.5,4.375,65.0,0,0,0,0
independent,2.94,1614.585,2.0,undefined,000,11,0,1,0,0,0,0,0,0,0,0,5.0,5.0,4.0,5.0,4.75,360.0,0,0,1,0
Shyam Kunj,0.2249999999999999,118.4029,2.0,undefined,A22,0,0,0,0,0,0,0,1,0,0,0,4.0,4.0,4.0,4.0,4.0,430.0,0,1,0,0
independent,9.375,2195.8356,1.0,undefined,Sushant Lok 1,47,2,5,14,1,0,0,0,0,0,1,4.0,4.0,4.5,4.0,4.25,192.0,0,0,0,0
independent,52.5,7244.1047,2.0,undefined,Sector 43,46,1,5,9,3,0,0,0,0,0,3,4.0,4.0,5.0,4.0,4.25,271.0,0,0,0,0
independent,5.550000000000001,1840.6269,2.0,undefined,12345,48,7,6,14,1,0,0,0,0,0,1,4.0,4.0,5.0,4.0,4.25,125.0,0,0,0,0
Unitech South City 23.8 ★,19.05,6931.951599999999,2.0,undefined,36b Spaze I Tech Park Shona Road,45,4,10,8,0,0,0,0,0,0,0,5.0,5.0,5.0,4.0,4.75,85.0,0,0,0,0
Unitech South City 23.8 ★,18.75,775.0008,1.0,undefined,36b Spaze Itech Park Shona Road,45,4,10,8,0,0,0,0,0,0,0,5.0,5.0,5.0,4.0,4.75,86.0,0,0,0,0
Malibu Towne,29.25,1054.8622,2.0,undefined,36b Spaze I Tech Park Shona Road,45,4,11,6,0,0,0,0,0,0,0,5.0,4.0,5.0,5.0,4.75,87.0,0,0,0,0
Malibu Towne,28.5,9526.0515,2.0,undefined,36b B1 Spaze I Tech Park Shona Road,45,4,11,6,0,0,0,0,0,0,0,5.0,4.0,5.0,5.0,4.75,85.0,0,0,0,0
Unitech South City 23.8 ★,19.05,6931.951599999999,2.0,undefined,A12,45,3,11,7,0,0,0,1,0,0,0,5.0,5.0,5.0,4.0,4.75,558.0,0,1,0,0
Malibu Towne,6.562815789473683,1054.8622,2.0,undefined,101,45,5,11,5,0,0,0,1,0,0,0,5.0,4.0,5.0,5.0,4.75,484.0,0,1,0,1
independent,3.24,1560.7655,2.0,undefined,156,14,0,1,3,0,0,0,1,0,0,0,4.0,4.0,4.5,4.0,4.25,502.0,0,1,0,1
independent,18.75,4520.838,1.0,Immediate,DLF Phase 1,46,0,18,11,6,0,0,0,0,1,6,5.0,5.0,5.0,5.0,5.0,223.0,0,0,0,0
valencia sector 73,3.3000000000000003,1582.2933,2.0,undefined,A/35,14,0,1,3,0,0,0,1,0,0,0,4.0,4.0,4.5,4.0,4.25,518.0,0,1,0,0
independent,7.5,2163.5439,1.0,undefined,South City 2,45,4,10,7,0,0,0,0,0,0,0,5.0,5.0,5.0,4.0,4.75,107.0,0,0,0,0
independent,0.108,1194.7929,2.0,Future,Sector-2 Sohna,0,0,0,0,0,0,0,1,0,0,0,4.0,4.0,4.5,4.0,4.25,503.0,0,1,0,0
independent,5.25,1453.1265,1.0,undefined,Sector 27 Gurgaon,47,0,6,10,3,0,0,0,0,0,3,5.0,4.0,5.0,4.0,4.5,388.0,0,0,1,0
Paras Ekam Homes,1.2374999999999998,1184.029,1.0,undefined,Sohna,15,2,0,0,0,0,0,1,0,0,1,4.0,4.0,5.0,4.0,4.25,462.0,0,1,0,0
independent,6.375,1625.3489,2.0,undefined,Corner,48,0,7,12,3,0,0,0,0,0,3,4.0,5.0,5.0,4.0,4.5,227.0,0,0,0,0
independent,17.25,4520.838,2.0,undefined,H-Block,49,2,4,10,1,0,0,0,0,0,1,5.0,5.0,5.0,5.0,5.0,306.0,0,0,0,0
independent,0.42,904.1676,1.0,Immediate,Maruti Kunj,0,0,0,0,0,0,0,0,0,1,0,4.0,4.0,4.0,4.0,4.0,109.0,0,0,0,0
Central Park Flower Valley,4.5,1732.9879,1.0,undefined,Sector-33 Sohna,15,4,3,0,0,1,0,0,0,0,1,4.0,4.0,4.5,4.0,4.25,68.0,1,0,0,1
Sushant Lok 1 Builder Floors,9.75,2701.7389,2.0,undefined,Sushant Lok Phase 1,46,2,4,9,2,0,0,0,0,0,2,5.0,5.0,5.0,5.0,5.0,494.0,0,0,0,0
independent,7.649999999999999,1937.502,1.0,undefined,00.,46,2,4,9,2,0,0,1,1,0,2,4.0,4.0,4.0,4.0,4.0,513.0,0,1,0,0
independent,12.0,2701.7389,1.0,undefined,00.,46,2,4,9,2,0,0,1,1,0,2,4.0,4.0,4.0,4.0,4.0,517.0,0,1,0,0
independent,1.95,538.1949999999999,2.0,undefined,00.,46,2,4,9,2,0,0,1,1,0,2,4.0,4.0,4.0,4.0,4.0,513.0,0,1,0,0
independent,2.175,1130.2095,1.0,undefined,Sector 37C Gurgaon,32,0,27,0,0,0,0,0,0,0,1,5.0,4.0,4.0,4.0,4.25,58.0,0,0,0,0
independent,5.475,2701.7389,3.0,undefined,Sector 4 Gurgaon,49,2,29,5,0,0,0,0,0,0,3,5.0,5.0,5.0,5.0,5.0,87.0,0,0,0,0
Vatika India Next,4.050000000000001,2432.6414,2.0,undefined,Sector 88A Gurgaon,3,0,1,0,0,0,0,0,0,0,1,4.0,4.0,4.5,4.0,4.25,96.0,0,0,0,1
independent,4.949999999999999,1625.3489,1.0,Immediate,Golf Course Road,46,0,3,11,3,0,0,0,0,1,3,4.0,4.0,4.5,4.0,4.25,75.0,0,0,0,1
independent,1.95,581.2506,2.0,Immediate,Golf Course Road,46,0,3,11,3,0,0,0,1,1,3,4.0,4.0,4.5,4.0,4.25,78.0,0,0,0,0
independent,9.75,3078.4754,2.0,Immediate,Sector 42,44,2,3,13,2,0,0,0,0,1,3,4.0,4.0,4.5,4.0,4.25,125.0,0,0,0,1
DLF City Plots,28.35,5672.5753,2.0,undefined,Dlf Phase 1,8,2,1,0,1,1,0,0,0,0,2,5.0,5.0,5.0,5.0,5.0,207.0,1,0,0,0
Unitech Greenwood City3.6 ★,13.5,4520.838,1.0,undefined,18 Meter Road,47,7,9,11,0,0,0,0,0,0,0,4.0,4.0,5.0,4.0,4.25,138.0,0,0,0,1
Vipul World3.9 ★,12.794999999999998,4520.838,1.0,Immediate,C-Block,15,2,3,1,0,0,0,1,0,1,1,4.0,4.0,5.0,4.0,4.25,354.0,0,1,0,0
independent,2.37,721.1813,1.0,undefined,Sector 42 Gurgaon,44,2,3,13,2,0,0,0,1,0,3,4.0,4.0,4.5,4.0,4.25,313.0,0,0,0,0
independent,3.225,904.1676,1.0,undefined,Sector 42 Gurgaon,44,2,3,13,2,0,0,0,1,0,3,4.0,4.0,4.5,4.0,4.25,313.0,0,0,0,0
independent,2.52,1162.5012,2.0,undefined,116,15,2,2,1,1,0,0,0,0,0,2,5.0,4.0,4.0,3.0,4.0,740.0,0,0,0,0
independent,2.685,1237.8485,2.0,undefined,122,15,2,2,1,1,0,0,0,0,0,2,5.0,4.0,4.0,3.0,4.0,848.0,0,0,0,0
Ireo Project,1.44,1151.7373,3.0,undefined,232,0,0,0,0,0,0,0,0,0,0,0,4.0,4.0,4.0,5.0,4.25,81.0,0,0,0,0
Zara Flora,0.54,1033.3344,3.0,undefined,H11,7,2,1,0,0,0,0,0,0,0,1,4.0,4.0,5.0,4.0,4.25,112.0,0,0,0,0
Ramprastha Plots,2.97,2701.7389,1.0,undefined,B147,32,0,27,0,0,0,0,0,0,0,0,4.0,4.0,4.0,4.0,4.0,124.0,0,0,1,1
JMS Prime Land,1.35,1076.39,1.0,undefined,A87,11,3,1,0,0,0,0,0,0,0,1,5.0,4.5,5.0,5.0,4.875,117.0,0,0,0,0
JMS The Nation,1.44,1076.39,1.0,undefined,134,6,2,1,0,0,0,0,0,0,0,1,4.0,4.5,4.0,4.5,4.25,96.0,0,0,0,0
Lion Infra Green Valley,1.56,1119.4456,1.0,undefined,A17,0,0,0,0,0,0,0,0,0,0,0,4.0,4.0,4.0,5.0,4.25,195.0,0,0,0,0
MV Buildcon Precore City,2.1,2389.5858,2.0,undefined,A85,7,2,1,0,0,0,0,0,0,0,0,4.0,4.0,5.0,4.0,4.25,115.0,0,0,0,0
HUDA SECTOR 46,4.65,1453.1265,1.0,undefined,Close To Shopping Centre,47,6,8,6,0,0,0,0,0,0,0,4.0,4.0,5.0,4.0,4.25,238.0,0,0,1,1
Shree Vardhman City,1.755,1108.6817,2.0,undefined,Sohna,7,2,1,0,0,0,0,0,0,0,1,4.0,4.0,5.0,4.0,4.25,195.0,0,0,0,0
Central Park Flower Valley Mikasa Plots,9.165,3821.1845,1.0,undefined,Central Park,7,1,1,0,1,0,0,0,0,0,2,4.0,4.0,4.5,4.0,4.25,667.0,0,0,1,0
Central Park Flower Valley Mikasa Plots,5.28,2249.6551,1.0,undefined,I Block,7,1,1,0,1,0,0,0,0,0,2,4.0,4.0,4.5,4.0,4.25,446.0,0,0,1,0
Central Park Flower Valley Mikasa Plots,11.25,4499.3102,1.0,undefined,A Block,7,1,1,0,1,0,0,0,0,0,2,4.0,4.0,4.5,4.0,4.25,446.0,0,0,1,0
vatika horizon sector 82 A,31.5,1571.5294,2.0,undefined,C35,10,0,1,0,0,0,0,1,0,0,0,5.0,5.0,5.0,5.0,5.0,516.0,0,1,0,0
Vatika India Next4.1 ★,2.1,1054.8622,1.0,undefined,B178,8,2,1,0,0,0,0,1,0,0,1,4.0,4.0,4.0,4.0,4.0,382.0,0,1,0,0
Vatika India Next4.1 ★,2.7,1345.4875,1.0,undefined,A356,8,2,1,0,0,0,0,1,0,0,1,4.0,4.0,4.0,4.0,4.0,433.0,0,1,0,1
independent,2.97,1485.4181999999998,1.0,undefined,A278,10,0,1,0,0,0,0,1,0,0,0,5.0,5.0,5.0,5.0,5.0,478.0,0,1,0,1
vatika Horizon sector 82A,2.325,1033.3344,1.0,undefined,A122,10,0,1,0,0,0,0,1,0,0,0,5.0,5.0,5.0,5.0,5.0,564.0,0,1,0,1
independent,15.0,7114.9379,1.0,undefined,Sector 45 Gurgaon,48,7,6,14,1,0,0,1,0,0,1,4.0,4.0,5.0,4.0,4.25,459.0,0,1,0,0
independent,4.800000000000001,1453.1265,1.0,undefined,0001,47,6,8,6,0,0,0,0,0,0,0,4.0,4.0,5.0,4.0,4.25,100.0,0,0,0,0
independent,11.625,4499.3102,1.0,Immediate,Sector 40 Gurgaon,48,6,6,13,1,0,0,0,0,1,1,4.0,4.0,4.0,4.0,4.0,174.0,0,0,1,1
independent,3.45,904.1676,1.0,Immediate,Xxx,44,2,3,13,2,0,1,0,1,1,3,4.0,4.0,4.5,4.0,4.25,204.0,0,0,1,0
independent,9.75,3078.4754,2.0,Immediate,000,47,6,8,6,0,0,0,0,0,1,0,4.0,4.0,5.0,4.0,4.25,271.0,0,0,1,1
independent,9.225,3078.4754,1.0,undefined,000,48,7,6,14,1,0,0,0,0,0,1,4.0,4.0,5.0,4.0,4.25,184.0,0,0,1,1
independent,4.35,1453.1265,2.0,undefined,Sector 38 Gurgaon,47,4,12,7,0,0,1,0,0,0,0,4.0,4.0,5.0,4.0,4.25,136.0,0,0,1,0
independent,4.5,1453.1265,1.0,Immediate,000,48,6,6,13,1,0,0,0,0,1,1,4.0,4.0,4.0,4.0,4.0,196.0,0,0,0,0
DLF Alameda,8.475000000000001,2249.6551,2.0,Immediate,C- Block,8,2,1,0,0,0,0,0,0,1,2,4.0,4.0,4.5,4.0,4.25,249.0,0,0,1,0
independent,9.75,3078.4754,2.0,Immediate,000,48,7,6,14,1,0,0,0,0,1,1,4.0,4.0,5.0,4.0,4.25,161.0,0,0,1,0
Raheja Vanya City,1.6949999999999998,1022.5705,2.0,undefined,Ddjay,0,0,0,0,0,0,0,0,0,0,0,4.0,3.0,3.0,3.0,3.25,106.0,0,0,0,0
KULDEEP AVENUE,0.27,904.1676,2.0,undefined,100,48,0,38,0,0,0,0,0,0,0,1,2.0,3.0,4.0,3.5,3.125,327.0,0,0,1,0
Raheja Vanya City,2.25,1367.0153,2.0,undefined,Ddjay,0,0,0,0,0,0,0,0,0,0,0,4.0,3.0,3.0,3.0,3.25,160.0,0,0,0,0
BNB Nature Valley,2.865,1388.5431,1.0,undefined,Sector 70 Gurgaon,10,2,1,0,1,0,0,0,0,0,3,4.0,4.0,3.0,3.5,3.625,118.0,0,0,0,0
Ansals Palam Vihar,12.419999999999998,4520.838,1.0,undefined,J-Blcok,27,4,3,3,1,0,0,0,0,0,3,5.0,5.0,5.0,4.0,4.75,192.0,0,0,0,0
DLF City Plots Phase 4,6.562815789473683,3218.4061,2.0,undefined,30m Road,47,1,7,9,4,0,0,0,0,0,4,5.0,4.0,5.0,5.0,4.75,250.0,0,0,0,1
G99,6.9,3186.1144,2.0,Immediate,Sector 99 Gurgaon,10,2,1,0,0,0,0,0,0,1,1,4.5,4.0,4.5,4.5,4.375,444.0,0,0,1,0
G99,9.96,5801.7421,2.0,Immediate,Sector 99 Gurgaon,10,2,1,0,0,0,0,0,0,1,1,4.5,4.0,4.5,4.5,4.375,444.0,0,0,1,0
G99,6.24,2335.7663,2.0,undefined,Sector 99 Gurgaon,10,2,1,0,0,0,0,0,0,0,1,4.5,4.0,4.5,4.5,4.375,444.0,0,0,1,0
BPTP Amstoria3.8 ★,3.9,1625.3489,1.0,undefined,Sector 102 Gurgaon,11,2,1,0,0,0,0,0,0,0,2,4.0,4.5,4.0,4.0,4.125,319.0,0,0,0,0
Experion The Westerlies,3.1500000000000004,1625.3489,1.0,Immediate,Sector 108 Gurgaon,9,3,1,0,0,0,0,0,0,1,1,4.0,4.5,4.5,4.5,4.375,293.0,0,0,0,0
independent,6.675000000000001,3078.4754,1.0,undefined,Sector 10A Gurgaon,49,0,38,0,0,0,0,0,0,0,1,4.0,5.0,5.0,5.0,4.75,66.0,0,0,0,0
Bhelpa Greens,0.35265,2701.7389,2.0,undefined,Bhondsi,0,0,0,0,0,0,0,0,0,0,0,4.0,4.0,4.0,4.0,4.0,51.0,0,0,0,0
Ansals Shiva Som Valley,0.945,968.751,1.0,undefined,Sector-2 Sohna,0,0,0,0,0,0,0,0,0,0,0,4.0,4.0,4.5,4.0,4.25,206.0,0,0,0,0
Gokulam Sector 7 Sohna,1.0125000000000002,1345.4875,2.0,undefined,sector 7 Sohna,50,3,35,1,0,0,0,0,0,0,2,4.0,4.0,4.5,4.0,4.25,186.0,0,0,0,0
Ansals Palam Vihar,9.75,4682.2965,1.0,Immediate,Palam Vihar,27,4,3,3,1,1,0,0,0,1,3,5.0,5.0,5.0,4.0,4.75,436.0,1,0,0,0
independent,13.2,7201.049099999999,1.0,Immediate,Palam Vihar,27,4,3,3,1,0,0,0,0,1,3,5.0,5.0,5.0,4.0,4.75,431.0,0,0,0,0
independent,10.68,4682.2965,2.0,Immediate,Palam Vihar,27,4,3,3,1,1,1,0,0,1,3,5.0,5.0,5.0,4.0,4.75,230.0,1,0,1,0
BPTP Amstoria3.8 ★,5.25,2249.6551,1.0,undefined,169,11,2,1,0,0,0,0,0,0,0,2,4.0,4.5,4.0,4.0,4.125,355.0,0,0,0,0
Orchid Island4.2 ★,2.7,904.1676,1.0,undefined,115',9,2,1,0,1,0,0,0,1,0,2,5.0,4.0,5.0,4.0,4.5,105.0,0,0,0,0
Central Park Flower Valley,6.135,2626.3916,2.0,undefined,001,15,4,3,0,0,0,0,0,0,0,1,4.0,4.0,4.5,4.0,4.25,1144.0,0,0,1,0
Satya Merano Greens,2.13,1453.1265,2.0,undefined,003,11,2,1,0,0,0,0,0,0,0,1,4.0,3.0,3.0,3.0,3.25,1003.0,0,0,1,0
Satya Merano Greens,1.875,1280.9041,2.0,undefined,007,11,2,1,0,0,0,0,0,0,0,1,4.0,3.0,3.0,3.0,3.25,1003.0,0,0,1,0
Satya Merano Greens,1.6949999999999998,1151.7373,2.0,undefined,003,11,2,1,0,0,0,0,0,0,0,1,4.0,3.0,3.0,3.0,3.25,1003.0,0,0,1,0
independent,3.3000000000000003,1625.3489,1.0,Immediate,experion westerlies,50,3,35,1,0,0,0,0,0,1,2,4.0,4.0,4.5,4.0,4.25,61.0,0,0,0,0
BPTP Amstoria3.8 ★,4.425000000000001,182.9863,2.0,undefined,Sector 102 Gurgaon,11,2,1,0,0,0,0,0,0,0,2,4.0,4.5,4.0,4.0,4.125,146.0,0,0,0,0
independent,18.0,4520.838,1.0,Immediate,DLF Phase 3,44,0,16,12,6,0,0,0,0,1,6,4.0,5.0,5.0,4.0,4.5,386.0,0,0,0,0
independent,8.31,2690.975,1.0,Immediate,Sushant Lok Phase 3,45,5,7,13,0,0,0,0,0,1,2,4.0,4.0,4.0,4.0,4.0,126.0,0,0,0,0
Raheja Vanya,2.385,1356.2514,2.0,undefined,Sector 99A Gurgaon,9,2,1,0,1,0,0,0,0,0,3,4.0,3.0,3.0,3.0,3.25,84.0,0,0,0,0
Ramprastha City,2.625,2249.6551,1.0,undefined,Sector 92 Gurgaon,8,0,4,0,0,0,0,0,0,0,0,5.0,4.0,4.0,3.0,4.0,1349.0,0,0,1,0
independent,6.9,2368.058,1.0,undefined,1234,47,4,12,7,0,0,1,0,0,0,0,4.0,4.0,5.0,4.0,4.25,215.0,0,0,1,0
independent,3.3000000000000003,1453.1265,1.0,undefined,1234,45,5,10,6,0,0,0,0,0,0,2,4.0,4.0,4.0,4.0,4.0,193.0,0,0,0,0
independent,4.5,2701.7389,1.0,undefined,Sector 51 Gurgaon,46,5,11,7,0,0,0,0,0,0,0,5.0,4.0,5.0,4.0,4.5,160.0,0,0,0,0
independent,3.825,1636.1128,1.0,undefined,Sector 52 Gurgaon,44,4,5,10,0,0,0,0,0,0,2,4.0,5.0,5.0,4.0,4.5,309.0,0,0,1,0
ROF Insignia Park,2.58,1291.668,1.0,undefined,Block C,14,1,1,0,0,0,0,0,0,0,1,4.0,4.0,4.5,4.0,4.25,128.0,0,0,1,1
independent,6.9,3239.9339,1.0,undefined,02120,49,5,9,10,0,0,0,0,0,0,0,4.0,4.0,5.0,4.0,4.25,123.0,0,0,0,0
Orris Woodview Residencies,2.895,1625.3489,1.0,undefined,Sector 89 Gurgaon,9,2,1,0,0,0,0,0,0,0,0,4.0,4.0,4.0,4.0,4.0,166.0,0,0,0,0
3B Homes Pataudi One,0.7488,936.4593,1.0,Immediate,Pataudi,15,1,2,4,1,0,0,0,0,1,3,4.0,5.0,4.0,5.0,4.5,117.0,0,0,0,0
Orris Woodview Residencies,3.6,2163.5439,1.0,undefined,C-26,9,2,1,0,0,0,0,0,0,0,0,4.0,4.0,4.0,4.0,4.0,200.0,0,0,0,0
Orris Woodview Residencies,3.87,2443.4053,1.0,undefined,D-06,9,2,1,0,0,0,1,0,0,0,0,4.0,4.0,4.0,4.0,4.0,71.0,0,0,1,0
independent,6.75,301.3892,1.0,Immediate,Main Road,10,0,1,0,0,0,0,1,0,1,0,4.0,4.0,4.0,4.0,4.0,484.0,0,1,0,0
Vatika India Next Plots3.6 ★,7.199999999999999,3595.1426,1.0,Immediate,Iris Avenue,15,2,5,1,0,0,0,1,0,1,0,5.0,5.0,4.0,5.0,4.75,511.0,0,1,0,0
orris plot atulayam,2.88,1442.3626,1.0,undefined,0025,11,0,1,0,0,0,0,0,0,0,0,5.0,5.0,4.0,5.0,4.75,117.0,0,0,0,0
Central Park Flower Valley,5.625,2249.6551,1.0,Immediate,Sector-33 Sohna,15,4,3,0,0,0,0,0,0,1,1,4.0,4.0,4.5,4.0,4.25,61.0,0,0,0,0
Sector-47,4.65,1453.1265,1.0,undefined,001,43,4,5,14,3,0,0,0,0,0,5,4.0,4.0,4.5,4.0,4.25,122.0,0,0,0,1
independent,18.75,4520.838,1.0,undefined,Greenwood City,48,6,6,14,1,0,0,0,0,0,1,4.5,4.0,5.0,4.5,4.5,794.0,0,0,0,0
independent,6.300000000000001,3595.1426,1.0,undefined,Sector 83 Gurgaon,11,0,1,0,0,0,0,0,0,0,0,5.0,5.0,4.0,5.0,4.75,719.0,0,0,0,0
BPTP Amstoria3.8 ★,4.050000000000001,1625.3489,2.0,undefined,C Block,11,2,1,0,0,0,0,0,0,0,2,4.0,4.5,4.0,4.0,4.125,147.0,0,0,0,0
independent,6.75,4520.838,1.0,undefined,Sector 9A Gurgaon,49,1,32,5,0,0,0,0,0,0,3,4.0,4.0,4.0,4.0,4.0,46.0,0,0,0,0
BPTP Green Oaks,4.695,182.9863,1.0,undefined,Sector 70A Gurgaon,10,3,1,0,1,0,0,1,0,0,2,5.0,4.0,4.0,4.0,4.25,593.0,0,1,0,0
BPTP Green Oaks,3.945,1345.4875,1.0,undefined,Sector 70A Gurgaon,10,3,1,0,1,0,0,1,0,0,2,5.0,4.0,4.0,4.0,4.25,623.0,0,1,0,1
DLF Alameda,6.75,2249.6551,1.0,undefined,Sector 73 Gurgaon,8,2,1,0,0,0,0,1,0,0,2,4.0,4.0,4.5,4.0,4.25,572.0,0,1,0,1
DLF Alameda,13.5,4499.3102,1.0,undefined,Sector 73 Gurgaon,8,2,1,0,0,0,0,1,0,0,2,4.0,4.0,4.5,4.0,4.25,591.0,0,1,0,1
BPTP Fortuna,6.57,2249.6551,1.0,Immediate,Sector 70A Gurgaon,8,2,1,0,1,0,0,1,0,1,2,5.0,4.0,4.0,4.0,4.25,468.0,0,1,0,1
independent,1.86,1399.307,1.0,Future,Sector 95 Gurgaon,5,0,4,0,0,0,0,1,0,0,0,4.0,4.5,4.0,4.5,4.25,512.0,0,1,0,1
Emaar Emerald Hills4.1 ★,13.47,3595.1426,1.0,Immediate,Plot,10,2,1,0,0,0,0,0,0,1,1,4.0,4.0,5.0,4.0,4.25,115.0,0,0,0,1
independent,12.0,2432.6414,1.0,undefined,DLF Phase 4,47,1,7,10,3,0,0,0,0,0,3,5.0,4.0,5.0,5.0,4.75,49.0,0,0,0,0
independent,4.5,8998.6204,1.0,undefined,Block T New Palam Vihar Phase 2,19,2,5,1,1,0,0,1,0,0,2,4.0,4.0,4.5,4.0,4.25,545.0,0,1,0,0
Vatika Express City,3.225,1679.1684,1.0,undefined,Sector 88A Gurgaon,6,2,1,0,0,0,0,0,0,0,1,4.0,4.0,4.5,4.0,4.25,596.0,0,0,0,0
DLF City Plots Phase 3,8.52,2841.6696,2.0,undefined,V And T Block,44,0,16,12,6,0,0,0,0,0,6,4.0,5.0,5.0,4.0,4.5,115.0,0,0,0,0
independent,5.4,1625.3489,2.0,undefined,A25,47,1,14,10,0,0,0,0,0,0,0,4.0,4.0,5.0,4.0,4.25,126.0,0,0,0,0
Experion The Westerlies,3.795,182.9863,2.0,undefined,1st,9,3,1,0,0,0,0,1,0,0,1,4.0,4.5,4.5,4.5,4.375,510.0,0,1,0,0
independent,6.562815789473683,6393.7566,3.0,undefined,T Block,44,0,16,12,6,0,0,0,0,0,6,4.0,5.0,5.0,4.0,4.5,88.0,0,0,0,0
independent,11.25,2421.8775,1.0,undefined,6200 Lane,47,1,7,10,3,0,0,0,0,0,3,5.0,4.0,5.0,5.0,4.75,57.0,0,0,1,0
independent,1.875,538.1949999999999,2.0,undefined,Sector 43 Gurgaon,46,1,5,9,3,0,0,0,0,0,3,4.0,4.0,5.0,4.0,4.25,70.0,0,0,0,0
independent,13.5,3078.4754,2.0,undefined,B Block Sushant Lok Phase 1,48,1,4,9,2,0,0,0,0,0,2,4.0,4.5,4.5,4.0,4.25,39.0,0,0,0,0
independent,1.275,904.1676,2.0,Future,Sector 95 Gurgaon,5,0,4,0,0,0,0,0,0,0,0,4.0,4.5,4.0,4.5,4.25,211.0,0,0,0,0
BPTP Amstoria3.8 ★,5.43,2238.8912,3.0,Future,Sector 102 Gurgaon,11,2,1,0,0,0,0,0,0,0,2,4.0,4.5,4.0,4.0,4.125,166.0,0,0,0,0
independent,14.25,2841.6696,3.0,undefined,DLF Phase 2,44,0,9,13,5,1,1,0,0,0,5,5.0,5.0,5.0,5.0,5.0,49.0,1,0,1,0
Raheja Vanya,1.44075,1011.8066,3.0,Future,Sector 99A Gurgaon,9,2,1,0,1,0,0,0,0,0,3,4.0,3.0,3.0,3.0,3.25,60.0,0,0,0,0
Vatika Xpressions,6.2250000000000005,4499.3102,2.0,undefined,Sec 88b,7,2,1,0,0,1,1,0,0,0,0,4.0,4.0,4.5,4.0,4.25,578.0,1,0,1,0
Vatika Xpressions,5.22,3595.1426,2.0,undefined,Sec 88b,7,2,1,0,0,1,1,0,0,0,0,4.0,4.0,4.5,4.0,4.25,578.0,1,0,1,0
Vatika Xpressions,4.365,2701.7389,2.0,undefined,Sec 88b,7,2,1,0,0,1,1,0,0,0,0,4.0,4.0,4.5,4.0,4.25,578.0,1,0,1,0
Vatika Xpressions,4.275,2701.7389,2.0,undefined,Sec 88b,7,2,1,0,0,1,1,0,0,0,0,4.0,4.0,4.5,4.0,4.25,579.0,1,0,1,0
Vatika Xpressions,4.245,2432.6414,2.0,undefined,88b,7,2,1,0,0,1,1,0,0,0,0,4.0,4.0,4.5,4.0,4.25,578.0,1,0,1,0
Vatika Xpressions,3.96,2163.5439,2.0,undefined,Sec 88b,7,2,1,0,0,1,1,0,0,0,0,4.0,4.0,4.5,4.0,4.25,578.0,1,0,1,0
Vatika Xpressions,3.855,2163.5439,2.0,undefined,Sec 88b,7,2,1,0,0,1,1,0,0,0,0,4.0,4.0,4.5,4.0,4.25,578.0,1,0,1,0
Vatika Xpressions,2.475,182.9863,2.0,undefined,Sec 88b,7,2,1,0,0,1,1,0,0,0,0,4.0,4.0,4.5,4.0,4.25,578.0,1,0,1,0
Vatika Xpressions,2.355,1485.4181999999998,2.0,undefined,Sec 88b,7,2,1,0,0,1,1,0,0,0,0,4.0,4.0,4.5,4.0,4.25,578.0,1,0,1,0
Vatika Xpressions,2.295,1485.4181999999998,2.0,undefined,Sec 88b,7,2,1,0,0,1,1,0,0,0,0,4.0,4.0,4.5,4.0,4.25,578.0,1,0,1,0
independent,1.89,1173.2650999999998,2.0,undefined,Sec 88b,0,0,0,0,0,1,1,0,0,0,0,4.0,4.0,4.5,4.0,4.25,578.0,1,0,1,0
Vatika Express City,4.095,2432.6414,2.0,undefined,Sec 88a,6,2,1,0,0,0,0,0,0,0,1,4.0,4.0,4.5,4.0,4.25,605.0,0,0,0,0
Vatika Express City,3.78,2163.5439,2.0,undefined,Sec 88a,6,2,1,0,0,0,0,0,0,0,1,4.0,4.0,4.5,4.0,4.25,605.0,0,0,0,0
independent,9.375,2163.5439,4.0,undefined,G Block,49,2,4,10,1,0,0,0,0,0,1,5.0,5.0,5.0,5.0,5.0,51.0,0,0,0,0
Vatika Express City,2.475,1345.4875,2.0,undefined,Sec 88a,6,2,1,0,0,0,0,0,0,0,1,4.0,4.0,4.5,4.0,4.25,605.0,0,0,0,0
Vatika Express City,2.505,1345.4875,2.0,undefined,Sec 88a,6,2,1,0,0,1,1,0,0,0,1,4.0,4.0,4.5,4.0,4.25,584.0,1,0,1,0
independent,18.0,4520.838,1.0,undefined,0001,49,4,19,5,0,0,1,0,0,0,1,5.0,5.0,5.0,4.0,4.75,73.0,0,0,1,0
independent,9.75,2260.419,1.0,undefined,DLF Phase 2,44,0,9,13,5,0,0,0,0,0,5,5.0,5.0,5.0,5.0,5.0,306.0,0,0,1,0
independent,15.0,3616.6704,1.0,undefined,DLF Phase 2,44,0,9,13,5,0,0,0,0,0,5,5.0,5.0,5.0,5.0,5.0,306.0,0,0,1,0
nul,6.562815789473683,1399.307,2.0,Future,Sector 95 Gurgaon,5,0,4,0,0,0,0,0,0,0,0,4.0,4.5,4.0,4.5,4.25,539.0,0,0,0,0
independent,2.0250000000000004,96.8751,2.0,undefined,Sector 85 Gurgaon,12,0,0,0,0,0,0,0,0,0,0,5.0,5.0,5.0,4.5,4.875,91.0,0,0,0,0
independent,3.6,1625.3489,2.0,undefined,Sector 78 Gurgaon,6,0,0,0,0,0,0,0,0,0,0,4.0,4.0,5.0,4.0,4.25,43.0,0,0,0,0
ROF Insignia Park 2,1.56,1173.2650999999998,3.0,Within_6_months,Sector 95 Gurgaon,5,1,1,0,0,0,0,0,0,0,1,4.0,4.5,4.0,4.5,4.25,79.0,0,0,0,0
ROF Insignia Park 2,1.2000000000000002,904.1676,3.0,Future,Sector 95 Gurgaon,5,1,1,0,0,0,0,0,0,0,1,4.0,4.5,4.0,4.5,4.25,84.0,0,0,0,0
Landmark Avana,1.89,1506.946,3.0,Future,Sector 95 Gurgaon,5,0,4,0,0,0,0,0,0,0,0,4.0,4.5,4.0,4.5,4.25,84.0,0,0,0,0
Landmark Avana,1.995,1603.8211,3.0,Future,Sector 95 Gurgaon,5,0,4,0,0,0,0,0,0,0,0,4.0,4.5,4.0,4.5,4.25,84.0,0,0,0,0
Landmark Avana,1.40625,1130.2095,3.0,Future,Sector 95 Gurgaon,5,0,4,0,0,0,0,0,0,0,0,4.0,4.5,4.0,4.5,4.25,55.0,0,0,0,0
Raheja Vanya,1.53,1011.8066,3.0,Future,Sector 99A Gurgaon,9,2,1,0,1,0,0,0,0,0,3,4.0,3.0,3.0,3.0,3.25,55.0,0,0,0,0
ROF Insignia Park 2,1.38,1033.3344,3.0,Within_3_months,Sector 95 Gurgaon,5,1,1,0,0,0,0,0,0,0,1,4.0,4.5,4.0,4.5,4.25,80.0,0,0,0,0
Mapsko Aspr Hills,2.505,150.69459999999998,3.0,Future,Sector 78 Gurgaon,7,2,1,0,0,0,0,0,0,0,1,4.0,4.0,5.0,4.0,4.25,63.0,0,0,0,0
independent,10.89,5177.4359,2.0,undefined,00001,48,1,5,13,1,0,1,0,0,0,1,5.0,5.0,5.0,5.0,5.0,101.0,0,0,1,0
Ansals Florence Villa,9.675,2701.7389,1.0,undefined,C Block,45,5,7,13,0,0,0,0,0,0,2,4.0,4.0,4.0,4.0,4.0,91.0,0,0,1,0
Skywhales Vienna Greens,1.56,1108.6817,1.0,undefined,Plot,6,2,0,0,0,0,0,0,0,0,1,4.0,3.0,3.0,3.0,3.25,182.0,0,0,0,0
Breez Flora Avenue 88A,2.175,1237.8485,4.0,undefined,Plot,8,2,1,0,1,0,0,0,0,0,2,4.0,4.0,4.5,4.0,4.25,147.0,0,0,0,0
Experion The Westerlies,3.2700000000000005,1625.3489,1.0,undefined,Plot,9,3,1,0,0,0,0,0,0,0,1,4.0,4.5,4.5,4.5,4.375,605.0,0,0,0,0
BPTP Amstoria3.8 ★,5.625,2249.6551,1.0,undefined,Bptp,11,2,1,0,0,0,0,0,0,0,2,4.0,4.5,4.0,4.0,4.125,514.0,0,0,1,1
DLF City Plots,9.75,269.0975,1.0,Immediate,H 33,8,2,1,0,1,0,0,0,0,1,2,5.0,5.0,5.0,5.0,5.0,134.0,0,0,0,0
independent,9.375,4499.3102,1.0,undefined,Sector 92 Gurgaon,8,0,4,0,0,0,0,0,0,0,0,5.0,4.0,4.0,3.0,4.0,95.0,0,0,1,1
Malibu Towne,28.5,9676.7461,2.0,undefined,Prime Location,45,5,11,5,0,0,0,0,0,0,0,5.0,4.0,5.0,5.0,4.75,89.0,0,0,0,0
independent,16.875,3239.9339,1.0,undefined,Nirvana,46,4,10,8,0,0,0,0,0,0,0,5.0,5.0,5.0,5.0,5.0,154.0,0,0,0,0
BPTP Astaire Gardens3.7 ★,5.01,1722.224,2.0,undefined,A Block,12,2,0,0,1,0,0,0,0,0,3,5.0,4.0,4.0,4.0,4.25,514.0,0,0,0,0
Unitech South City 2,19.05,6931.951599999999,1.0,undefined,South City 2,45,4,10,7,0,0,0,0,0,0,0,5.0,5.0,5.0,4.0,4.75,191.0,0,0,0,0
Vatika Express City,9.0,5403.4778,1.0,undefined,Sector 88A Gurgaon,6,2,1,0,0,0,0,0,0,0,1,4.0,4.0,4.5,4.0,4.25,656.0,0,0,0,0
Vatika Express City,4.515,2357.2941,1.0,undefined,Sector 88A Gurgaon,6,2,1,0,0,0,0,0,0,0,1,4.0,4.0,4.5,4.0,4.25,656.0,0,0,0,0
on request,1.875,1399.307,2.0,undefined,Limited Inventory,5,0,4,0,0,0,0,0,0,0,0,4.0,4.5,4.0,4.5,4.25,324.0,0,0,0,0
Vatika Express City,4.965,2712.5028,1.0,undefined,Sector 88A Gurgaon,6,2,1,0,0,0,0,0,0,0,1,4.0,4.0,4.5,4.0,4.25,656.0,0,0,0,0
Vatika Express City,3.135,1636.1128,1.0,undefined,Sector 88A Gurgaon,6,2,1,0,0,0,0,0,0,0,1,4.0,4.0,4.5,4.0,4.25,656.0,0,0,0,0
Vatika Express City,4.485,2335.7663,1.0,undefined,Sector 88A Gurgaon,6,2,1,0,0,0,0,0,0,0,1,4.0,4.0,4.5,4.0,4.25,596.0,0,0,0,0
VATIKA INDIA NEXT 2,2.805,1603.8211,1.0,undefined,Sector 88B Gurgaon,0,0,0,0,0,0,0,0,0,0,0,4.0,4.0,4.5,4.0,4.25,586.0,0,0,0,0
Vatika Xpressions,1.7999999999999998,1011.8066,1.0,undefined,Sector 88B Gurgaon,7,2,1,0,0,0,0,0,0,0,0,4.0,4.0,4.5,4.0,4.25,121.0,0,0,0,0
Vatika Xpressions,1.95,1011.8066,3.0,Future,Sector 88B Gurgaon,7,2,1,0,0,0,0,0,0,0,0,4.0,4.0,4.5,4.0,4.25,534.0,0,0,0,0
Vatika Xpressions,2.94,1625.3489,2.0,Within_6_months,Sector 88B Gurgaon,7,2,1,0,0,0,0,0,0,0,0,4.0,4.0,4.5,4.0,4.25,56.0,0,0,0,0
independent,2.85,1485.4181999999998,2.0,undefined,Sector 88B Gurgaon,0,0,0,0,0,0,0,0,0,0,0,4.0,4.0,4.5,4.0,4.25,131.0,0,0,0,0
Adani tatva,3.075,1614.585,1.0,undefined,Sector 99A Gurgaon,0,0,0,0,0,0,0,0,0,0,0,4.0,3.0,3.0,3.0,3.25,371.0,0,0,0,0
independent,1.65,1076.39,2.0,Future,Sector 95 Gurgaon,5,0,4,0,0,0,0,0,0,0,0,4.0,4.5,4.0,4.5,4.25,800.0,0,0,0,0
Unitech South City 23.8 ★,7.199999999999999,2163.5439,1.0,Immediate,D 40,45,4,10,8,0,0,0,0,0,1,0,5.0,5.0,5.0,4.0,4.75,50.0,0,0,0,0
Vatika One Express City,4.455,269.0975,1.0,undefined,Upcoming Plot On Dwarka Expressway,6,1,1,0,0,0,0,0,0,0,1,4.0,4.0,4.5,4.0,4.25,868.0,0,0,0,0
huda sector 46,8.879999999999999,2368.058,1.0,undefined,123,47,6,8,6,0,0,0,0,0,0,0,4.0,4.0,5.0,4.0,4.25,92.0,0,0,0,0
RWA Sector 46,2.0250000000000004,559.7228,1.0,undefined,60 Sq Yd East Facing Plot Demand 1.35 Cr,47,6,9,12,0,0,0,0,0,0,0,4.0,4.0,5.0,4.0,4.25,241.0,0,0,0,0
BPTP Amstoria3.8 ★,5.085,2723.2667,1.0,Immediate,171,11,2,1,0,0,0,0,0,0,1,2,4.0,4.5,4.0,4.0,4.125,355.0,0,0,0,0
G99,7.800000000000001,4197.921,1.0,Immediate,Valencia,10,2,1,0,0,0,0,0,0,1,1,4.5,4.0,4.5,4.5,4.375,910.0,0,0,1,1
independent,6.18,2809.3779,3.0,undefined,426,0,0,0,0,0,0,0,0,0,0,0,4.5,4.0,4.5,4.5,4.375,355.0,0,0,0,0
BPTP Amstoria3.8 ★,4.5,2023.6132,1.0,undefined,Sector 102 Gurgaon,11,2,1,0,0,0,0,0,0,0,2,4.0,4.5,4.0,4.0,4.125,339.0,0,0,1,0
BPTP Amstoria3.8 ★,3.9,1646.8767,2.0,undefined,175,11,2,1,0,0,0,0,0,0,0,2,4.0,4.5,4.0,4.0,4.125,355.0,0,0,0,0
BPTP Amstoria3.8 ★,6.75,2723.2667,1.0,Immediate,C Block,11,2,1,0,0,0,0,0,0,1,2,4.0,4.5,4.0,4.0,4.125,2462.0,0,0,1,1
ROF Normanton Park,2.4000000000000004,1506.946,3.0,Future,Sohna,9,2,1,0,0,0,0,0,0,0,0,4.0,4.0,5.0,4.0,4.25,915.0,0,0,1,0
ROF Normanton Park,2.16,1345.4875,3.0,Future,Sohna,9,2,1,0,0,0,0,0,0,0,0,4.0,4.0,5.0,4.0,4.25,915.0,0,0,1,0
ROF Normanton Park,2.04,1291.668,3.0,Future,Sohna,9,2,1,0,0,0,0,0,0,0,0,4.0,4.0,5.0,4.0,4.25,915.0,0,0,1,0
Vatika One Express City,3.1049999999999995,182.9863,1.0,undefined,Luxury Plot On Dwarka Expresway Highway,6,1,1,0,0,1,1,0,0,0,1,4.0,4.0,4.5,4.0,4.25,1322.0,1,0,1,0
G99,5.8950000000000005,2357.2941,1.0,undefined,Sector 99 Gurgaon,10,2,1,0,0,0,0,0,0,0,1,4.5,4.0,4.5,4.5,4.375,1306.0,0,0,1,0
RWA Sector 46,4.44,1453.1265,1.0,Immediate,160 Sq Yd Plot Asking Rate Is 1.85 Psy,47,6,9,12,0,0,0,0,0,1,0,4.0,4.0,5.0,4.0,4.25,248.0,0,0,0,0
G99,6.42,2658.6833,1.0,undefined,Sector 99 Gurgaon,10,2,1,0,0,0,0,0,0,0,1,4.5,4.0,4.5,4.5,4.375,1306.0,0,0,1,0
BPTP Amstoria3.8 ★,9.51,4230.2127,1.0,undefined,Sector 102 Gurgaon,11,2,1,0,0,0,0,0,0,0,2,4.0,4.5,4.0,4.0,4.125,514.0,0,0,1,1
BPTP Amstoria3.8 ★,4.59,1625.3489,1.0,undefined,Sector 102 Gurgaon,11,2,1,0,0,0,0,0,0,0,2,4.0,4.5,4.0,4.0,4.125,514.0,0,0,1,1
BPTP Amstoria3.8 ★,6.69,2228.1273,1.0,undefined,Sector 102 Gurgaon,11,2,1,0,0,0,0,0,0,0,2,4.0,4.5,4.0,4.0,4.125,514.0,0,0,1,1
BPTP Amstoria3.8 ★,6.584999999999999,2723.2667,1.0,undefined,Sector 102 Gurgaon,11,2,1,0,0,0,0,0,0,0,2,4.0,4.5,4.0,4.0,4.125,514.0,0,0,1,1
BPTP Amstoria3.8 ★,5.07,2023.6132,1.0,undefined,Sector 102 Gurgaon,11,2,1,0,0,0,0,0,0,0,2,4.0,4.5,4.0,4.0,4.125,514.0,0,0,1,1
BPTP Amstoria3.8 ★,6.195,2249.6551,1.0,undefined,Sector 102 Gurgaon,11,2,1,0,0,0,0,0,0,0,2,4.0,4.5,4.0,4.0,4.125,514.0,0,0,1,1
BPTP Amstoria3.8 ★,9.165,473.6116,1.0,undefined,Sector 102 Gurgaon,11,2,1,0,0,0,0,0,0,0,2,4.0,4.5,4.0,4.0,4.125,514.0,0,0,1,1
BPTP Amstoria3.8 ★,4.455,1625.3489,1.0,undefined,Sector 102 Gurgaon,11,2,1,0,0,0,0,0,0,0,2,4.0,4.5,4.0,4.0,4.125,514.0,0,0,1,1
BPTP Amstoria3.8 ★,6.51,2228.1273,1.0,Immediate,Sector 102 Gurgaon,11,2,1,0,0,0,0,0,0,1,2,4.0,4.5,4.0,4.0,4.125,514.0,0,0,1,1
BPTP Amstoria3.8 ★,6.36,2723.2667,1.0,undefined,Sector 102 Gurgaon,11,2,1,0,0,0,0,0,0,0,2,4.0,4.5,4.0,4.0,4.125,514.0,0,0,1,1
BPTP Amstoria3.8 ★,4.89,2023.6132,1.0,undefined,Sector 102 Gurgaon,11,2,1,0,0,0,0,0,0,0,2,4.0,4.5,4.0,4.0,4.125,514.0,0,0,1,1
BPTP Amstoria3.8 ★,6.0,2249.6551,1.0,undefined,Sector 102 Gurgaon,11,2,1,0,0,0,0,0,0,0,2,4.0,4.5,4.0,4.0,4.125,514.0,0,0,1,1
Vatika Express City,4.65,2432.6414,2.0,undefined,Park Facing Two Side Plot,6,2,1,0,0,0,0,0,0,0,1,4.0,4.0,4.5,4.0,4.25,737.0,0,0,0,0
BPTP Amstoria3.8 ★,4.32,2163.5439,1.0,undefined,175,11,2,1,0,0,0,0,0,0,0,2,4.0,4.5,4.0,4.0,4.125,699.0,0,0,1,0
BPTP Amstoria3.8 ★,4.29,1980.5576,1.0,Immediate,480,11,2,1,0,0,0,0,0,0,1,2,4.0,4.5,4.0,4.0,4.125,349.0,0,0,1,0
DLF City Phase 1,19.5,4499.3102,1.0,undefined,H Block,46,0,19,9,6,0,0,0,0,0,6,4.0,4.0,4.5,4.0,4.25,158.0,0,0,0,0
independent,5.550000000000001,1808.3352,1.0,undefined,1625000,48,7,6,14,1,0,1,0,0,0,1,4.0,4.0,5.0,4.0,4.25,121.0,0,0,1,0
Naugaon Ramgarh,4.800000000000001,69696.2525,1.0,Immediate,Naugaon,50,3,35,1,0,0,0,0,0,1,2,4.0,4.0,4.5,4.0,4.25,84.0,0,0,0,0
Unitech Uniworld Resorts,9.375,4499.3102,1.0,Immediate,Sector 33 Gurgaon,46,1,19,5,0,0,0,0,0,1,0,3.0,4.0,4.0,4.0,3.75,61.0,0,0,0,0
independent,14.25,4520.838,1.0,undefined,Dlf 3,44,0,16,12,6,0,0,0,0,0,6,4.0,5.0,5.0,4.0,4.5,792.0,0,0,0,1
independent,1.125,96.8751,1.0,Immediate,Sector 69 Gurgaon,43,0,12,11,0,0,0,0,0,1,0,4.0,4.0,4.0,4.0,4.0,66.0,0,0,0,0
independent,6.449999999999999,2378.8219,2.0,undefined,24854,45,4,10,8,0,0,0,0,0,0,0,5.0,5.0,5.0,4.0,4.75,137.0,0,0,0,0
independent,3.39,1528.4738,1.0,undefined,120,41,0,12,8,0,0,0,0,0,0,0,4.0,4.0,4.5,4.0,4.25,352.0,0,0,0,0
independent,6.9,2378.8219,1.0,undefined,956635,45,4,10,8,0,0,0,0,0,0,0,5.0,5.0,5.0,4.0,4.75,120.0,0,0,0,0
independent,8.399999999999999,2518.7526,2.0,undefined,05854,47,0,14,11,0,1,1,0,0,0,0,4.0,4.0,5.0,5.0,4.5,94.0,1,0,1,0
independent,3.5250000000000004,1463.8904,1.0,undefined,78524,46,5,11,7,0,0,0,0,0,0,0,5.0,4.0,5.0,4.0,4.5,79.0,0,0,0,0
sector 5 Gurgaon,6.0,344.4448,1.0,undefined,Sector 5 Gurgaon,49,3,25,5,0,0,0,0,0,0,4,4.0,4.0,5.0,4.0,4.25,75.0,0,0,0,0
independent,8.25,2163.5439,1.0,undefined,Sc1,49,2,4,10,1,0,0,0,0,0,1,5.0,5.0,5.0,5.0,5.0,595.0,0,0,0,1
independent,8.25,1797.5712999999998,1.0,undefined,Dlf,46,0,18,11,6,0,0,0,0,0,6,5.0,5.0,5.0,5.0,5.0,762.0,0,0,0,1
independent,9.75,1937.502,1.0,Immediate,Dlf 2,44,0,9,13,5,0,0,0,0,1,5,5.0,5.0,5.0,5.0,5.0,711.0,0,0,1,1
independent,18.0,4499.3102,1.0,undefined,Dlf,44,0,9,13,5,0,0,0,0,0,5,5.0,5.0,5.0,5.0,5.0,63.0,0,0,0,0
independent,15.825,3595.1426,1.0,undefined,Dlf,44,0,9,13,5,0,0,0,0,0,5,5.0,5.0,5.0,5.0,5.0,761.0,0,0,0,1
Malibu Towne,12.0,3218.4061,2.0,Immediate,Malibu Town,45,5,11,5,0,0,0,0,0,1,0,5.0,4.0,5.0,5.0,4.75,313.0,0,0,0,0
independent,5.25,1937.502,1.0,undefined,025251,47,3,13,7,0,0,0,0,1,0,1,4.0,4.0,5.0,4.0,4.25,162.0,0,0,0,0
Orris Woodview Residencies,6.562815789473683,3239.9339,1.0,undefined,E100 To 200,9,2,1,0,0,0,0,0,0,0,0,4.0,4.0,4.0,4.0,4.0,204.0,0,0,1,0
Orris Woodview Residencies,6.562815789473683,1646.8767,2.0,undefined,B-40-50,9,2,1,0,0,0,0,0,0,0,0,4.0,4.0,4.0,4.0,4.0,144.0,0,0,0,0
independent,10.5,4004.1708,2.0,undefined,East Facing,48,0,6,12,3,0,0,0,0,0,3,4.0,4.0,5.0,4.0,4.25,1587.0,0,0,0,0
independent,12.375,2475.697,1.0,undefined,Suncity,48,4,6,13,4,0,1,0,0,0,6,5.0,4.5,4.0,5.0,4.625,73.0,0,0,1,0
independent,4.5,43561.5033,4.0,undefined,0006,0,0,0,0,0,0,0,0,0,0,0,4.0,4.0,4.5,4.0,4.25,129.0,0,0,0,0
independent,3.9,0.0,4.0,undefined,0005,0,0,0,0,0,0,0,0,0,0,0,4.0,4.0,4.5,4.0,4.25,131.0,0,0,0,0
independent,1.7999999999999998,43561.5033,1.0,undefined,001,0,0,0,0,0,0,0,0,0,0,0,4.0,4.0,4.5,4.0,4.25,101.0,0,0,0,0
independent,14.25,2841.6696,2.0,Immediate,Prime Location,44,0,9,13,5,0,0,0,0,1,5,5.0,5.0,5.0,5.0,5.0,178.0,0,0,0,0
Emaar Emerald Hills4.1 ★,16.875,4499.3102,2.0,Immediate,Sector 65 Gurgaon,10,2,1,0,0,0,0,0,0,1,1,4.0,4.0,5.0,4.0,4.25,56.0,0,0,0,0
Suncity Township4.1 ★,15.735,3239.9339,2.0,Within_3_months,Park Facing And Corner Plot 18 Meter,48,4,6,13,4,1,1,0,0,0,6,4.0,5.0,4.0,4.0,4.25,163.0,1,0,1,0
Ansal API Versalia,5.445,2970.8364,1.0,Immediate,3300,9,0,2,0,1,0,0,0,0,1,2,5.0,4.0,4.0,5.0,4.5,392.0,0,0,0,0
independent,9.0,2841.6696,1.0,undefined,V-Block,45,0,16,12,6,0,0,0,0,0,6,4.0,4.0,4.5,4.0,4.25,342.0,0,0,0,1
independent,15.81,4520.838,1.0,undefined,V-Block,45,0,16,12,6,0,0,0,0,0,6,4.0,4.0,4.5,4.0,4.25,328.0,0,0,0,0
independent,16.935,4520.838,1.0,undefined,Ma -Road,0,0,0,0,0,0,0,0,0,0,0,4.0,4.0,4.5,4.0,4.25,320.0,0,0,0,0
Experion The Westerlies,4.65,2432.6414,1.0,undefined,Sector 108 Gurgaon,9,3,1,0,0,0,0,1,0,0,1,4.0,4.5,4.5,4.5,4.375,496.0,0,1,0,1
independent,8.28,2368.058,1.0,Immediate,Sector 57 Gurgaon,45,5,10,6,0,0,0,0,0,1,2,4.0,4.0,4.0,4.0,4.0,41.0,0,0,0,0
independent,8.475000000000001,2368.058,1.0,Immediate,Sector 57 Gurgaon,45,5,10,6,0,0,0,0,0,1,2,4.0,4.0,4.0,4.0,4.0,63.0,0,0,0,0
independent,6.959999999999999,2368.058,1.0,Immediate,Sector 57 Gurgaon,45,5,10,6,0,0,0,0,0,1,2,4.0,4.0,4.0,4.0,4.0,46.0,0,0,0,0
independent,4.815,1550.0016,1.0,Immediate,Sector 46 Gurgaon,47,6,8,6,0,0,0,0,0,1,0,4.0,4.0,5.0,4.0,4.25,53.0,0,0,0,0
independent,4.83,1453.1265,1.0,Immediate,Sector 46 Gurgaon,47,6,8,6,0,0,0,0,0,1,0,4.0,4.0,5.0,4.0,4.25,47.0,0,0,0,0
independent,8.879999999999999,2368.058,1.0,Immediate,Sector 46 Gurgaon,47,6,8,6,0,0,0,0,0,1,0,4.0,4.0,5.0,4.0,4.25,63.0,0,0,0,0
independent,9.075,2368.058,1.0,Immediate,Sector 46 Gurgaon,47,6,8,6,0,0,0,0,0,1,0,4.0,4.0,5.0,4.0,4.25,63.0,0,0,0,0
independent,8.774999999999999,2701.7389,1.0,Immediate,Sushant Lok Phase 3,45,5,7,13,0,0,0,0,0,1,2,4.0,4.0,4.0,4.0,4.0,57.0,0,0,0,0
independent,8.55,2701.7389,1.0,Immediate,Sector 57 Gurgaon,45,5,10,6,0,0,0,0,0,1,2,4.0,4.0,4.0,4.0,4.0,58.0,0,0,0,0
independent,6.959999999999999,2325.0024,1.0,Immediate,Sector 57 Gurgaon,45,5,10,6,0,0,0,0,0,1,2,4.0,4.0,4.0,4.0,4.0,53.0,0,0,0,0
independent,5.205,1840.6269,2.0,Immediate,Sector 52 Gurgaon,44,4,5,10,0,0,0,0,0,1,2,4.0,5.0,5.0,4.0,4.5,53.0,0,0,0,0
independent,5.055,1840.6269,2.0,Immediate,Sector 52 Gurgaon,44,4,5,10,0,0,0,0,0,1,2,4.0,5.0,5.0,4.0,4.5,53.0,0,0,0,0
independent,5.205,1840.6269,1.0,Immediate,Sector 57 Gurgaon,45,5,10,6,0,0,0,0,0,1,2,4.0,4.0,4.0,4.0,4.0,53.0,0,0,0,0
independent,6.12,1840.6269,1.0,Immediate,Sector 57 Gurgaon,45,5,10,6,0,0,0,0,0,1,2,4.0,4.0,4.0,4.0,4.0,53.0,0,0,0,0
independent,4.65,1743.7518,1.0,Immediate,Sector 57 Gurgaon,45,5,10,6,0,0,0,0,0,1,2,4.0,4.0,4.0,4.0,4.0,46.0,0,0,0,0
independent,5.025,1711.4601,1.0,undefined,Sushant Lok Phase 2,48,0,6,12,3,0,0,0,0,0,3,4.0,4.0,5.0,4.0,4.25,58.0,0,0,0,0
independent,4.875,1657.6406,1.0,undefined,Sushant Lok Phase 3,45,5,7,13,0,0,0,0,0,0,2,4.0,4.0,4.0,4.0,4.0,58.0,0,0,0,0
independent,4.5,1657.6406,1.0,undefined,Sushant Lok Phase 3,45,5,7,13,0,0,0,0,0,0,2,4.0,4.0,4.0,4.0,4.0,58.0,0,0,0,0
independent,6.9750000000000005,2163.5439,1.0,undefined,Sushant Lok Phase 3,45,5,7,13,0,0,0,0,0,0,2,4.0,4.0,4.0,4.0,4.0,58.0,0,0,0,0
independent,7.050000000000001,2163.5439,1.0,undefined,Sushant Lok Phase 3,45,5,7,13,0,0,0,0,0,0,2,4.0,4.0,4.0,4.0,4.0,50.0,0,0,0,0
independent,6.9,2163.5439,1.0,Immediate,Sushant Lok Phase 3,45,5,7,13,0,0,0,0,0,1,2,4.0,4.0,4.0,4.0,4.0,50.0,0,0,0,0
independent,4.125,1550.0016,1.0,Immediate,Sushant Lok Phase 2,48,0,6,12,3,0,0,0,0,1,3,4.0,4.0,5.0,4.0,4.25,50.0,0,0,0,0
independent,7.199999999999999,2163.5439,1.0,undefined,Plot Size 240 Sq.Yd South Facing Plot In South City 2 Gurgaon,45,4,10,7,0,0,0,0,0,0,0,5.0,5.0,5.0,4.0,4.75,139.0,0,0,0,0
independent,11.25,2701.7389,3.0,undefined,Sushant Lok Phase 1,47,2,5,13,1,0,0,0,0,0,1,5.0,5.0,5.0,5.0,5.0,164.0,0,0,0,0
independent,2.4000000000000004,753.473,1.0,undefined,Sector 42 Gurgaon,44,2,3,13,2,0,0,0,0,0,3,4.0,4.0,4.5,4.0,4.25,169.0,0,0,0,0
independent,4.65,1453.1265,1.0,Immediate,Abc,47,5,11,5,0,0,0,0,0,1,0,5.0,4.5,5.0,5.0,4.875,81.0,0,0,0,1
Emaar Emerald Hills - Phase 2,4.86,1625.3489,2.0,undefined,Gurgaon,24,1,5,4,0,0,0,0,0,0,0,4.0,5.0,4.0,4.0,4.25,133.0,0,0,0,0
independent,8.205,3078.4754,1.0,undefined,Sector 46 Gurgaon,47,6,8,6,0,0,0,0,0,0,0,4.0,4.0,5.0,4.0,4.25,73.0,0,0,0,0
independent,3.45,904.1676,1.0,undefined,Sector 27 Gurgaon,47,0,6,10,3,0,0,0,0,0,3,5.0,4.0,5.0,4.0,4.5,174.0,0,0,0,0
independent,1.7999999999999998,538.1949999999999,2.0,undefined,Sector 43 Gurgaon,46,1,5,9,3,0,0,0,0,0,3,4.0,4.0,5.0,4.0,4.25,174.0,0,0,0,0
independent,4.199999999999999,1453.1265,1.0,undefined,Sector 56 Gurgaon,47,4,5,14,3,0,0,0,0,0,5,4.0,5.0,5.0,4.0,4.5,112.0,0,0,0,0
independent,11.25,3078.4754,2.0,undefined,Sector 27 Gurgaon,47,0,6,10,3,0,0,0,0,0,3,5.0,4.0,5.0,4.0,4.5,174.0,0,0,0,0
independent,6.2250000000000005,1840.6269,1.0,undefined,Sector 43 Gurgaon,46,1,5,9,3,0,0,0,0,0,3,4.0,4.0,5.0,4.0,4.25,182.0,0,0,0,0
independent,7.89,2368.058,1.0,undefined,Sector 43 Gurgaon,46,1,5,9,3,0,0,0,0,0,3,4.0,4.0,5.0,4.0,4.25,184.0,0,0,0,0
Vatika Xpressions,5.5200000000000005,2884.7252,1.0,undefined,Gurgaon,7,2,1,0,0,0,0,0,0,0,0,4.0,4.0,4.5,4.0,4.25,174.0,0,0,0,0
independent,13.2,2798.614,2.0,undefined,DLF Phase 2,44,0,10,14,6,0,0,0,0,0,6,5.0,5.0,5.0,5.0,5.0,297.0,0,0,1,0
independent,7.050000000000001,2368.058,1.0,undefined,Sector 46 Gurgaon,47,6,8,6,0,0,0,0,0,0,0,4.0,4.0,5.0,4.0,4.25,70.0,0,0,0,0
independent,15.75,4499.3102,1.0,undefined,Sector 27 Gurgaon,47,0,6,10,3,0,0,0,0,0,3,5.0,4.0,5.0,4.0,4.5,119.0,0,0,0,0
independent,1.725,538.1949999999999,1.0,undefined,Sector 55 Gurgaon,42,4,5,13,3,0,0,0,0,0,5,4.0,4.0,5.0,4.0,4.25,98.0,0,0,0,0
independent,4.949999999999999,1625.3489,1.0,undefined,Sector 55 Gurgaon,42,4,5,13,3,0,0,0,0,0,5,4.0,4.0,5.0,4.0,4.25,110.0,0,0,0,0
Vipul World3.9 ★,12.794999999999998,4520.838,1.0,undefined,Sector 48 Gurgaon,15,2,3,1,0,0,1,0,0,0,1,4.0,4.0,5.0,4.0,4.25,177.0,0,0,1,0
independent,7.455,2486.4609,1.0,Immediate,Sector 45 Gurgaon,48,7,6,14,1,0,1,0,0,1,1,4.0,4.0,5.0,4.0,4.25,176.0,0,0,1,0
independent,5.775,1937.502,1.0,undefined,Sushant Lok Phase 2,48,0,6,12,3,0,0,0,0,0,3,4.0,4.0,5.0,4.0,4.25,197.0,0,0,1,1
independent,5.82,1840.6269,1.0,Immediate,Xyz,48,7,6,14,1,0,0,0,0,1,1,4.0,4.0,5.0,4.0,4.25,143.0,0,0,0,0
independent,1.725,538.1949999999999,1.0,undefined,123456,44,0,16,12,6,0,1,0,0,0,6,4.0,5.0,5.0,4.0,4.5,287.0,0,0,1,0
independent,18.99,3616.6704,1.0,undefined,123456,44,0,9,13,5,0,1,0,0,0,5,5.0,5.0,5.0,5.0,5.0,445.0,0,0,1,1
independent,19.905,3616.6704,2.0,undefined,Jai Guru Ji,44,0,9,13,5,0,1,0,0,0,5,5.0,5.0,5.0,5.0,5.0,75.0,0,0,1,0
independent,12.375,2701.7389,1.0,undefined,123456,46,0,18,11,6,0,0,0,0,0,6,5.0,5.0,5.0,5.0,5.0,240.0,0,0,1,0
independent,8.91,3239.9339,2.0,undefined,South City 2,45,4,10,7,0,0,0,0,0,0,0,5.0,5.0,5.0,4.0,4.75,220.0,0,0,1,0
independent,9.96,2841.6696,2.0,Immediate,DLF Phase 3,44,0,16,12,6,0,1,0,0,1,6,4.0,5.0,5.0,4.0,4.5,319.0,0,0,1,0
independent,1.875,538.1949999999999,1.0,undefined,DLF Phase 3,44,0,16,12,6,0,1,0,0,0,6,4.0,5.0,5.0,4.0,4.5,287.0,0,0,1,0
independent,11.955,4628.477,1.0,undefined,DLF Phase 4,47,1,7,10,3,0,1,0,0,0,3,5.0,4.0,5.0,5.0,4.75,202.0,0,0,1,1
independent,13.875,4628.477,1.0,undefined,DLF Phase 4,47,1,7,10,3,0,1,0,0,0,3,5.0,4.0,5.0,5.0,4.75,202.0,0,0,1,1
independent,1.7999999999999998,538.1949999999999,1.0,undefined,DLF Phase 4,47,1,7,10,3,0,1,0,0,0,3,5.0,4.0,5.0,5.0,4.75,199.0,0,0,1,1
independent,6.75,1345.4875,1.0,undefined,DLF Phase 3,44,0,16,12,6,0,1,0,0,0,6,4.0,5.0,5.0,4.0,4.5,297.0,0,0,1,0
independent,12.21,4585.4214,3.0,Immediate,DLF Phase 3,44,0,16,12,6,0,1,0,0,1,6,4.0,5.0,5.0,4.0,4.5,295.0,0,0,1,0
independent,6.562815789473683,4520.838,1.0,undefined,DLF Phase 1,46,0,18,11,6,0,0,0,0,0,6,5.0,5.0,5.0,5.0,5.0,214.0,0,0,1,0
independent,17.700000000000003,452.0838,1.0,undefined,DLF Phase 1,46,0,18,11,6,0,0,0,0,0,6,5.0,5.0,5.0,5.0,5.0,232.0,0,0,1,0
independent,16.5,3595.1426,1.0,undefined,DLF Phase 2,44,0,9,13,5,0,0,0,0,0,5,5.0,5.0,5.0,5.0,5.0,242.0,0,0,1,0
independent,12.45,2701.7389,1.0,undefined,DLF Phase 2,44,0,9,13,5,0,0,0,0,0,5,5.0,5.0,5.0,5.0,5.0,238.0,0,0,1,0
independent,12.75,2841.6696,2.0,undefined,DLF Phase 2,44,0,9,13,5,0,1,0,0,0,5,5.0,5.0,5.0,5.0,5.0,75.0,0,0,1,0
Raheja Vanya,2.415,1388.5431,2.0,undefined,Dwarka Expressway,9,2,1,0,1,0,0,0,0,0,3,4.0,3.0,3.0,3.0,3.25,835.0,0,0,1,0
dlf 1,1.5,538.1949999999999,1.0,undefined,Jai Guru Ji,46,0,18,11,6,0,1,0,0,0,6,5.0,5.0,5.0,5.0,5.0,75.0,0,0,1,0
Vatika Aspiration,2.52,1442.3626,2.0,Within_3_months,Gurgaon,0,0,0,0,0,0,0,0,0,0,0,4.0,4.0,4.5,4.0,4.25,851.0,0,0,1,0
Vatika Aspiration,2.82,1603.8211,2.0,undefined,Gurgaon,0,0,0,0,0,0,0,0,0,0,0,4.0,4.0,4.5,4.0,4.25,851.0,0,0,1,0
independent,18.825000000000003,4520.838,2.0,undefined,502 Sq.Yrd Plot Main 30 Metre Facing 2 Side Open Corner Plot At Sector 51 Gurgon,46,5,11,7,0,1,0,0,1,0,0,5.0,4.0,5.0,4.0,4.5,247.0,1,0,0,0
independent,3.6,1797.5712999999998,4.0,undefined,Sector 89 Gurgaon,7,0,0,0,0,0,0,0,0,0,1,4.0,4.0,4.0,4.0,4.0,586.0,0,0,1,0
EBD 89,5.1,118.4029,2.0,Within_3_months,Sector 89 Gurgaon,7,0,0,0,0,0,0,0,0,0,1,4.0,4.0,4.0,4.0,4.0,35.0,0,0,0,0
BPTP Amstoria3.8 ★,10.875,452.0838,2.0,Immediate,Sector 102 Gurgaon,11,2,1,0,0,0,0,0,0,1,2,4.0,4.5,4.0,4.0,4.125,213.0,0,0,0,0
Vatika Express City,4.305,204.5141,2.0,Immediate,Sector 88A Gurgaon,6,2,1,0,0,0,0,0,0,1,1,4.0,4.0,4.5,4.0,4.25,122.0,0,0,0,0
Vatika Express City,4.35,269.0975,2.0,Within_6_months,Sector 88A Gurgaon,6,2,1,0,0,0,0,0,0,0,1,4.0,4.0,4.5,4.0,4.25,122.0,0,0,0,0
Vatika Express City,3.0,182.9863,2.0,Within_6_months,Sector 88A Gurgaon,6,2,1,0,0,0,0,0,0,0,1,4.0,4.0,4.5,4.0,4.25,122.0,0,0,0,0
Experion The Westerlies,4.5,247.5697,2.0,Immediate,Sector 108 Gurgaon,9,3,1,0,0,0,0,0,0,1,1,4.0,4.5,4.5,4.5,4.375,167.0,0,0,0,0
BPTP Amstoria3.8 ★,5.4,236.8058,2.0,Immediate,Sector 102 Gurgaon,11,2,1,0,0,0,0,0,0,1,2,4.0,4.5,4.0,4.0,4.125,189.0,0,0,0,0
independent,11.625,301.3892,1.0,undefined,Xyz,48,1,4,9,2,0,0,0,0,0,2,4.0,4.5,4.5,4.0,4.25,100.0,0,0,0,0
independent,12.75,2701.7389,1.0,undefined,Xyz,44,0,9,13,5,0,0,0,0,0,5,5.0,5.0,5.0,5.0,5.0,172.0,0,0,0,1
independent,9.0,1937.502,3.0,undefined,K Block,44,0,9,13,5,1,1,0,0,0,5,5.0,5.0,5.0,5.0,5.0,157.0,1,0,1,0
independent,10.65,1937.502,1.0,undefined,P Block,44,0,9,13,5,0,0,0,0,0,5,5.0,5.0,5.0,5.0,5.0,118.0,0,0,0,0
independent,16.65,3218.4061,1.0,undefined,5000 Sereis,47,1,7,10,3,0,0,0,0,0,3,5.0,4.0,5.0,5.0,4.75,153.0,0,0,0,0
Adani M2K Oyster Grande3.9 ★,3.96,1603.8211,1.0,undefined,Sector 102 Gurgaon,11,4,1,0,0,0,0,0,0,0,1,4.0,4.5,4.0,4.0,4.125,60.0,0,0,0,0
Adani M2K Oyster Grande3.9 ★,2.64,1119.4456,1.0,undefined,Sector 102 Gurgaon,11,4,1,0,0,0,0,0,0,0,1,4.0,4.5,4.0,4.0,4.125,75.0,0,0,0,0
BPTP Green Oaks,2.55,1184.029,2.0,Immediate,Sector 70A Gurgaon,10,3,1,0,1,0,0,0,0,1,2,5.0,4.0,4.0,4.0,4.25,793.0,0,0,1,0
independent,0.7424999999999999,2701.7389,2.0,Immediate,Farrukh Nagar,14,0,13,0,0,0,0,1,0,1,0,4.0,4.0,4.5,4.0,4.25,195.0,0,1,0,0
independent,1.65,2443.4053,1.0,Immediate,Farukhnagar,14,0,13,0,0,0,0,0,0,1,0,4.0,4.0,4.0,4.0,4.0,106.0,0,0,0,0
G99,5.67,2120.4883,2.0,undefined,Sector 99 Gurgaon,10,2,1,0,0,0,0,0,0,0,1,4.5,4.0,4.5,4.5,4.375,89.0,0,0,0,0
Experion The Westerlies,3.0,2088.1966,1.0,undefined,Sector 108 Gurgaon,9,3,1,0,0,0,0,0,0,0,1,4.0,4.5,4.5,4.5,4.375,66.0,0,0,0,0
BPTP Amstoria3.8 ★,9.825,4230.2127,2.0,undefined,Sector 102 Gurgaon,11,2,1,0,0,0,0,0,0,0,2,4.0,4.5,4.0,4.0,4.125,73.0,0,0,0,1
BPTP Amstoria3.8 ★,5.550000000000001,2109.7244,1.0,undefined,Sector 102 Gurgaon,11,2,1,0,0,0,0,0,0,0,2,4.0,4.5,4.0,4.0,4.125,68.0,0,0,0,0
G99,7.215,2723.2667,2.0,undefined,Sector 99 Gurgaon,10,2,1,0,0,1,0,0,0,0,1,4.5,4.0,4.5,4.5,4.375,74.0,1,0,0,0
Experion The Westerlies,9.45,6296.8815,1.0,undefined,Sector 108 Gurgaon,9,3,1,0,0,0,0,0,0,0,1,4.0,4.5,4.5,4.5,4.375,75.0,0,0,0,0
Experion The Westerlies,10.725,4951.394,2.0,undefined,A3 Block,9,3,1,0,0,0,0,0,0,0,1,4.0,4.5,4.5,4.5,4.375,107.0,0,0,0,0
Experion The Westerlies,7.949999999999999,5274.311,1.0,undefined,Sector 108 Gurgaon,9,3,1,0,0,0,0,0,0,0,1,4.0,4.5,4.5,4.5,4.375,75.0,0,0,0,0
Experion The Westerlies,6.75,4434.7268,1.0,undefined,Sector 108 Gurgaon,9,3,1,0,0,0,0,0,0,0,1,4.0,4.5,4.5,4.5,4.375,74.0,0,0,0,0
Experion The Westerlies,4.425000000000001,1937.502,2.0,undefined,Sector 108 Gurgaon,9,3,1,0,0,1,0,0,0,0,1,4.0,4.5,4.5,4.5,4.375,60.0,1,0,0,1
BPTP Amstoria3.8 ★,9.285,3702.7816,1.0,undefined,Sector 102 Gurgaon,11,2,1,0,0,1,0,0,0,0,2,4.0,4.5,4.0,4.0,4.125,71.0,1,0,0,0
Experion The Westerlies,3.225,1625.3489,1.0,undefined,Sector 108 Gurgaon,9,3,1,0,0,0,0,0,0,0,1,4.0,4.5,4.5,4.5,4.375,62.0,0,0,0,0
Experion The Westerlies,3.375,1937.502,1.0,undefined,Sector 108 Gurgaon,9,3,1,0,0,0,0,0,0,0,1,4.0,4.5,4.5,4.5,4.375,75.0,0,0,0,0
Experion The Westerlies,5.115,3229.17,1.0,undefined,Sector 108 Gurgaon,9,3,1,0,0,0,0,0,0,0,1,4.0,4.5,4.5,4.5,4.375,76.0,0,0,0,0
Experion The Westerlies,5.4,3239.9339,1.0,undefined,Sector 108 Gurgaon,9,3,1,0,0,0,0,0,0,0,1,4.0,4.5,4.5,4.5,4.375,52.0,0,0,0,0
Experion The Westerlies,6.15,3692.0177,1.0,undefined,Sector 108 Gurgaon,9,3,1,0,0,0,0,0,0,0,1,4.0,4.5,4.5,4.5,4.375,75.0,0,0,0,0
Experion The Westerlies,7.875,4972.9218,1.0,undefined,Sector 108 Gurgaon,9,3,1,0,0,0,0,0,0,0,1,4.0,4.5,4.5,4.5,4.375,75.0,0,0,0,0
Experion The Westerlies,6.300000000000001,3605.9065,1.0,undefined,Sector 108 Gurgaon,9,3,1,0,0,0,0,0,0,0,1,4.0,4.5,4.5,4.5,4.375,60.0,0,0,0,0
Experion The Westerlies,9.6,6748.9653,2.0,undefined,Sector 108 Gurgaon,9,3,1,0,0,0,0,0,0,0,1,4.0,4.5,4.5,4.5,4.375,59.0,0,0,0,0
G99,8.97,4144.1015,2.0,undefined,Sector 99 Gurgaon,10,2,1,0,0,0,0,0,0,0,1,4.5,4.0,4.5,4.5,4.375,67.0,0,0,0,0
G99,7.334999999999999,2981.6003,1.0,undefined,Sector 99 Gurgaon,10,2,1,0,0,0,0,0,0,0,1,4.5,4.0,4.5,4.5,4.375,68.0,0,0,0,1
G99,11.13,5801.7421,1.0,undefined,Sector 99 Gurgaon,10,2,1,0,0,0,0,0,0,0,1,4.5,4.0,4.5,4.5,4.375,65.0,0,0,0,1
G99,8.024999999999999,3541.3231,1.0,undefined,Sector 99 Gurgaon,10,2,1,0,0,0,0,0,0,0,1,4.5,4.0,4.5,4.5,4.375,47.0,0,0,0,0
G99,8.7,5801.7421,1.0,undefined,Sector 99 Gurgaon,10,2,1,0,0,0,0,0,0,0,1,4.5,4.0,4.5,4.5,4.375,92.0,0,0,0,0
G99,9.915,3971.8791,2.0,undefined,Sector 99 Gurgaon,10,2,1,0,0,0,0,0,0,0,1,4.5,4.0,4.5,4.5,4.375,99.0,0,0,0,0
G99,7.08,3541.3231,1.0,undefined,Sector 99 Gurgaon,10,2,1,0,0,0,0,0,0,0,1,4.5,4.0,4.5,4.5,4.375,59.0,0,0,0,0
BPTP Amstoria3.8 ★,4.365,1625.3489,2.0,undefined,Sector 102 Gurgaon,11,2,1,0,0,0,0,0,0,0,2,4.0,4.5,4.0,4.0,4.125,57.0,0,0,0,0
BPTP Amstoria3.8 ★,6.0,1625.3489,2.0,undefined,Sector 102 Gurgaon,11,2,1,0,0,0,0,0,0,0,2,4.0,4.5,4.0,4.0,4.125,102.0,0,0,0,0
BPTP Amstoria3.8 ★,7.485,2723.2667,1.0,undefined,Sector 102 Gurgaon,11,2,1,0,0,0,0,0,0,0,2,4.0,4.5,4.0,4.0,4.125,75.0,0,0,0,1
BPTP Amstoria3.8 ★,9.09,2723.2667,2.0,undefined,Sector 102 Gurgaon,11,2,1,0,0,0,0,0,0,0,2,4.0,4.5,4.0,4.0,4.125,84.0,0,0,0,1
BPTP Amstoria3.8 ★,10.5,4456.2546,2.0,undefined,Sector 102 Gurgaon,11,2,1,0,0,1,0,0,0,0,2,4.0,4.5,4.0,4.0,4.125,70.0,1,0,0,0
BPTP Amstoria3.8 ★,5.22,2023.6132,1.0,Immediate,Sector 102 Gurgaon,11,2,1,0,0,0,1,0,0,1,2,4.0,4.5,4.0,4.0,4.125,102.0,0,0,1,0
Experion The Westerlies,5.4,3229.17,2.0,undefined,Sector 108 Gurgaon,9,3,1,0,0,0,0,0,0,0,1,4.0,4.5,4.5,4.5,4.375,52.0,0,0,0,0
G99,6.0,2658.6833,1.0,undefined,Sector 99 Gurgaon,10,2,1,0,0,0,0,0,0,0,1,4.5,4.0,4.5,4.5,4.375,65.0,0,0,0,0
Adani Oyster Greens,3.9,1593.0572,2.0,undefined,Sector 102 Gurgaon,15,4,2,1,0,0,0,0,0,0,0,4.0,4.5,4.0,4.0,4.125,39.0,0,0,0,0
independent,5.85,1840.6269,1.0,Immediate,Sector 45 Gurgaon,48,7,6,14,1,0,0,0,1,1,1,4.0,4.0,5.0,4.0,4.25,100.0,0,0,0,0
independent,19.77,6975.0072,1.0,Immediate,Sector 45 Gurgaon,48,7,6,14,1,0,0,0,0,1,1,4.0,4.0,5.0,4.0,4.25,95.0,0,0,0,0
independent,3.3000000000000003,990.2788,2.0,undefined,Sector 45 Gurgaon,48,7,6,14,1,1,1,0,0,0,1,4.0,4.0,5.0,4.0,4.25,94.0,1,0,1,0
independent,1.725,559.7228,1.0,Immediate,Sector 38 Gurgaon,47,4,12,7,0,0,0,0,1,1,0,4.0,4.0,5.0,4.0,4.25,112.0,0,0,0,0
independent,3.945,1345.4875,1.0,Immediate,dlf alameda,0,0,0,0,0,0,0,0,0,1,0,4.0,4.0,4.5,4.0,4.25,89.0,0,0,0,0
G99,6.75,2518.7526,1.0,Immediate,Sector 99 Gurgaon,10,2,1,0,0,0,0,0,0,1,1,4.5,4.0,4.5,4.5,4.375,40.0,0,0,0,0
independent,24.375,4499.3102,2.0,Immediate,A Block Sushant Lok Phase 1,48,0,6,13,3,1,0,0,0,1,3,4.0,4.0,5.0,3.0,4.0,180.0,1,0,0,0
independent,13.5,3239.9339,1.0,Immediate,Greenwood City,48,6,6,14,1,0,0,0,0,1,1,4.5,4.0,5.0,4.5,4.5,161.0,0,0,1,0
independent,8.25,1937.502,2.0,Immediate,C Block Sushant Lok Phase 1,46,2,4,9,2,1,0,0,0,1,2,4.0,4.0,4.0,4.0,4.0,162.0,1,0,0,0
independent,1.875,538.1949999999999,1.0,Immediate,C Block Sushant Lok Phase 1,46,2,4,9,2,0,0,0,1,1,2,4.0,4.0,4.0,4.0,4.0,182.0,0,0,0,0
independent,15.75,4499.3102,1.0,Immediate,Greenwood City,48,6,6,14,1,0,0,0,0,1,1,4.5,4.0,5.0,4.5,4.5,161.0,0,0,0,0
G99,6.015,2658.6833,2.0,Immediate,N/a,10,2,1,0,0,0,0,1,0,1,1,4.5,4.0,4.5,4.5,4.375,903.0,0,1,1,0
G99,5.22,2325.0024,2.0,Immediate,N/a,10,2,1,0,0,0,0,1,0,1,1,4.5,4.0,4.5,4.5,4.375,903.0,0,1,1,0
BPTP Amstoria3.8 ★,8.850000000000001,4499.3102,2.0,Immediate,N/a,11,2,1,0,0,0,0,0,0,1,2,4.0,4.5,4.0,4.0,4.125,345.0,0,0,0,1
BPTP Amstoria3.8 ★,5.235,2174.3078,2.0,Immediate,N/a,11,2,1,0,0,0,0,0,0,1,2,4.0,4.5,4.0,4.0,4.125,345.0,0,0,0,1
Emaar Emerald Hills4.1 ★,13.575,4531.6019,2.0,Future,Sector 65 Gurgaon,10,2,1,0,0,0,0,0,0,0,1,4.0,4.0,5.0,4.0,4.25,392.0,0,0,0,0
Emaar Emerald Hills4.1 ★,13.125,4531.6019,2.0,undefined,Sector 65 Gurgaon,10,2,1,0,0,0,0,0,0,0,1,4.0,4.0,5.0,4.0,4.25,392.0,0,0,0,0
Emaar Emerald Hills4.1 ★,13.425,4531.6019,2.0,Future,Sector 65 Gurgaon,10,2,1,0,0,0,0,0,0,0,1,4.0,4.0,5.0,4.0,4.25,392.0,0,0,0,0
G99,9.9,4047.2264,2.0,undefined,Sector 99 Gurgaon,10,2,1,0,0,0,0,0,0,0,1,4.5,4.0,4.5,4.5,4.375,1556.0,0,0,1,1
Raheja Vanya,2.895,1571.5294,2.0,Within_6_months,Sector 99A Gurgaon,9,2,1,0,1,0,0,1,0,0,3,4.0,3.0,3.0,3.0,3.25,489.0,0,1,0,0
Raheja Vanya,1.86,1011.8066,2.0,Within_6_months,Sector 99A Gurgaon,9,2,1,0,1,0,0,1,0,0,3,4.0,3.0,3.0,3.0,3.25,498.0,0,1,0,0
Vatika India Next Plots3.6 ★,3.435,1646.8767,2.0,Within_3_months,Sector 83 Gurgaon,15,2,5,1,0,0,0,1,0,0,0,5.0,5.0,4.0,5.0,4.75,431.0,0,1,0,0
independent,1.53,1345.4875,2.0,Future,Sector 95 Gurgaon,6,0,4,0,0,0,0,1,0,0,0,4.0,4.5,4.0,4.5,4.25,354.0,0,1,0,0
Rishali Luxe Residency 112,2.82,1130.2095,1.0,undefined,A Block,12,2,1,0,1,0,0,1,0,0,3,5.0,4.0,4.0,3.0,4.0,464.0,0,1,0,0
JMS The Nation,1.47015,1087.1539,2.0,Future,Sector 95 Gurgaon,6,2,1,0,0,0,0,1,0,0,1,4.0,4.5,4.0,4.5,4.25,456.0,0,1,0,0
JMS The Pride,1.152,1076.39,2.0,Within_6_months,Sector 95A Gurgaon,6,2,1,0,0,0,0,1,0,0,1,5.0,4.5,5.0,5.0,4.875,447.0,0,1,0,0
independent,1.2705,1087.1539,2.0,Future,Sector 95A Gurgaon,50,0,44,1,0,0,0,1,0,0,0,5.0,4.5,5.0,5.0,4.875,465.0,0,1,0,0
independent,7.949999999999999,3767.365,2.0,undefined,Sector 67 Gurgaon,18,0,6,6,0,0,0,0,0,0,0,4.0,4.5,4.0,4.0,4.125,103.0,0,0,0,0
independent,10.725,204.5141,1.0,undefined,K Block,44,0,11,13,6,0,0,0,0,0,6,5.0,5.0,5.0,5.0,5.0,182.0,0,0,0,0
DLF City Plots,9.675,2432.6414,2.0,undefined,DLF Phase 1,8,2,1,0,1,1,0,0,0,0,2,5.0,5.0,5.0,5.0,5.0,158.0,1,0,0,1
independent,9.0,2701.7389,4.0,undefined,C Block Sushant Lok Phase 1,46,2,4,9,2,1,0,0,0,0,2,4.0,4.0,4.0,4.0,4.0,158.0,1,0,0,1
Rishali Luxe Residency 112,2.58,129.1668,2.0,undefined,True Habitat,12,2,1,0,1,0,0,0,0,0,3,5.0,4.0,4.0,3.0,4.0,157.0,0,0,0,0
independent,3.39,1625.3489,2.0,undefined,Sector 108 Gurgaon,0,0,0,0,0,0,0,0,0,0,0,4.0,4.5,4.5,4.5,4.375,790.0,0,0,0,0
Vatika One India Next,12.0,7201.049099999999,2.0,undefined,Sector 82A Gurgaon,10,0,1,0,0,0,0,0,0,0,0,5.0,5.0,5.0,5.0,5.0,339.0,0,0,0,0
Rishali Luxe Residency 112,3.375,1560.7655,2.0,undefined,Sector 112 Gurgaon,12,2,1,0,1,0,0,0,0,0,3,5.0,4.0,4.0,3.0,4.0,537.0,0,0,0,0
Vatika One India Next,2.7,1345.4875,2.0,undefined,Sector 82A Gurgaon,10,0,1,0,0,0,0,0,0,0,0,5.0,5.0,5.0,5.0,5.0,392.0,0,0,0,0
Vatika One India Next,2.7,1270.1402,2.0,undefined,Sector 82A Gurgaon,10,0,1,0,0,0,0,0,0,0,0,5.0,5.0,5.0,5.0,5.0,359.0,0,0,0,0
Breez Flora Avenue 88A,2.505,1356.2514,2.0,undefined,Sector 88A Gurgaon,8,2,1,0,1,0,0,0,0,0,2,4.0,4.0,4.5,4.0,4.25,78.0,0,0,0,0
G99,6.525,2712.5028,1.0,undefined,Sector 99 Gurgaon,10,2,1,0,0,0,0,0,0,0,1,4.5,4.0,4.5,4.5,4.375,75.0,0,0,0,0
Vatika Express City,3.2700000000000005,1786.8074,2.0,undefined,Sector 88A Gurgaon,6,2,1,0,0,0,0,0,0,0,1,4.0,4.0,4.5,4.0,4.25,353.0,0,0,0,0
Vatika INXT 2,3.2700000000000005,1711.4601,1.0,Future,Sector 88A Gurgaon,3,0,1,0,0,0,0,0,0,0,1,4.0,4.0,4.5,4.0,4.25,211.0,0,0,0,0
Vatika Express City,3.75,2249.6551,2.0,undefined,Sector 88A Gurgaon,6,2,1,0,0,0,0,0,0,0,1,4.0,4.0,4.5,4.0,4.25,175.0,0,0,0,0
Vatika Express City,3.0,1625.3489,2.0,undefined,Sector 88A Gurgaon,6,2,1,0,0,0,0,0,0,0,1,4.0,4.0,4.5,4.0,4.25,384.0,0,0,0,0
Vatika Express City,3.63,1980.5576,2.0,undefined,Sector 88A Gurgaon,6,2,1,0,0,0,0,0,0,0,1,4.0,4.0,4.5,4.0,4.25,384.0,0,0,0,0
Anant Raj Estates,8.774999999999999,3078.4754,2.0,undefined,Sector 63A Gurgaon,10,2,1,0,1,0,0,0,0,0,3,4.0,4.0,4.0,5.0,4.25,97.0,0,0,0,0
Vatika India Next Plots3.6 ★,4.9350000000000005,3153.8227,2.0,undefined,A Block,15,2,5,1,0,0,0,0,0,0,0,5.0,5.0,4.0,5.0,4.75,138.0,0,0,0,0
Vatika India Next Plots3.6 ★,4.695,2163.5439,2.0,Immediate,K Block And J Block,15,2,5,1,0,0,0,0,0,1,0,5.0,5.0,4.0,5.0,4.75,133.0,0,0,0,0
Experion The Westerlies,10.5,6296.8815,2.0,undefined,Block D3,9,3,1,0,0,0,0,0,0,0,1,4.0,4.5,4.5,4.5,4.375,55.0,0,0,0,0
Experion The Westerlies,4.9350000000000005,2368.058,2.0,undefined,Plots,9,3,1,0,0,0,0,0,0,0,1,4.0,4.5,4.5,4.5,4.375,44.0,0,0,0,0
independent,13.785,3767.365,2.0,undefined,Sushant Lok Phase 1,47,2,5,13,1,0,0,0,0,0,1,5.0,5.0,5.0,5.0,5.0,125.0,0,0,0,0
independent,5.699999999999999,1625.3489,1.0,Immediate,Block A,49,2,4,10,1,0,0,0,0,1,1,5.0,5.0,5.0,5.0,5.0,54.0,0,0,0,1
DLF Garden City Plot,6.57,3153.8227,1.0,Immediate,Block-B Lane No-24,8,0,4,0,0,0,0,0,0,1,0,5.0,4.0,4.0,3.0,4.0,65.0,0,0,0,0
Raheja Vanya,2.235,1367.0153,2.0,undefined,H - 111,9,2,1,0,1,0,0,0,0,0,3,4.0,3.0,3.0,3.0,3.25,370.0,0,0,1,0
BPTP Amstoria3.8 ★,5.94,2228.1273,3.0,undefined,A Block,11,2,1,0,0,1,1,0,0,0,2,4.0,4.5,4.0,4.0,4.125,1570.0,1,0,1,1
independent,6.562815789473683,4355988.871499999,1.0,Immediate,For Sale - 3 Side Corner Open Land Facing The Main Dwarka Express Highway Near To Delhi Border,38,0,5,19,2,0,0,0,0,1,6,4.0,4.0,4.5,4.0,4.25,588.0,0,0,0,0
independent,1.875,538.1949999999999,2.0,undefined,000,46,2,4,9,2,0,0,1,1,0,2,4.0,4.0,4.0,4.0,4.0,509.0,0,1,0,0
independent,7.649999999999999,1937.502,2.0,undefined,000,46,2,4,9,2,0,0,1,1,0,2,4.0,4.0,4.0,4.0,4.0,513.0,0,1,0,0
Central Park Flower Valley Mikasa Plots,3.81,247.5697,1.0,undefined,Sector-33 Sohna,7,1,1,0,1,0,1,0,0,0,2,4.0,4.0,4.5,4.0,4.25,40.0,0,0,1,0
Central Park Flower Valley Mikasa Plots,7.875,3153.8227,2.0,undefined,Block-J,7,1,1,0,1,0,0,0,0,0,2,4.0,4.0,4.5,4.0,4.25,458.0,0,0,1,0
Central Park Flower Valley Mikasa Plots,6.300000000000001,2701.7389,1.0,Future,Sector-33 Sohna,7,1,1,0,1,0,0,0,0,0,2,4.0,4.0,4.5,4.0,4.25,47.0,0,0,0,0
Central Park Flower Valley,5.550000000000001,2249.6551,2.0,undefined,Sector-33 Sohna,15,4,3,0,0,0,0,0,0,0,1,4.0,4.0,4.5,4.0,4.25,2240.0,0,0,1,0
Central Park Flower Valley,6.449999999999999,301.3892,1.0,Immediate,Sector-33 Sohna,15,4,3,0,0,0,0,0,0,1,1,4.0,4.0,4.5,4.0,4.25,798.0,0,0,0,0
DLF Alameda,1.5,4843.755,2.0,undefined,Sector 73 Gurgaon,8,2,1,0,0,0,0,0,0,0,2,4.0,4.0,4.5,4.0,4.25,32.0,0,0,0,0
independent,10.875,4499.3102,1.0,Immediate,Sector 67 Gurgaon,18,0,6,6,0,0,0,0,0,1,0,4.0,4.5,4.0,4.0,4.125,149.0,0,0,0,0
DLF Alameda,21.75,6296.8815,2.0,undefined,Sector 73 Gurgaon,8,2,1,0,0,0,0,0,0,0,2,4.0,4.0,4.5,4.0,4.25,63.0,0,0,0,0
DLF Alameda,9.075,2701.7389,2.0,undefined,Bloock J,8,2,1,0,0,0,0,1,0,0,2,4.0,4.0,4.5,4.0,4.25,592.0,0,1,0,0
DLF Alameda,14.25,452.0838,2.0,undefined,Bloock G,8,2,1,0,0,0,0,1,0,0,2,4.0,4.0,4.5,4.0,4.25,643.0,0,1,0,0
independent,5.94,2163.5439,1.0,Immediate,Sector 48 Gurgaon,46,1,14,8,0,0,0,0,0,1,0,4.0,4.0,5.0,4.0,4.25,49.0,0,0,1,0
Emaar MGF Marbella,11.985,2400.3497,2.0,undefined,Sector 66 Gurgaon,14,2,1,0,1,0,0,0,0,0,2,3.0,4.0,4.0,4.0,3.75,57.0,0,0,0,0
Emaar Emerald Hills4.1 ★,20.25,4499.3102,3.0,undefined,Sector 65 Gurgaon,10,2,1,0,0,1,0,0,0,0,1,4.0,4.0,5.0,4.0,4.25,126.0,1,0,0,0
independent,7.199999999999999,2368.058,1.0,Immediate,Sector 45 Gurgaon,48,7,6,14,1,0,1,0,0,1,1,4.0,4.0,5.0,4.0,4.25,60.0,0,0,1,0
independent,5.25,130684.5099,2.0,undefined,Pataudi,20,0,15,0,0,0,0,0,0,0,0,4.0,5.0,4.0,5.0,4.5,48.0,0,0,0,0
independent,6.75,174235.2493,1.0,undefined,Pataudi,20,0,15,0,0,0,0,0,0,0,0,4.0,5.0,4.0,5.0,4.5,50.0,0,0,0,0
independent,4.65,87123.0066,1.0,Immediate,Patodi,20,0,15,0,0,0,0,0,0,1,0,4.0,4.0,4.5,4.0,4.25,31.0,0,0,0,0
independent,6.75,163352.9464,1.0,Immediate,Plot No -2,0,0,0,0,0,0,0,0,0,1,0,4.0,4.0,4.5,4.0,4.25,33.0,0,0,0,0
independent,8.100000000000001,174235.2493,1.0,Immediate,Sultanpur,0,0,0,0,0,0,0,0,0,1,0,4.0,4.0,4.5,4.0,4.25,30.0,0,0,0,0
independent,1.95,43561.5033,1.0,Immediate,Sultanpur,0,0,0,0,0,0,0,0,0,1,0,4.0,4.0,4.5,4.0,4.25,43.0,0,0,0,0
DLF Alameda,7.56,2163.5439,2.0,undefined,Bloock G,8,2,1,0,0,0,0,0,0,0,2,4.0,4.0,4.5,4.0,4.25,122.0,0,0,0,0
independent,9.75,217796.7526,1.0,Immediate,Plot No 3,20,0,15,0,0,0,0,0,0,1,0,4.0,4.0,4.5,4.0,4.25,40.0,0,0,0,0
independent,6.75,43561.5033,1.0,Immediate,Plot No -2,20,0,15,0,0,0,0,0,0,1,0,4.0,4.0,4.5,4.0,4.25,32.0,0,0,0,0
independent,4.800000000000001,1453.1265,2.0,undefined,Sector 45 Gurgaon,48,7,6,14,1,0,1,0,0,0,1,4.0,4.0,5.0,4.0,4.25,51.0,0,0,1,0
independent,5.699999999999999,1840.6269,2.0,undefined,Sector 45 Gurgaon,48,7,6,14,1,0,1,0,0,0,1,4.0,4.0,5.0,4.0,4.25,44.0,0,0,1,0
independent,14.625,2701.7389,1.0,Immediate,DLF Phase 2,44,0,9,13,5,0,0,0,0,1,5,5.0,5.0,5.0,5.0,5.0,75.0,0,0,0,0
Ansal API Versalia,6.0600000000000005,2690.975,1.0,undefined,H Block,9,0,2,0,1,0,0,0,0,0,2,5.0,4.0,4.0,5.0,4.5,103.0,0,0,0,0
Central Park Flower Valley,4.215,1625.3489,1.0,Immediate,Sector-33 Sohna,15,4,3,0,0,0,0,0,0,1,1,4.0,4.0,4.5,4.0,4.25,390.0,0,0,1,0
DLF Alameda,21.0,6296.8815,2.0,undefined,Block B,8,2,1,0,0,0,0,0,0,0,2,4.0,4.0,4.5,4.0,4.25,94.0,0,0,0,0
independent,3.3000000000000003,990.2788,2.0,undefined,Sector 45 Gurgaon,48,7,6,14,1,1,1,0,0,0,1,4.0,4.0,5.0,4.0,4.25,73.0,1,0,1,0
independent,8.25,1937.502,1.0,undefined,Block C,46,2,4,9,2,0,0,0,0,0,2,4.0,4.0,4.0,4.0,4.0,483.0,0,0,0,0
independent,7.515,1937.502,1.0,undefined,Block C,46,2,4,9,2,0,0,0,0,0,2,4.0,4.0,4.0,4.0,4.0,483.0,0,0,0,0
independent,7.199999999999999,2163.5439,1.0,undefined,South City 1,49,2,4,10,1,0,0,0,0,0,1,5.0,5.0,5.0,5.0,5.0,89.0,0,0,0,0
independent,7.605,1937.502,1.0,undefined,533,46,2,4,9,2,0,0,0,0,0,2,4.0,4.0,4.0,4.0,4.0,40.0,0,0,0,0
independent,7.875,4499.3102,2.0,undefined,Sector 21 Gurgaon,35,2,2,9,0,0,0,0,1,0,0,5.0,4.0,5.0,4.5,4.625,127.0,0,0,0,0
independent,8.100000000000001,3078.4754,1.0,undefined,591,27,4,2,3,1,0,0,0,0,0,3,4.0,5.0,5.0,4.0,4.5,61.0,0,0,0,0
independent,8.325,2163.5439,1.0,undefined,Near Market,49,2,4,10,1,1,0,0,0,0,1,5.0,5.0,5.0,5.0,5.0,96.0,1,0,0,0
Unitech Greenwood City3.6 ★,6.074999999999999,1625.3489,1.0,undefined,Sector 45 Gurgaon,48,7,6,14,1,0,0,1,0,0,1,4.0,4.0,5.0,4.0,4.25,113.0,0,1,0,0
independent,11.25,2701.7389,1.0,undefined,Block C,46,2,4,9,2,0,1,0,0,0,2,4.0,4.0,4.0,4.0,4.0,501.0,0,0,1,0
independent,18.75,4520.838,1.0,Immediate,DLF Phase 1,46,0,18,11,6,0,0,0,0,1,6,5.0,5.0,5.0,5.0,5.0,100.0,0,0,0,1
independent,11.94,3239.9339,1.0,undefined,Block,50,0,2,10,4,0,0,0,0,0,5,5.0,5.0,5.0,5.0,5.0,483.0,0,0,0,0
independent,8.64,2475.697,2.0,undefined,Block M,0,0,0,0,0,1,0,0,0,0,0,4.0,4.0,4.5,4.0,4.25,519.0,1,0,0,0
independent,5.385,1625.3489,1.0,undefined,Block A,50,0,2,10,4,0,0,0,0,0,5,5.0,5.0,5.0,5.0,5.0,483.0,0,0,0,0
independent,15.75,4520.838,1.0,Immediate,Block B1 Sushant Lok Phase 3,45,5,8,9,0,0,0,0,0,1,2,4.0,4.0,4.5,4.0,4.25,88.0,0,0,0,0
Vtika Express city plot sector-88b gurgaon,3.075,1603.8211,2.0,undefined,House No 15,0,0,0,0,0,0,0,0,0,0,0,4.0,4.0,4.5,4.0,4.25,660.0,0,0,0,0
ROF Insignia Park 2,2.07,1377.7792,3.0,undefined,Plot No 89,5,1,1,0,0,1,0,0,0,0,1,4.0,4.5,4.0,4.5,4.25,103.0,1,0,0,0
ROF Insignia Park,2.415,1528.4738,2.0,undefined,Plot No 67,14,1,1,0,0,0,0,1,0,0,1,4.0,4.0,4.5,4.0,4.25,585.0,0,1,0,1
Raheja Vanya,2.565,1399.307,3.0,undefined,Plot No 65,9,2,1,0,1,0,0,0,0,0,3,4.0,3.0,3.0,3.0,3.25,536.0,0,0,0,0
JMS The Pride,1.23,1076.39,2.0,undefined,Plot No 24,6,2,1,0,0,0,0,1,0,0,1,5.0,4.5,5.0,5.0,4.875,516.0,0,1,0,1
independent,6.0,2249.6551,2.0,undefined,A-50,0,0,0,0,0,0,0,0,0,0,0,4.0,4.5,4.0,4.0,4.125,166.0,0,0,0,0
JMS The Nation,1.665,1076.39,2.0,undefined,Plot No 51,6,2,1,0,0,0,0,0,0,0,1,4.0,4.5,4.0,4.5,4.25,456.0,0,0,0,0
JMS The Nation,2.43,1625.3489,2.0,undefined,Plot No 170,6,2,1,0,0,0,0,0,0,0,1,4.0,4.5,4.0,4.5,4.25,2044.0,0,0,0,1
independent,7.574999999999999,1937.502,1.0,undefined,Block C,46,2,4,9,2,0,0,0,0,0,2,4.0,4.0,4.0,4.0,4.0,496.0,0,0,0,1
independent,12.825,2701.7389,1.0,undefined,Block B,48,1,4,9,2,0,1,0,0,0,2,4.0,4.5,4.5,4.0,4.25,495.0,0,0,1,0
DLF Gardencity Enclave,4.695,2249.6551,2.0,undefined,Plot No 21,8,2,2,0,1,0,0,0,0,0,2,4.0,4.0,4.5,4.0,4.25,162.0,0,0,0,0
independent,8.7,2163.5439,1.0,undefined,Plot No.....,49,2,4,10,1,1,0,0,0,0,1,5.0,5.0,5.0,5.0,5.0,80.0,1,0,0,0
independent,7.5,4951.394,2.0,Immediate,Civil Lines,50,2,29,4,0,0,0,0,0,1,1,3.5,4.5,5.0,3.5,4.125,139.0,0,0,0,0
independent,12.81,2701.7389,1.0,undefined,Block B,48,1,4,9,2,0,1,0,0,0,2,4.0,4.5,4.5,4.0,4.25,500.0,0,0,1,0
independent,8.265,2163.5439,1.0,undefined,Block,49,2,4,10,1,0,0,0,0,0,1,5.0,5.0,5.0,5.0,5.0,483.0,0,0,0,0
independent,8.295,1937.502,1.0,undefined,Block C,46,2,4,9,2,0,0,0,0,0,2,4.0,4.0,4.0,4.0,4.0,500.0,0,0,0,0
independent,11.31,2701.7389,1.0,undefined,Block C,46,2,4,9,2,0,1,0,0,0,2,4.0,4.0,4.0,4.0,4.0,500.0,0,0,1,0
independent,24.75,8998.6204,2.0,Immediate,Sushant Lok Phase 2,48,0,6,12,3,0,0,0,0,1,3,4.0,4.0,5.0,4.0,4.25,117.0,0,0,0,0
independent,9.045,2163.5439,1.0,undefined,Block M,49,2,4,10,1,0,0,0,0,0,1,5.0,5.0,5.0,5.0,5.0,520.0,0,0,0,0
independent,12.69,3239.9339,1.0,undefined,Block O,49,2,4,10,1,0,0,0,0,0,1,5.0,5.0,5.0,5.0,5.0,498.0,0,0,0,0
independent,16.544999999999998,3239.9339,1.0,undefined,Block,47,1,7,10,3,0,0,0,0,0,3,5.0,4.0,5.0,5.0,4.75,483.0,0,0,0,0
independent,11.175,4520.838,2.0,Immediate,Sushant Lok Phase 2,48,0,6,12,3,0,1,0,0,1,3,4.0,4.0,5.0,4.0,4.25,131.0,0,0,1,0
independent,5.265,1625.3489,1.0,undefined,Block A,0,0,0,0,0,0,0,0,0,0,0,4.0,4.0,4.5,4.0,4.25,517.0,0,0,0,1
independent,8.774999999999999,2163.5439,1.0,Immediate,Block C,49,2,4,10,1,0,0,0,0,1,1,5.0,5.0,5.0,5.0,5.0,542.0,0,0,0,0
independent,5.235,1625.3489,1.0,undefined,Block,50,0,2,10,4,0,0,0,0,0,5,5.0,5.0,5.0,5.0,5.0,483.0,0,0,0,0
independent,3.45,1453.1265,1.0,undefined,Sector 23 Gurgaon,27,4,2,3,1,0,1,0,0,0,3,4.0,5.0,5.0,4.0,4.5,1438.0,0,0,1,0
independent,8.024999999999999,3078.4754,1.0,undefined,591,27,4,2,3,1,0,0,0,0,0,3,4.0,5.0,5.0,4.0,4.5,131.0,0,0,1,0
Ireo City Plots,9.225,3239.9339,3.0,undefined,Sector 60 Gurgaon,15,3,3,0,0,0,0,0,0,0,0,4.5,5.0,3.5,4.5,4.375,175.0,0,0,0,0
independent,8.25,1937.502,3.0,undefined,C Block Sushant Lok Phase 1,46,2,4,9,2,0,0,0,0,0,2,4.0,4.0,4.0,4.0,4.0,117.0,0,0,0,0
Central Park Flower Valley,5.550000000000001,247.5697,2.0,Immediate,Sector-33 Sohna,15,4,3,0,0,0,0,0,0,1,1,4.0,4.0,4.5,4.0,4.25,361.0,0,0,1,0
Vaishnav Kunj U Block,0.513,1797.5712999999998,2.0,undefined,Greater Sohna Road Badshapur,28,0,9,7,0,1,0,0,0,0,0,5.0,4.0,4.0,5.0,4.5,1378.0,1,0,0,0
Vaishnav Enclave,0.4128,1442.3626,2.0,undefined,Badshapur,18,0,6,6,0,1,1,0,0,0,0,5.0,4.0,4.0,5.0,4.5,2017.0,1,0,1,0
Vaishnav Kunj Phase2,0.4044,1442.3626,2.0,undefined,Sohna Road,0,0,0,0,0,1,1,0,0,0,0,4.0,4.0,4.0,4.0,4.0,2017.0,1,0,1,0
Vaishnav Enclave Phase2,0.4725,182.9863,2.0,undefined,746p,47,3,15,5,0,1,1,0,0,0,0,4.0,4.0,4.5,4.0,4.25,2017.0,1,0,1,0
UB-block Badashpur,0.3978,1367.0153,2.0,undefined,120,47,3,15,5,0,1,1,0,0,0,0,4.0,4.0,4.5,4.0,4.25,2009.0,1,0,1,0
independent,0.2624999999999999,452.0838,2.0,Immediate,Subhash Chwok,46,3,14,5,0,0,0,0,0,1,0,4.0,4.0,4.5,4.0,4.25,339.0,0,0,0,0
independent,0.495,904.1676,2.0,undefined,Subhash Chwok,46,3,14,5,0,0,0,0,0,0,0,4.0,4.0,4.5,4.0,4.25,339.0,0,0,0,0
Vaishnav Kunj,0.408,1442.3626,2.0,undefined,Badshapur,0,0,0,0,0,1,1,0,0,0,0,4.0,4.0,4.0,4.0,4.0,2017.0,1,0,1,0
Vaishnav Vaatika City,0.3359999999999999,1151.7373,2.0,undefined,Sohna Road Badshapur,0,0,0,0,0,1,1,0,0,0,0,4.0,4.0,4.0,4.0,4.0,1960.0,1,0,1,0
Vaishnav Encivle,0.4605,904.1676,2.0,undefined,Golf Course Extn. Road,47,3,15,5,0,0,0,0,0,0,0,4.0,4.0,4.5,4.0,4.25,368.0,0,0,0,0
Adani Brahma Samsara Vilasa,7.635,2411.1136,1.0,Immediate,Block A,13,2,1,0,1,0,0,0,0,1,2,4.0,4.0,4.5,4.0,4.25,277.0,0,0,0,0
Emaar Emerald Hills4.1 ★,9.78,2357.2941,2.0,undefined,Amber,10,2,1,0,0,0,0,0,0,0,1,4.0,4.0,5.0,4.0,4.25,276.0,0,0,0,0
Emaar Emerald Hills4.1 ★,6.720000000000001,1625.3489,1.0,Within_3_months,Topaz Block,10,2,1,0,0,0,0,0,0,0,1,4.0,4.0,5.0,4.0,4.25,277.0,0,0,0,0
NKV Residential Plots,0.3366,1184.029,2.0,undefined,Nkv Plots,15,1,2,1,0,0,0,0,0,0,1,4.0,4.0,4.5,4.0,4.25,561.0,0,0,1,0
Ansals Shiva Som Valley,1.08,968.751,1.0,undefined,B11,7,2,1,0,0,0,0,0,0,0,1,4.0,4.0,4.0,5.0,4.25,982.0,0,0,1,0
independent,2.7750000000000004,150.69459999999998,2.0,undefined,Naurangpur,9,0,4,0,0,0,0,0,0,0,0,4.0,4.0,4.5,4.0,4.25,124.0,0,0,0,0
independent,0.8999999999999999,904.1676,1.0,Immediate,Sector 34 Gurgaon,44,0,29,1,0,0,0,0,0,1,0,4.5,4.5,5.0,4.5,4.625,187.0,0,0,0,0
independent,6.885,2368.058,1.0,undefined,Sector 38 Gurgaon,47,4,12,7,0,0,0,0,1,0,0,4.0,4.0,5.0,4.0,4.25,329.0,0,0,0,0
BPTP Astaire Gardens3.7 ★,0.6975,64.5834,1.0,undefined,Sector 70A Gurgaon,12,2,0,0,1,0,0,0,0,0,3,5.0,4.0,4.0,4.0,4.25,41.0,0,0,0,0
sector-57 gurgaon,6.6000000000000005,1765.2795999999998,2.0,Immediate,Sector 57 Gurgaon,45,5,10,6,0,0,0,0,0,1,2,4.0,4.0,4.0,4.0,4.0,542.0,0,0,0,0
independent,3.5250000000000004,904.1676,1.0,Immediate,Sector 42 Gurgaon,44,2,3,13,2,0,0,0,0,1,3,4.0,4.0,4.5,4.0,4.25,606.0,0,0,0,0
independent,6.562815789473683,217796.7526,2.0,Immediate,Bilaspur,5,2,0,2,0,0,0,0,0,1,0,4.0,4.0,4.5,4.0,4.25,290.0,0,0,0,0
Garden Villas,18.0,3239.9339,1.0,undefined,DLF Phase 4,47,1,7,10,3,0,0,0,0,0,3,5.0,4.0,5.0,5.0,4.75,120.0,0,0,0,0
independent,7.125,3153.8227,1.0,undefined,001,49,5,9,10,0,0,0,0,0,0,0,4.0,4.0,5.0,4.0,4.25,145.0,0,0,1,1
independent,10.77,3078.4754,1.0,Immediate,Sector 56 Gurgaon,47,4,5,14,3,0,0,0,0,1,5,4.0,5.0,5.0,4.0,4.5,272.0,0,0,0,0
independent,7.875,2701.7389,2.0,undefined,Sushant Lok Phase 2,48,0,6,12,3,0,0,0,0,0,3,4.0,4.0,5.0,4.0,4.25,286.0,0,0,0,0
independent,6.6000000000000005,2551.0443,1.0,Immediate,Sector 57 Gurgaon,45,5,10,6,0,0,0,0,0,1,2,4.0,4.0,4.0,4.0,4.0,32.0,0,0,0,0
sector-57,5.5200000000000005,2368.058,1.0,Immediate,Sector 57 Gurgaon,45,5,10,6,0,0,0,0,0,1,2,4.0,4.0,4.0,4.0,4.0,437.0,0,0,0,0
independent,6.300000000000001,1840.6269,1.0,undefined,002,47,6,8,6,0,0,0,0,0,0,0,4.0,4.0,5.0,4.0,4.25,120.0,0,0,0,1
independent,6.449999999999999,2551.0443,1.0,undefined,Gurgaon,48,7,6,14,1,0,0,0,0,0,1,4.0,4.0,5.0,4.0,4.25,85.0,0,0,1,0
independent,6.675000000000001,2368.058,1.0,undefined,011,48,7,6,14,1,0,1,0,0,0,1,4.0,4.0,5.0,4.0,4.25,119.0,0,0,1,0
Vatika Xpressions,4.050000000000001,2701.7389,2.0,undefined,1532,7,2,1,0,0,0,0,1,0,0,0,4.0,4.0,4.5,4.0,4.25,479.0,0,1,0,1
DLF City Phase 1,9.0,1797.5712999999998,2.0,Immediate,Sector 26 Gurgaon,48,0,6,12,6,1,0,0,0,1,6,4.0,4.0,4.5,4.0,4.25,85.0,1,0,0,0
Plot 60 sq yd 3 floors sushant lok sector  43,2.145,538.1949999999999,1.0,undefined,Sushant Lok Phase 1,47,2,5,13,1,0,0,0,0,0,1,5.0,5.0,5.0,5.0,5.0,267.0,0,0,0,0
DLF Gardencity,5.85,2701.7389,2.0,undefined,Sector 91 Gurgaon,7,2,1,0,0,0,0,0,0,0,1,4.0,4.0,3.0,4.5,3.875,60.0,0,0,0,0
independent,45.0,8998.6204,1.0,Immediate,DLF Phase 1,46,0,18,11,6,0,0,0,0,1,6,5.0,5.0,5.0,5.0,5.0,123.0,0,0,0,0
Ansals Palam Vihar,4.5,2002.0854,1.0,Immediate,Palam Vihar,27,4,3,3,1,0,0,0,0,1,3,5.0,5.0,5.0,4.0,4.75,33.0,0,0,1,0
Ansals Palam Vihar,7.875,3250.6978,1.0,Immediate,Palam Vihar,27,4,3,3,1,0,0,0,0,1,3,5.0,5.0,5.0,4.0,4.75,38.0,0,0,0,0
Ansals Palam Vihar,12.0,7201.049099999999,1.0,Immediate,Palam Vihar,27,4,3,3,1,0,0,0,0,1,3,5.0,5.0,5.0,4.0,4.75,46.0,0,0,0,0
Ansals Palam Vihar,6.375,3196.8783,1.0,Immediate,Palam Vihar,27,4,3,3,1,0,0,0,0,1,3,5.0,5.0,5.0,4.0,4.75,47.0,0,0,0,0
Ansals Palam Vihar,9.75,4499.3102,1.0,Immediate,Palam Vihar,27,4,3,3,1,0,0,0,0,1,3,5.0,5.0,5.0,4.0,4.75,59.0,0,0,0,0
Ansals Palam Vihar,11.25,4499.3102,1.0,Immediate,Palam Vihar,27,4,3,3,1,0,0,0,0,1,3,5.0,5.0,5.0,4.0,4.75,50.0,0,0,0,1
Ansals Palam Vihar,12.0,7201.049099999999,1.0,Immediate,Palam Vihar,27,4,3,3,1,0,0,0,0,1,3,5.0,5.0,5.0,4.0,4.75,58.0,0,0,1,0
Ansals Palam Vihar,8.25,3498.2675,1.0,Immediate,Palam Vihar,27,4,3,3,1,0,0,0,0,1,3,5.0,5.0,5.0,4.0,4.75,35.0,0,0,0,0
Ansals Palam Vihar,15.0,7201.049099999999,2.0,Immediate,Palam Vihar,27,4,3,3,1,0,0,0,0,1,3,5.0,5.0,5.0,4.0,4.75,58.0,0,0,0,1
Ansals Palam Vihar,9.0,4800.6994,1.0,undefined,Palam Vihar,27,4,3,3,1,0,0,0,0,0,3,5.0,5.0,5.0,4.0,4.75,35.0,0,0,0,0
Ansals Palam Vihar,10.5,4682.2965,1.0,Immediate,Palam Vihar,27,4,3,3,1,0,0,0,0,1,3,5.0,5.0,5.0,4.0,4.75,61.0,0,0,0,0
Ansals Palam Vihar,6.0,3304.5173,1.0,Immediate,Palam Vihar,27,4,3,3,1,0,0,0,0,1,3,5.0,5.0,5.0,4.0,4.75,44.0,0,0,0,1
Central Park Flower Valley,4.35,1732.9879,2.0,undefined,Sector-33 Sohna,15,4,3,0,0,0,0,0,0,0,1,4.0,4.0,4.5,4.0,4.25,71.0,0,0,0,0
independent,3.12,1453.1265,1.0,Immediate,Sector 52 Gurgaon,44,4,5,10,0,0,0,0,0,1,2,4.0,5.0,5.0,4.0,4.5,149.0,0,0,0,0
independent,5.565,1840.6269,1.0,undefined,Sector 57 Gurgaon,45,5,10,6,0,0,0,0,0,0,2,4.0,4.0,4.0,4.0,4.0,91.0,0,0,1,0
independent,6.6000000000000005,2368.058,2.0,undefined,Sector 57 Gurgaon,45,5,10,6,0,0,0,0,0,0,2,4.0,4.0,4.0,4.0,4.0,49.0,0,0,0,0
independent,8.399999999999999,2690.975,2.0,undefined,Sushant Lok Phase 3,45,5,7,13,0,0,0,0,0,0,2,4.0,4.0,4.0,4.0,4.0,40.0,0,0,0,0
Orris Aanandam Ora,1.5,1076.39,2.0,undefined,Sector 93 Gurgaon,8,0,0,0,0,0,0,0,0,0,1,4.0,4.0,4.5,4.0,4.25,550.0,0,0,0,0
sector-112,2.58,1173.2650999999998,2.0,undefined,119,0,0,0,0,0,0,0,0,0,0,0,4.0,4.0,4.5,4.0,4.25,126.0,0,0,0,0
Pyramid Spring Valley,1.2189,936.4593,1.0,Immediate,Sector 35 Sohna,10,2,1,0,0,0,0,0,0,1,1,4.0,4.0,5.0,4.0,4.25,3767.0,0,0,1,0
independent,5.1,1571.5294,2.0,undefined,Sector 55 Gurgaon,42,4,5,13,3,1,0,0,0,0,5,4.0,4.0,5.0,4.0,4.25,143.0,1,0,1,0
independent,8.850000000000001,2701.7389,2.0,undefined,Sector 55 Gurgaon,42,4,5,13,3,0,1,0,0,0,5,4.0,4.0,5.0,4.0,4.25,115.0,0,0,1,1
Ansals Palam Vihar,8.25,4682.2965,2.0,undefined,1109,27,4,3,3,1,1,0,0,0,0,3,5.0,5.0,5.0,4.0,4.75,197.0,1,0,0,0
Ansals Palam Vihar,9.0,4682.2965,1.0,undefined,B8765,27,4,3,3,1,0,0,0,0,0,3,5.0,5.0,5.0,4.0,4.75,134.0,0,0,0,0
Ansals Palam Vihar,10.35,4682.2965,1.0,undefined,G00xxx12,27,4,3,3,1,0,0,0,0,0,3,5.0,5.0,5.0,4.0,4.75,122.0,0,0,0,0
Ansals Palam Vihar,7.199999999999999,2432.6414,1.0,undefined,Jxxxxx1,27,4,3,3,1,0,0,0,0,0,3,5.0,5.0,5.0,4.0,4.75,135.0,0,0,0,0
Ireo City Plots,6.75,2163.5439,1.0,Immediate,Sector 60 Gurgaon,15,3,3,0,0,0,0,0,0,1,0,4.5,5.0,3.5,4.5,4.375,273.0,0,0,0,0
Ireo City Plots,16.65,516.6672,2.0,undefined,Sector 60 Gurgaon,15,3,3,0,0,0,0,0,0,0,0,4.5,5.0,3.5,4.5,4.375,343.0,0,0,0,0
independent,2.715,150.69459999999998,2.0,undefined,New Gurgaon,14,0,3,0,0,0,0,0,0,0,0,5.0,5.0,4.5,4.5,4.75,114.0,0,0,0,0
independent,2.625,1259.3763,2.0,undefined,1 To 75,12,0,0,0,0,0,0,0,0,0,0,5.0,5.0,5.0,4.5,4.875,407.0,0,0,1,0
JMS The Nation,1.905,1345.4875,2.0,undefined,New Gurgaon,6,2,1,0,0,0,0,0,0,0,1,4.0,4.5,4.0,4.5,4.25,1980.0,0,0,0,1
Ireo City Plots,7.125,2368.058,2.0,undefined,C11,15,3,3,0,0,0,0,0,0,0,0,4.5,5.0,3.5,4.5,4.375,212.0,0,0,0,0
SHF Homes,0.87675,1506.946,2.0,Within_3_months,123423,8,2,0,0,1,0,0,0,0,0,2,4.5,4.0,4.5,4.5,4.375,1063.0,0,0,0,0
Unitech Greenwood City3.6 ★,16.935,4520.838,1.0,undefined,A-N,47,7,9,11,0,0,0,0,0,0,0,4.0,4.0,5.0,4.0,4.25,966.0,0,0,1,0
DLF Alameda,16.14,538.1949999999999,1.0,undefined,D-1,8,2,1,0,0,0,0,0,0,0,2,4.0,4.0,4.5,4.0,4.25,946.0,0,0,0,0
DLF Alameda,16.14,4843.755,1.0,undefined,D-1,8,2,1,0,0,0,0,0,0,0,2,4.0,4.0,4.5,4.0,4.25,1005.0,0,0,1,0
DLF Alameda,18.165,4843.755,1.0,undefined,B-3,8,2,1,0,0,0,0,0,0,0,2,4.0,4.0,4.5,4.0,4.25,348.0,0,0,0,0
Pyramid Palm County,2.52,1345.4875,2.0,Within_6_months,Sector 78 Gurgaon,5,1,1,0,0,0,0,0,0,0,0,4.0,4.0,5.0,4.0,4.25,246.0,0,0,0,0
HUDA PLOTS,7.485,2368.058,1.0,undefined,333,47,4,12,7,0,0,0,0,0,0,0,4.0,4.0,5.0,4.0,4.25,279.0,0,0,0,0
independent,4.875,1840.6269,1.0,Immediate,Sector 38 Gurgaon,47,4,12,7,0,0,0,0,0,1,0,4.0,4.0,5.0,4.0,4.25,212.0,0,0,0,0
Grover Homes Sec 46,8.67,2368.058,1.0,undefined,2204,47,6,8,7,0,0,0,0,0,0,0,4.0,4.0,5.0,4.0,4.25,295.0,0,0,0,0
Vatika Xpressions,1.86,1011.8066,1.0,undefined,Sector 88B Gurgaon,7,2,1,0,0,0,0,0,0,0,0,4.0,4.0,4.5,4.0,4.25,573.0,0,0,1,0
Ireo City Plots,6.12,2163.5439,1.0,undefined,A 5,15,3,3,0,0,0,0,0,0,0,0,4.5,5.0,3.5,4.5,4.375,295.0,0,0,0,0
independent,2.7750000000000004,914.9315,1.0,undefined,2504,47,6,8,6,0,0,0,0,0,0,0,4.0,4.0,5.0,4.0,4.25,71.0,0,0,1,0
Pyramid Palm County,2.01,1076.39,2.0,Within_6_months,Sector 78 Gurgaon,5,1,1,0,0,0,0,0,0,0,0,4.0,4.0,5.0,4.0,4.25,133.0,0,0,0,0
SHF Homes,0.74625,1345.4875,2.0,undefined,11234,8,2,0,0,1,0,0,0,0,0,2,4.5,4.0,4.5,4.5,4.375,775.0,0,0,1,0
independent,10.875,4682.2965,1.0,undefined,Palam Vihar,27,4,3,3,1,0,0,0,0,0,3,5.0,5.0,5.0,4.0,4.75,139.0,0,0,0,0
independent,3.3000000000000003,75.34729999999999,2.0,Immediate,Sector 42 Gurgaon,44,2,3,13,2,0,0,0,0,1,3,4.0,4.0,4.5,4.0,4.25,59.0,0,0,0,0
DLF Alameda,8.25,2249.6551,2.0,undefined,B 15,8,2,1,0,0,0,0,0,0,0,2,4.0,4.0,4.5,4.0,4.25,195.0,0,0,0,0
JMS Prime Land,2.475,1076.39,2.0,undefined,102,11,3,1,0,0,0,0,0,0,0,1,5.0,4.5,5.0,5.0,4.875,121.0,0,0,0,0
Vatika India Next Plots3.6 ★,2.7,1076.39,2.0,undefined,136,15,2,5,1,0,0,0,0,0,0,0,5.0,5.0,4.0,5.0,4.75,121.0,0,0,0,0
independent,24.75,4499.3102,1.0,undefined,sec-54 Suncity,50,3,35,1,0,0,1,0,0,0,2,4.0,4.0,4.5,4.0,4.25,129.0,0,0,1,0
BPTP Green Oaks,2.625,1184.029,1.0,undefined,Sector 70A Gurgaon,10,3,1,0,1,0,0,0,0,0,2,5.0,4.0,4.0,4.0,4.25,184.0,0,0,1,0
BPTP Fortuna,4.365,2045.141,3.0,undefined,Sector 70A Gurgaon,8,2,1,0,1,0,0,0,0,0,2,5.0,4.0,4.0,4.0,4.25,2048.0,0,0,1,0
independent,14.25,4499.3102,2.0,undefined,105,48,0,6,12,3,0,0,0,0,0,3,4.0,4.0,5.0,4.0,4.25,188.0,0,0,0,0
independent,2.7,721.1813,1.0,Immediate,Sector 42 Gurgaon,44,2,3,13,2,0,0,0,0,1,3,4.0,4.0,4.5,4.0,4.25,89.0,0,0,0,0
independent,8.25,3078.4754,1.0,Immediate,Sector 52 Gurgaon,44,4,5,10,0,0,0,0,0,1,2,4.0,5.0,5.0,4.0,4.5,89.0,0,0,0,0
independent,6.375,2368.058,1.0,Immediate,Sector 52 Gurgaon,44,4,5,10,0,0,0,0,0,1,2,4.0,5.0,5.0,4.0,4.5,116.0,0,0,0,0
IREO Savannah,1.47,1259.3763,1.0,Future,Sector-35 Sohna,0,0,0,0,0,0,0,0,0,0,0,4.0,4.0,4.0,5.0,4.25,1842.0,0,0,0,0
independent,6.449999999999999,1442.3626,1.0,Immediate,Suncity,47,4,6,13,4,0,0,0,0,1,6,5.0,4.5,4.0,5.0,4.625,314.0,0,0,0,0
independent,7.290000000000001,269.0975,3.0,undefined,117,46,0,13,10,0,1,0,0,0,0,0,4.0,4.0,5.0,5.0,4.5,177.0,1,0,0,0
independent,1.86,1399.307,2.0,Future,Sector 95 Gurgaon,5,0,4,0,0,0,0,0,0,0,0,4.0,4.5,4.0,4.5,4.25,152.0,0,0,0,0
independent,2.145,1614.585,2.0,Future,Sector 95 Gurgaon,5,0,4,0,0,0,0,0,0,0,0,4.0,4.5,4.0,4.5,4.25,158.0,0,0,0,0
Ansals Shiva Som Valley,1.305,1151.7373,1.0,undefined,N 4,7,2,1,0,0,0,0,0,0,0,1,4.0,4.0,4.0,5.0,4.25,1108.0,0,0,0,0
independent,2.25,538.1949999999999,1.0,undefined,South City 2,45,4,10,7,0,0,0,0,0,0,0,5.0,5.0,5.0,4.0,4.75,159.0,0,0,1,0
Huda Flats,3.375,96.8751,2.0,undefined,Sector 57 Gurgaon,45,5,10,6,0,0,0,0,0,0,2,4.0,4.0,4.0,4.0,4.0,133.0,0,0,0,0
independent,5.025,1625.3489,1.0,undefined,South City 1,49,2,4,10,1,1,1,0,0,0,1,5.0,5.0,5.0,5.0,5.0,174.0,1,0,1,0
independent,6.300000000000001,1625.3489,1.0,undefined,South City 1,49,2,4,10,1,0,0,0,0,0,1,5.0,5.0,5.0,5.0,5.0,143.0,0,0,0,0
independent,6.75,1840.6269,2.0,Immediate,Sector 38 Gurgaon,47,4,12,7,0,0,0,0,1,1,0,4.0,4.0,5.0,4.0,4.25,154.0,0,0,0,0
independent,4.125,1453.1265,2.0,Immediate,Sector 57 Gurgaon,45,5,10,6,0,0,0,0,0,1,2,4.0,4.0,4.0,4.0,4.0,159.0,0,0,0,0
independent,2.955,1345.4875,1.0,undefined,N 4,14,0,6,4,0,0,0,0,0,0,0,5.0,4.0,4.0,4.0,4.25,131.0,0,0,0,0
SECTOR 4,0.972,1076.39,1.0,undefined,Sohna,0,0,0,0,0,0,0,0,0,0,0,4.0,4.0,5.0,4.0,4.25,168.0,0,0,0,0
Raheja Vanya,1.59,118.4029,2.0,undefined,Sector 99A Gurgaon,9,2,1,0,1,0,0,0,0,0,3,4.0,3.0,3.0,3.0,3.25,30.0,0,0,0,0
Emreld Hills,8.61,2400.3497,1.0,undefined,C 44,47,1,14,10,0,0,0,0,0,0,0,4.0,4.0,5.0,4.0,4.25,450.0,0,0,1,0
independent,3.6,904.1676,2.0,Immediate,1165,46,1,5,9,3,0,0,0,1,1,3,4.0,4.0,5.0,4.0,4.25,135.0,0,0,0,0
independent,3.75,904.1676,1.0,undefined,918,47,0,6,10,3,0,1,0,1,0,3,5.0,4.0,5.0,4.0,4.5,160.0,0,0,1,0
independent,3.675,904.1676,1.0,Immediate,981,47,0,6,10,3,0,1,0,1,1,3,5.0,4.0,5.0,4.0,4.5,142.0,0,0,1,0
independent,8.100000000000001,1937.502,1.0,Immediate,0000,46,2,4,9,2,0,0,0,0,1,2,4.0,4.0,4.0,4.0,4.0,60.0,0,0,0,0
independent,7.5,1937.502,1.0,Immediate,1700,46,2,4,9,2,0,0,0,0,1,2,4.0,4.0,4.0,4.0,4.0,72.0,0,0,0,0
E Block,6.562815789473683,9030.9121,1.0,undefined,South City 1,49,2,4,10,1,0,0,1,0,0,1,5.0,5.0,5.0,5.0,5.0,1067.0,0,1,1,0
M 1 Block,33.0,6135.423,2.0,undefined,DLF Phase 2,44,0,9,13,5,0,0,1,0,0,5,5.0,5.0,5.0,5.0,5.0,841.0,0,1,0,0
independent,3.1500000000000004,904.1676,1.0,undefined,Sector 40 Gurgaon,48,6,6,13,1,0,1,0,0,0,1,4.0,4.0,4.0,4.0,4.0,39.0,0,0,1,0
independent,15.0,4499.3102,3.0,undefined,DLF Phase 4,47,1,7,10,3,1,0,0,0,0,3,5.0,4.0,5.0,5.0,4.75,82.0,1,0,0,0
independent,6.045,3153.8227,2.0,undefined,Sector 83 Gurgaon,11,0,1,0,0,1,0,0,0,0,0,5.0,5.0,4.0,5.0,4.75,54.0,1,0,0,0
BPTP Amstoria3.8 ★,7.949999999999999,2723.2667,2.0,Immediate,Sector 102 Gurgaon,11,2,1,0,0,0,0,0,0,1,2,4.0,4.5,4.0,4.0,4.125,157.0,0,0,0,0
independent,1.2000000000000002,1797.5712999999998,2.0,Immediate,Noble Enclave,39,3,6,8,1,0,0,1,0,1,1,4.0,4.0,4.5,4.0,4.25,483.0,0,1,0,0
independent,5.58,2701.7389,2.0,Immediate,Sector 83 Gurgaon,11,0,1,0,0,0,0,0,0,1,0,5.0,5.0,4.0,5.0,4.75,30.0,0,0,0,0
Adani M2K Oyster Grande3.9 ★,3.3600000000000003,1442.3626,1.0,undefined,Sector 102 Gurgaon,11,4,1,0,0,0,0,1,0,0,1,4.0,4.5,4.0,4.0,4.125,370.0,0,1,0,0
independent,2.565,1065.6261,1.0,undefined,Sector 102 Gurgaon,0,0,0,0,0,0,0,1,0,0,0,4.0,4.5,4.0,4.0,4.125,470.0,0,1,0,0
independent,4.574999999999999,1528.4738,1.0,undefined,Sector 47 Gurgaon,47,5,11,5,0,0,0,0,0,0,0,5.0,4.5,5.0,5.0,4.875,48.0,0,0,0,0
independent,7.199999999999999,3089.2393,1.0,Immediate,Sector 38 Gurgaon,47,4,12,7,0,0,0,0,0,1,0,4.0,4.0,5.0,4.0,4.25,110.0,0,0,0,0
independent,10.44,2723.2667,1.0,Immediate,Sector 51 Gurgaon,46,5,11,7,0,0,0,0,0,1,0,5.0,4.0,5.0,4.0,4.5,136.0,0,0,0,0
independent,11.07,3239.9339,3.0,undefined,Sector 47 Gurgaon,47,5,11,5,0,1,0,0,0,0,0,5.0,4.5,5.0,5.0,4.875,47.0,1,0,0,0
independent,7.08,3153.8227,4.0,undefined,Sector 67 Gurgaon,18,0,6,6,0,0,0,1,0,0,0,4.0,4.5,4.0,4.0,4.125,457.0,0,1,0,0
DLF Alameda,0.0292499999999999,5790.9782,1.0,Immediate,D Block,8,2,1,0,0,0,1,0,0,1,2,4.0,4.0,4.5,4.0,4.25,37.0,0,0,1,1
Central Park Flower Valley,4.155,1668.4045,2.0,undefined,G-Block,15,4,3,0,0,0,0,0,0,0,1,4.0,4.0,4.5,4.0,4.25,291.0,0,0,1,0
ROF Insignia Park,2.445,1237.8485,1.0,Future,Sector 93 Gurgaon,14,1,1,0,0,0,0,1,0,0,1,4.0,4.0,4.5,4.0,4.25,431.0,0,1,0,0
ROF Insignia Park,2.685,1463.8904,2.0,Future,Sector 93 Gurgaon,14,1,1,0,0,0,0,0,0,0,1,4.0,4.0,4.5,4.0,4.25,163.0,0,0,0,0
BPTP Amstoria3.8 ★,10.395,4456.2546,3.0,undefined,Sector 102 Gurgaon,11,2,1,0,0,0,0,0,0,0,2,4.0,4.5,4.0,4.0,4.125,457.0,0,0,0,0
BPTP Amstoria3.8 ★,4.365,1636.1128,1.0,undefined,Sector 102 Gurgaon,11,2,1,0,0,0,0,0,0,0,2,4.0,4.5,4.0,4.0,4.125,327.0,0,0,0,0
independent,4.275,1765.2795999999998,1.0,undefined,Palam Vihar,27,4,3,3,1,0,0,0,0,0,3,5.0,5.0,5.0,4.0,4.75,133.0,0,0,0,0
independent,9.36,4682.2965,1.0,undefined,Palam Vihar,27,4,3,3,1,0,0,0,0,0,3,5.0,5.0,5.0,4.0,4.75,133.0,0,0,0,0
independent,11.25,4682.2965,1.0,undefined,Palam Vihar,27,4,3,3,1,0,1,0,0,0,3,5.0,5.0,5.0,4.0,4.75,145.0,0,0,1,0
Omaxe Plaza Mall,6.562815789473683,6969592.9583,4.0,Immediate,Sohna Road,0,0,0,0,0,0,0,0,0,1,0,4.0,4.0,4.5,4.0,4.25,117.0,0,0,0,0
ASF Isle De Royale3.8 ★,0.375,904.1676,2.0,Immediate,Gwal Pahari,12,2,1,0,1,0,0,0,0,1,2,4.0,4.0,4.5,4.0,4.25,128.0,0,0,0,0
independent,3.225,1560.7655,1.0,Immediate,Palam Vihar,27,4,3,3,1,0,0,0,0,1,3,5.0,5.0,5.0,4.0,4.75,133.0,0,0,0,0
independent,15.375,7201.049099999999,1.0,Immediate,460,27,4,3,3,1,0,0,0,0,1,3,5.0,5.0,5.0,4.0,4.75,57.0,0,0,0,0
independent,19.5,8998.6204,1.0,undefined,460,27,4,3,3,1,0,0,0,0,0,3,5.0,5.0,5.0,4.0,4.75,121.0,0,0,0,0
DLF City Plots Phase 2,19.5,462.8477,3.0,undefined,K5/8,44,0,9,13,5,1,0,0,0,0,5,5.0,5.0,5.0,5.0,5.0,243.0,1,0,1,0
Uppal Southend4.0 ★,7.199999999999999,215.278,2.0,undefined,S-74,46,0,12,10,0,1,0,0,0,0,0,5.0,5.0,5.0,5.0,5.0,140.0,1,0,0,0
Vatika Westin Sohna Resort,3.75,22496.551,1.0,Immediate,Sohna,0,0,0,0,0,0,0,0,0,1,0,4.0,4.0,5.0,4.0,4.25,95.0,0,0,0,0
Vatika Westin Sohna Resort,3.675,23400.7186,1.0,Immediate,Sohna,0,0,0,0,0,0,0,0,0,1,0,4.0,4.0,5.0,4.0,4.25,49.0,0,0,0,0
independent,4.275,26995.8612,1.0,Immediate,vatika farms westin resort sohna,0,0,0,0,0,0,0,0,0,1,0,4.0,4.0,4.5,4.0,4.25,69.0,0,0,0,0
Vatika Westin Sohna Resort,3.0,17997.2408,2.0,Immediate,Sohna,0,0,0,0,0,0,0,0,0,1,0,4.0,4.0,5.0,4.0,4.25,67.0,0,0,0,0
DLF City Plots Phase 4,16.799999999999997,3239.9339,3.0,undefined,DLF Phase 4,47,1,7,10,3,1,0,0,0,0,3,5.0,4.0,5.0,5.0,4.75,138.0,1,0,0,1
independent,13.8,301.3892,1.0,Immediate,70-81,44,0,9,13,5,0,0,0,0,1,5,5.0,5.0,5.0,5.0,5.0,149.0,0,0,0,0
JMS Prime Land,1.14,882.6397999999999,1.0,Future,Sector 95A Gurgaon,11,3,1,0,0,0,0,0,0,0,1,5.0,4.5,5.0,5.0,4.875,87.0,0,0,0,0
DLF Gardencity Enclave,2.58,1345.4875,2.0,Future,Sector 93 Gurgaon,8,2,2,0,1,0,0,0,0,0,2,4.0,4.0,4.5,4.0,4.25,83.0,0,0,0,0
DLF Builder Floors,18.15,4639.2409,2.0,Immediate,DLF Phase 2,3,0,0,0,1,0,0,0,0,1,2,5.0,5.0,5.0,5.0,5.0,54.0,0,0,0,0
independent,7.56,2163.5439,2.0,Immediate,0000,45,4,10,7,0,0,0,0,0,1,0,5.0,5.0,5.0,4.0,4.75,344.0,0,0,0,1
independent,6.75,1345.4875,1.0,Immediate,DLF Phase 2,44,0,9,13,5,0,0,0,0,1,5,5.0,5.0,5.0,5.0,5.0,420.0,0,0,0,0
Emaar Emerald Hills4.1 ★,9.75,2357.2941,2.0,undefined,Amber,10,2,1,0,0,0,0,0,0,0,1,4.0,4.0,5.0,4.0,4.25,558.0,0,0,1,0
independent,12.0,3229.17,2.0,undefined,South City 1,49,2,4,10,1,0,0,0,0,0,1,5.0,5.0,5.0,5.0,5.0,1204.0,0,0,0,0
independent,17.625,4499.3102,2.0,undefined,South City 1,49,2,4,10,1,0,0,0,0,0,1,5.0,5.0,5.0,5.0,5.0,1163.0,0,0,0,0
independent,9.375,2475.697,2.0,undefined,South City 1,49,2,4,10,1,0,0,0,0,0,1,5.0,5.0,5.0,5.0,5.0,1128.0,0,0,0,0
independent,8.399999999999999,2368.058,1.0,Immediate,Sector 43 Gurgaon,46,1,5,9,3,0,0,0,0,1,3,4.0,4.0,5.0,4.0,4.25,72.0,0,0,0,0
Unitech Greenwood City3.6 ★,12.375,3239.9339,1.0,undefined,Sector 45 Gurgaon,47,7,9,11,0,0,1,0,0,0,0,4.0,4.0,5.0,4.0,4.25,169.0,0,0,1,1
independent,18.75,4499.3102,2.0,Immediate,Block J South City 1,48,2,5,14,1,0,0,0,0,1,1,4.0,4.0,4.5,4.0,4.25,78.0,0,0,0,0
independent,12.75,4499.3102,2.0,undefined,23466,48,7,6,14,1,0,0,0,0,0,1,4.0,4.0,5.0,4.0,4.25,125.0,0,0,0,0
independent,9.225,3078.4754,2.0,undefined,Sector 45 Gurgaon,48,7,6,14,1,0,0,0,0,0,1,4.0,4.0,5.0,4.0,4.25,125.0,0,0,0,0
independent,7.125,2368.058,2.0,undefined,135678,48,7,6,14,1,0,0,0,0,0,1,4.0,4.0,5.0,4.0,4.25,125.0,0,0,0,0
independent,7.125,2368.058,2.0,undefined,12457,46,5,11,7,0,0,0,0,0,0,0,5.0,4.0,5.0,4.0,4.5,125.0,0,0,0,0
independent,12.675,4499.3102,2.0,undefined,12456,47,6,8,6,0,0,0,0,0,0,0,4.0,4.0,5.0,4.0,4.25,125.0,0,0,0,0
independent,9.375,3078.4754,2.0,undefined,235668,47,6,8,6,0,0,0,0,0,0,0,4.0,4.0,5.0,4.0,4.25,125.0,0,0,0,0
independent,7.800000000000001,2368.058,2.0,undefined,22356,47,6,8,6,0,0,0,0,0,0,0,4.0,4.0,5.0,4.0,4.25,125.0,0,0,0,0
independent,6.0,1840.6269,2.0,undefined,13457,47,6,8,6,0,0,0,0,0,0,0,4.0,4.0,5.0,4.0,4.25,128.0,0,0,1,0
independent,12.375,2432.6414,1.0,Immediate,000,46,0,18,11,6,0,0,0,0,1,6,5.0,5.0,5.0,5.0,5.0,154.0,0,0,0,0
Hero Homes,2.73,1259.3763,2.0,Within_6_months,112,12,0,0,0,0,0,0,0,0,0,0,5.0,5.0,5.0,4.5,4.875,390.0,0,0,0,0
Hero Homes,2.835,1302.4319,1.0,undefined,122,12,0,0,0,0,0,0,0,0,0,0,5.0,5.0,5.0,4.5,4.875,381.0,0,0,0,0
independent,7.095000000000001,2368.058,1.0,Immediate,Sector 38 Gurgaon,47,4,12,7,0,0,0,0,0,1,0,4.0,4.0,5.0,4.0,4.25,222.0,0,0,1,0
DLF City Plots,48.0,9203.1345,2.0,undefined,Shatoot Marg,8,2,1,0,1,0,0,0,0,0,2,5.0,5.0,5.0,5.0,5.0,199.0,0,0,0,0
DLF City Plots,5.699999999999999,1345.4875,1.0,Immediate,Arjun Marg,8,2,1,0,1,0,0,0,0,1,2,5.0,5.0,5.0,5.0,5.0,87.0,0,0,0,0
independent,2.4000000000000004,904.1676,1.0,undefined,Sector 23 Gurgaon,27,4,2,3,1,0,0,0,0,0,3,4.0,5.0,5.0,4.0,4.5,103.0,0,0,0,0
independent,7.5,4520.838,1.0,Immediate,Sector 9A Gurgaon,49,1,32,5,0,0,0,0,0,1,3,4.0,4.0,4.0,4.0,4.0,141.0,0,0,0,1
RWA East Pocket4.0 ★,3.87,150.69459999999998,3.0,undefined,608,27,4,2,3,1,0,0,0,0,0,3,4.0,5.0,5.0,4.0,4.5,53.0,0,0,0,0
independent,0.5249999999999999,1001.0427,1.0,Immediate,Badshahpur,46,0,13,11,0,0,0,0,0,1,0,4.0,4.0,5.0,4.0,4.25,166.0,0,0,1,0
Central Park Flower Valley,3.78,1625.3489,2.0,undefined,Sector-33 Sohna,15,4,3,0,0,0,0,0,0,0,1,4.0,4.0,4.5,4.0,4.25,387.0,0,0,1,0
Central Park Flower Valley,3.51,182.9863,1.0,Immediate,Sector-33 Sohna,15,4,3,0,0,0,0,0,0,1,1,4.0,4.0,4.5,4.0,4.25,347.0,0,0,1,0
independent,9.75,1937.502,1.0,Immediate,C Block Sushant Lok Phase 1,46,2,4,9,2,0,1,0,0,1,2,4.0,4.0,4.0,4.0,4.0,125.0,0,0,1,0
independent,20.25,6017.0201,1.0,undefined,C Block Sushant Lok Phase 1,46,2,4,9,2,1,0,0,0,0,2,4.0,4.0,4.0,4.0,4.0,122.0,1,0,0,0
DLF Gardencity,6.375,3724.3094,1.0,undefined,Sector 91 Gurgaon,7,2,1,0,0,0,0,1,0,0,1,4.0,4.0,3.0,4.5,3.875,337.0,0,1,0,0
DLF Gardencity,4.5,2421.8775,2.0,undefined,Sector 91 Gurgaon,7,2,1,0,0,0,0,1,0,0,1,4.0,4.0,3.0,4.5,3.875,367.0,0,1,0,0
DLF Garden City Floors,4.425000000000001,2163.5439,1.0,undefined,Sector 91 Gurgaon,12,0,5,0,0,0,0,1,0,0,0,4.0,4.0,3.0,4.5,3.875,442.0,0,1,0,0
DLF Gardencity,10.02,7513.2022,3.0,undefined,Sector 91 Gurgaon,7,2,1,0,0,1,1,0,0,0,1,4.0,4.0,3.0,4.5,3.875,189.0,1,0,1,0
DLF Garden City Floors,6.029999999999999,3164.5866,1.0,undefined,Sector 92 Gurgaon,10,3,1,0,0,0,0,0,0,0,1,5.0,4.0,4.0,3.0,4.0,157.0,0,0,0,0
DLF Alameda,16.14,4843.755,1.0,undefined,Sector 73 Gurgaon,8,2,1,0,0,0,0,0,0,0,2,4.0,4.0,4.5,4.0,4.25,680.0,0,0,0,0
DLF Alameda,18.9,6296.8815,1.0,Immediate,Dlf Alameda Sec 73,8,2,1,0,0,0,0,0,0,1,2,4.0,4.0,4.5,4.0,4.25,373.0,0,0,1,0
DLF Garden City Floors,4.515,2421.8775,1.0,undefined,Sector 92 Gurgaon,10,3,1,0,0,0,0,0,0,0,1,5.0,4.0,4.0,3.0,4.0,143.0,0,0,0,0
independent,46.5,7427.090999999999,1.0,Immediate,Sushant Lok Phase 1,47,2,5,13,1,0,0,0,0,1,1,5.0,5.0,5.0,5.0,5.0,163.0,0,0,0,0
Central Park Flower Valley,3.705,1711.4601,1.0,undefined,Sector-33 Sohna,15,4,3,0,0,0,0,0,0,0,1,4.0,4.0,4.5,4.0,4.25,349.0,0,0,1,0
Hero Homes Earth,2.85,1259.3763,2.0,undefined,Sector 85 Gurgaon,12,0,0,0,0,0,0,0,0,0,0,5.0,5.0,5.0,4.5,4.875,102.0,0,0,0,0
DLF Gardencity,4.86,2432.6414,1.0,Immediate,Sector 91 Gurgaon,7,2,1,0,0,0,0,0,0,1,1,4.0,4.0,3.0,4.5,3.875,290.0,0,0,0,0
Central Park Flower Valley,5.625,2249.6551,2.0,Immediate,Sector-33 Sohna,15,4,3,0,0,0,0,0,0,1,1,4.0,4.0,4.5,4.0,4.25,349.0,0,0,1,0
Central Park Flower Valley,4.35,1732.9879,1.0,undefined,Block D 209,15,4,3,0,0,0,0,0,0,0,1,4.0,4.0,4.5,4.0,4.25,117.0,0,0,0,1
Central Park Flower Valley,4.35,1732.9879,3.0,undefined,D 203,15,4,3,0,0,0,0,0,0,0,1,4.0,4.0,4.5,4.0,4.25,92.0,0,0,0,1
Central Park Flower Valley,4.35,1732.9879,1.0,undefined,Block D 204,15,4,3,0,0,0,0,0,0,0,1,4.0,4.0,4.5,4.0,4.25,96.0,0,0,0,1
independent,1.7999999999999998,538.1949999999999,2.0,undefined,Sushant Lok Phase 1,47,2,5,13,1,0,0,1,1,0,1,5.0,5.0,5.0,5.0,5.0,658.0,0,1,0,0
independent,1.815,592.0145,2.0,undefined,000,47,2,5,13,1,0,0,0,1,0,1,5.0,5.0,5.0,5.0,5.0,167.0,0,0,0,0
Ansal API Versalia,5.475,2432.6414,1.0,undefined,270 Sq Yds Plot,9,0,2,0,1,0,0,0,0,0,2,5.0,4.0,4.0,5.0,4.5,743.0,0,0,1,0
independent,4.725,2368.058,1.0,undefined,Sector 9 Gurgaon,50,1,38,5,0,0,0,1,0,0,1,4.0,4.0,4.0,4.0,4.0,424.0,0,1,0,0
Adani Brahma Samsara Vilasa,7.814999999999999,2400.3497,1.0,undefined,267 Sq Yds Plot In A Block Registry Case,13,2,1,0,1,0,0,0,0,0,2,4.0,4.0,4.5,4.0,4.25,119.0,0,0,0,1
independent,5.699999999999999,1797.5712999999998,1.0,undefined,Sector 45 Gurgaon,48,7,6,14,1,0,0,1,0,0,1,4.0,4.0,5.0,4.0,4.25,490.0,0,1,0,0
independent,1.7999999999999998,538.1949999999999,2.0,undefined,C Block Sushant Lok Phase 1,46,2,4,9,2,0,0,1,1,0,2,4.0,4.0,4.0,4.0,4.0,636.0,0,1,0,0
independent,6.75,1937.502,2.0,undefined,C Block Sushant Lok Phase 1,46,2,4,9,2,0,0,0,0,0,2,4.0,4.0,4.0,4.0,4.0,195.0,0,0,0,1
independent,15.9,4520.838,2.0,undefined,Sector 46 Gurgaon,47,6,8,6,0,0,0,0,0,0,0,4.0,4.0,5.0,4.0,4.25,111.0,0,0,0,0
independent,21.75,4520.838,2.0,undefined,DLF Phase 1,46,0,18,11,6,1,1,0,0,0,6,5.0,5.0,5.0,5.0,5.0,433.0,1,0,1,1
independent,2.7,904.1676,1.0,undefined,Sector 41 Gurgaon,50,2,4,13,1,0,0,0,1,0,1,5.0,5.0,5.0,5.0,5.0,143.0,0,0,0,0
independent,15.75,4499.3102,2.0,undefined,Sector 46 Gurgaon,47,6,8,6,0,1,0,0,0,0,0,4.0,4.0,5.0,4.0,4.25,580.0,1,0,0,1
independent,5.4,2690.975,1.0,undefined,In A-Block,12,0,5,0,0,0,0,1,0,0,0,4.0,4.0,3.0,4.5,3.875,210.0,0,1,0,0
DLF Gardencity,4.949999999999999,2432.6414,2.0,undefined,555,7,2,1,0,0,0,0,0,0,0,1,4.0,4.0,3.0,4.5,3.875,250.0,0,0,0,0
independent,6.705,2335.7663,1.0,Immediate,Sector 50 Gurgaon,45,4,10,8,0,0,0,0,0,1,0,5.0,5.0,5.0,4.0,4.75,78.0,0,0,0,0
DLF Gardencity,3.75,1797.5712999999998,2.0,undefined,Sector 91 Gurgaon,7,2,1,0,0,0,0,0,0,0,1,4.0,4.0,3.0,4.5,3.875,620.0,0,0,1,0
ROF Insignia Park 2,1.464,1097.9178,3.0,Within_6_months,Sector 95 Gurgaon,5,1,1,0,0,0,0,0,0,0,1,4.0,4.5,4.0,4.5,4.25,44.0,0,0,0,0
ROF Insignia Park 2,1.2000000000000002,904.1676,3.0,Future,Sector 95 Gurgaon,5,1,1,0,0,0,0,0,0,0,1,4.0,4.5,4.0,4.5,4.25,44.0,0,0,0,0
Pyramid Palm County,1.98,1184.029,3.0,Future,Sector 78 Gurgaon,5,1,1,0,0,0,0,0,0,0,0,4.0,4.0,5.0,4.0,4.25,44.0,0,0,0,0
independent,1.725,1033.3344,3.0,Future,Sector 88B Gurgaon,0,0,0,0,0,0,0,0,0,0,0,4.0,4.0,4.5,4.0,4.25,44.0,0,0,0,0
Pyramid Palm County,1.89,118.4029,3.0,Future,Sector 78 Gurgaon,5,1,1,0,0,0,0,0,0,0,0,4.0,4.0,5.0,4.0,4.25,44.0,0,0,0,0
Satya Merano Greens,1.6800000000000002,1184.029,3.0,Future,Sector 99A Gurgaon,11,2,1,0,0,0,0,0,0,0,1,4.0,3.0,3.0,3.0,3.25,44.0,0,0,0,0
Satya Merano Greens,1.46625,1033.3344,3.0,Future,Sector 99A Gurgaon,11,2,1,0,0,0,0,0,0,0,1,4.0,3.0,3.0,3.0,3.25,44.0,0,0,0,0
Mapsko Aspr Hills,1.89,1033.3344,3.0,Future,Sector 78 Gurgaon,7,2,1,0,0,0,0,0,0,0,1,4.0,4.0,5.0,4.0,4.25,44.0,0,0,0,0
India Rashtra,2.37,1184.029,3.0,Future,Sector 88A Gurgaon,11,3,2,0,0,0,0,0,0,0,1,4.0,4.0,4.5,4.0,4.25,44.0,0,0,0,0
India Rashtra,2.07,118.4029,3.0,Future,Sector 88A Gurgaon,11,3,2,0,0,0,0,0,0,0,1,4.0,4.0,4.5,4.0,4.25,44.0,0,0,0,0
Raheja Vanya,1.875,129.1668,3.0,Future,Sector 99A Gurgaon,9,2,1,0,1,0,0,0,0,0,3,4.0,3.0,3.0,3.0,3.25,44.0,0,0,0,0
Raheja Vanya,1.6350000000000002,118.4029,3.0,Future,Sector 99A Gurgaon,9,2,1,0,1,0,0,0,0,0,3,4.0,3.0,3.0,3.0,3.25,44.0,0,0,0,0
JMS The Nation,1.35,118.4029,2.0,Future,Sector 95 Gurgaon,6,2,1,0,0,0,0,0,0,0,1,4.0,4.5,4.0,4.5,4.25,45.0,0,0,0,0
independent,1.7999999999999998,1345.4875,2.0,undefined,Sector-35 Sohna,0,0,0,0,0,0,0,0,0,0,0,4.0,4.0,4.0,5.0,4.25,108.0,0,0,0,0
DLF Garden City Floors,4.65,2249.6551,1.0,undefined,Sector 91 Gurgaon,12,0,5,0,0,0,0,0,0,0,0,4.0,4.0,3.0,4.5,3.875,143.0,0,0,0,0
DLF Gardencity,6.75,4499.3102,1.0,undefined,Sector 91 Gurgaon,7,2,1,0,0,0,1,1,0,0,1,4.0,4.0,3.0,4.5,3.875,346.0,0,1,1,0
"DLF GardenCity, Sector 92 Gurgaon",4.125,2249.6551,1.0,undefined,Sector 92 Gurgaon,8,0,4,0,0,0,0,0,0,0,0,5.0,4.0,4.0,3.0,4.0,143.0,0,0,0,0
Paras Ekam Homes,0.8250000000000001,904.1676,1.0,Immediate,South Of Gurgoan,15,2,0,0,0,0,0,0,0,1,1,4.0,4.0,5.0,4.0,4.25,492.0,0,0,1,0
independent,10.875,4682.2965,1.0,Immediate,Palam Vihar,27,4,3,3,1,0,1,0,0,1,3,5.0,5.0,5.0,4.0,4.75,198.0,0,0,1,1
independent,6.15,3595.1426,1.0,Immediate,Sector 52 Gurgaon,44,4,5,10,0,0,0,0,0,1,2,4.0,5.0,5.0,4.0,4.5,59.0,0,0,0,0
independent,1.65,904.1676,2.0,undefined,Jharsa village,49,5,9,10,0,0,0,0,0,0,0,4.0,4.0,4.5,4.0,4.25,40.0,0,0,0,0
independent,5.85,1528.4738,1.0,Immediate,A Block Sushant Lok Phase 1,48,0,6,13,3,0,0,0,0,1,3,4.0,4.0,5.0,3.0,4.0,44.0,0,0,0,0
independent,6.945,2249.6551,2.0,Immediate,Sector 14 Gurgaon,50,3,12,12,0,0,0,0,0,1,0,4.0,5.0,5.0,4.0,4.5,45.0,0,0,0,0
Ardee City3.8 ★,17.565,10031.9548,1.0,undefined,Sector 52 Gurgaon,44,4,5,10,0,0,0,0,0,0,2,4.0,5.0,5.0,4.0,4.5,48.0,0,0,0,0
Shree Vardhman City,1.6949999999999998,1130.2095,1.0,undefined,Sohna,7,2,1,0,0,0,0,0,0,0,1,4.0,4.0,5.0,4.0,4.25,70.0,0,0,0,0
JMS Mega City Plots,1.0499999999999998,904.1676,1.0,undefined,Sector-5 Sohna,9,3,0,0,0,0,0,0,0,0,2,4.0,4.0,4.5,4.0,4.25,56.0,0,0,0,0
independent,1.275,538.1949999999999,1.0,undefined,Sector 48 Gurgaon,46,1,14,8,0,0,0,1,0,0,0,4.0,4.0,5.0,4.0,4.25,397.0,0,1,0,0
MRS 16 Acres,1.2000000000000002,2249.6551,1.0,Immediate,Maruti Kunj,0,0,0,0,0,0,0,0,0,1,0,4.0,4.0,4.0,4.0,4.0,53.0,0,0,0,0
independent,2.82,1130.2095,2.0,undefined,Sector 112 Gurgaon,15,2,2,1,1,0,0,1,0,0,2,5.0,4.0,4.0,3.0,4.0,465.0,0,1,0,0
independent,4.695,2249.6551,2.0,undefined,Sector 88B Gurgaon,0,0,0,0,0,0,0,0,0,0,0,4.0,4.0,4.5,4.0,4.25,38.0,0,0,0,0
independent,2.715,1334.7236,1.0,Immediate,Sadar Bazar,50,3,29,4,0,0,0,0,0,1,2,5.0,5.0,5.0,5.0,5.0,33.0,0,0,0,0
Lion Infra Green Valley,1.98,1313.1958,2.0,undefined,Sector-35 Sohna,0,0,0,0,0,0,0,1,0,0,0,4.0,4.0,4.0,5.0,4.25,527.0,0,1,0,0
independent,3.1500000000000004,1453.1265,1.0,Immediate,Sector 10 Gurgaon,50,0,43,1,0,0,0,0,0,1,0,4.0,4.0,5.0,4.0,4.25,289.0,0,0,1,0
Assotech Breeze,2.94,182.9863,1.0,undefined,547,3,0,1,0,0,0,0,0,0,0,1,4.0,4.0,4.5,4.0,4.25,273.0,0,0,0,0
independent,4.5,2045.141,1.0,Immediate,Sector 10 Gurgaon,50,0,43,1,0,0,0,0,0,1,0,4.0,4.0,5.0,4.0,4.25,289.0,0,0,1,0
LUXE RESIDENCY 112,2.79,1237.8485,2.0,undefined,Sector 112 Gurgaon,15,2,2,1,1,0,0,0,0,0,2,5.0,4.0,4.0,3.0,4.0,358.0,0,0,0,0
independent,2.55,1184.029,2.0,undefined,126,15,2,2,1,1,0,0,0,0,0,2,5.0,4.0,4.0,3.0,4.0,353.0,0,0,0,0
WTC plaza 106,2.0250000000000004,118.4029,2.0,Within_6_months,475,11,0,7,0,0,0,0,0,0,0,3,4.0,4.0,4.5,4.0,4.25,151.0,0,0,0,0
independent,3.315,1528.4738,2.0,undefined,114,15,2,2,1,1,0,0,0,0,0,2,5.0,4.0,4.0,3.0,4.0,547.0,0,0,0,0
BPTP Green Oaks,2.595,1227.0846,2.0,undefined,A Block,10,3,1,0,1,0,0,0,0,0,2,5.0,4.0,4.0,4.0,4.25,110.0,0,0,0,0
Supertech Hill Town,3.3600000000000003,2690.975,3.0,undefined,5498,8,2,1,0,0,0,0,0,0,0,1,4.0,4.0,4.5,4.0,4.25,324.0,0,0,0,0
Ireo Project,1.995,182.9863,2.0,undefined,5745,0,0,0,0,0,0,0,0,0,0,0,4.0,4.0,5.0,4.0,4.25,159.0,0,0,0,0
Ireo Project,1.53,1227.0846,2.0,undefined,68489,0,0,0,0,0,0,0,0,0,0,0,4.0,4.0,5.0,4.0,4.25,159.0,0,0,0,0
Ireo Project,1.344,1151.7373,2.0,undefined,155,0,0,0,0,0,0,0,0,0,0,0,4.0,4.0,5.0,4.0,4.25,312.0,0,0,0,0
wtc plaza 106 ddjay,1.935,1173.2650999999998,2.0,undefined,A05,11,0,7,0,0,0,0,0,0,0,3,4.0,4.0,4.5,4.0,4.25,228.0,0,0,0,0
independent,1.92,1054.8622,2.0,Within_3_months,A05,11,0,7,0,0,0,0,0,0,0,3,4.0,4.0,4.5,4.0,4.25,228.0,0,0,0,0
DLF Gardencity,7.5,4499.3102,1.0,undefined,E-5,7,2,1,0,0,0,0,0,0,0,1,4.0,4.0,3.0,4.5,3.875,234.0,0,0,1,0
independent,3.045,1399.307,2.0,undefined,104,15,2,2,1,1,0,0,0,0,0,2,5.0,4.0,4.0,3.0,4.0,1199.0,0,0,0,0
independent,2.22,1259.3763,2.0,undefined,122,3,0,1,0,0,0,0,0,0,0,1,4.0,4.0,4.5,4.0,4.25,932.0,0,0,0,0
independent,1.755,1054.8622,2.0,undefined,Sector 99A Gurgaon,0,0,0,0,0,0,0,0,0,0,0,4.0,3.0,3.0,3.0,3.25,775.0,0,0,0,0
independent,2.34,1076.39,2.0,undefined,Sector 112 Gurgaon,15,2,2,1,1,0,0,0,0,0,2,5.0,4.0,4.0,3.0,4.0,848.0,0,0,0,0
G99,9.18,5511.1168,3.0,undefined,221,10,2,1,0,0,0,0,0,0,0,1,4.5,4.0,4.5,4.5,4.375,441.0,0,0,0,0
Vatika Express City,4.32,2249.6551,1.0,undefined,115,6,2,1,0,0,0,0,0,0,0,1,4.0,4.0,4.5,4.0,4.25,282.0,0,0,0,0
ireo savannah,1.875,1614.585,2.0,undefined,785,12,0,5,0,0,0,0,0,0,0,0,4.0,4.0,4.5,4.0,4.25,276.0,0,0,0,0
ireo savannah,1.4280000000000002,1227.0846,2.0,undefined,485,12,0,5,0,0,0,0,0,0,0,0,4.0,4.0,4.5,4.0,4.25,276.0,0,0,0,0
ireo sector 35,1.344,129.1668,2.0,undefined,4587,12,0,5,0,0,0,0,0,0,0,0,4.0,4.0,4.5,4.0,4.25,276.0,0,0,0,0
Sohna Greens Sector 5 Sohna,1.32,1442.3626,1.0,undefined,112,0,0,0,0,0,0,0,0,0,0,0,4.0,4.0,5.0,4.0,4.25,1585.0,0,0,0,0
Breez Flora Avenue 88A,1.92,1151.7373,2.0,undefined,205,8,2,1,0,1,0,0,0,0,0,2,4.0,4.0,4.5,4.0,4.25,1379.0,0,0,0,0
IreoSavannah Sector 35 Sohna,1.905,1517.7098999999998,1.0,undefined,101,0,0,0,0,0,0,0,0,0,0,0,4.0,4.0,4.0,5.0,4.25,1067.0,0,0,0,0
ireo Savannah DDJAY Sector 35 Sohna,1.98,1474.6543,2.0,undefined,205,0,0,0,0,0,0,0,0,0,0,0,4.0,4.0,4.0,5.0,4.25,1067.0,0,0,0,0
ireo savannah Sector 35 Sohna,1.545,1237.8485,1.0,undefined,0007,0,0,0,0,0,0,0,0,0,0,0,4.0,4.0,4.0,5.0,4.25,1067.0,0,0,0,0
Ireo Savannah Sector 35 Sohna,1.86,1485.4181999999998,1.0,undefined,009,12,0,5,0,0,0,0,0,0,0,0,4.0,4.0,4.5,4.0,4.25,1067.0,0,0,0,0
Ireo Savannah Sector 35 Sohna,1.815,1453.1265,1.0,undefined,103,0,0,0,0,0,0,0,0,0,0,0,4.0,4.0,5.0,4.0,4.25,1067.0,0,0,0,0
Breez Flora Avenue 88A,2.595,1560.7655,1.0,undefined,003,8,2,1,0,1,0,0,0,0,0,2,4.0,4.0,4.5,4.0,4.25,1379.0,0,0,0,0
Ireo Savannah Sector 35 Sohna,1.3275,1065.6261,1.0,undefined,205,0,0,0,0,0,0,0,0,0,0,0,4.0,4.0,5.0,4.0,4.25,1067.0,0,0,0,0
Breez Flora Avenue 88A,1.755,1054.8622,1.0,undefined,205,8,2,1,0,1,0,0,0,0,0,2,4.0,4.0,4.5,4.0,4.25,1379.0,0,0,0,0
independent,2.01,1614.585,2.0,undefined,504,0,0,0,0,0,0,0,0,0,0,0,4.0,4.0,4.0,5.0,4.25,1068.0,0,0,0,0
Floora Avenue,2.355,1345.4875,2.0,undefined,Sector 88A Gurgaon,3,0,1,0,0,0,0,0,0,0,1,4.0,4.0,4.5,4.0,4.25,338.0,0,0,0,0
independent,1.44,1151.7373,2.0,undefined,515,0,0,0,0,0,0,0,0,0,0,0,4.0,4.0,4.0,5.0,4.25,1527.0,0,0,0,0
independent,12.0,87123.0066,1.0,Immediate,Sohna,0,0,0,0,0,0,0,0,0,1,0,4.0,4.0,5.0,4.0,4.25,132.0,0,0,0,0
Vatika India Next4.1 ★,8.625,4499.3102,1.0,undefined,Sector Road,8,2,1,0,0,0,0,0,0,0,1,4.0,4.0,4.0,4.0,4.0,119.0,0,0,0,0
Vatika India Next Plots3.6 ★,12.0,8998.6204,2.0,undefined,Sector 83 Gurgaon,15,2,5,1,0,0,0,0,0,0,0,5.0,5.0,4.0,5.0,4.75,57.0,0,0,0,0
Vatika India Next Plots3.6 ★,4.755,2163.5439,1.0,undefined,J09,15,2,5,1,0,0,0,0,0,0,0,5.0,5.0,4.0,5.0,4.75,108.0,0,0,0,0
Vatika India Next Plots3.6 ★,5.67,3239.9339,2.0,undefined,K-9,15,2,5,1,0,0,0,0,0,0,0,5.0,5.0,4.0,5.0,4.75,73.0,0,0,0,0
Vatika Xpressions,4.199999999999999,2809.3779,1.0,undefined,H-0,7,2,1,0,0,0,0,0,0,0,0,4.0,4.0,4.5,4.0,4.25,144.0,0,0,0,0
Vatika Xpressions,5.28,2884.7252,1.0,undefined,H-0,7,2,1,0,0,0,0,0,0,0,0,4.0,4.0,4.5,4.0,4.25,144.0,0,0,0,0
Vatika Xpressions,5.4,3595.1426,1.0,undefined,H09,7,2,1,0,0,0,0,0,0,0,0,4.0,4.0,4.5,4.0,4.25,179.0,0,0,0,0
Vatika India Next Plots3.6 ★,4.949999999999999,2701.7389,1.0,undefined,K-12,15,2,5,1,0,0,0,0,0,0,0,5.0,5.0,4.0,5.0,4.75,118.0,0,0,0,0
Vatika India Next Plots3.6 ★,4.86,2163.5439,2.0,undefined,J-14,15,2,5,1,0,1,0,0,0,0,0,5.0,5.0,4.0,5.0,4.75,137.0,1,0,1,1
Vatika India Next Plots3.6 ★,3.06,2163.5439,1.0,undefined,J-12,15,2,5,1,0,0,0,0,0,0,0,5.0,5.0,4.0,5.0,4.75,80.0,0,0,0,0
Vatika Xpressions,2.94,1603.8211,1.0,undefined,Sector 88B Gurgaon,7,2,1,0,0,0,0,0,0,0,0,4.0,4.0,4.5,4.0,4.25,460.0,0,0,1,0
independent,4.050000000000001,1539.2377,1.0,Immediate,Cuz,46,5,11,7,0,0,0,0,0,1,0,5.0,4.0,5.0,4.0,4.5,73.0,0,0,0,0
BPTP Amstoria3.8 ★,8.19,3509.0314,1.0,Immediate,A-55,11,2,1,0,0,0,0,0,0,1,2,4.0,4.5,4.0,4.0,4.125,1787.0,0,0,1,1
BPTP Amstoria3.8 ★,19.395,12249.3182,1.0,Immediate,D-01d,11,2,1,0,0,0,0,0,0,1,2,4.0,4.5,4.0,4.0,4.125,1787.0,0,0,1,1
Supertech Hill Town,3.375,2690.975,1.0,undefined,K Block,8,2,1,0,0,0,0,0,0,0,1,4.0,4.0,4.5,4.0,4.25,1106.0,0,0,0,0
independent,1.755,1754.5157,1.0,Immediate,New Palam Vihar Phase 2,19,2,5,1,1,0,0,0,0,1,2,4.0,4.0,4.5,4.0,4.25,287.0,0,0,0,1
independent,0.216,721.1813,2.0,undefined,100,18,0,6,6,0,0,0,0,0,0,0,5.0,4.0,4.0,5.0,4.5,356.0,0,0,1,0
KULDEEP AVENUE,0.243,807.2925,1.0,Immediate,100,0,0,0,0,0,0,0,0,0,1,0,4.0,4.0,4.0,4.0,4.0,356.0,0,0,1,0
independent,0.2774999999999999,904.1676,1.0,undefined,Dhumaspur,6,0,2,2,0,0,0,0,0,0,0,4.0,4.0,4.5,4.0,4.25,112.0,0,0,0,0
independent,6.315,2368.058,1.0,Immediate,Sector 45 Gurgaon,48,7,6,14,1,0,0,0,0,1,1,4.0,4.0,5.0,4.0,4.25,140.0,0,0,0,0
Vatika India Next4.1 ★,8.25,3304.5173,2.0,undefined,Sector 82 Gurgaon,8,2,1,0,0,0,0,0,0,0,1,4.0,4.0,4.0,4.0,4.0,511.0,0,0,1,0
BPTP Green Oaks,2.355,1184.029,2.0,undefined,Sector 70A Gurgaon,10,3,1,0,1,0,0,0,0,0,2,5.0,4.0,4.0,4.0,4.25,146.0,0,0,1,0
independent,0.75,904.1676,1.0,Immediate,New Palam Vihar Phase 1,31,2,12,1,1,0,0,0,0,1,5,4.0,4.0,4.5,4.0,4.25,62.0,0,0,0,0
independent,2.4000000000000004,957.9871,1.0,Within_6_months,Sector 110 A Gurgaon,24,4,3,2,1,0,0,0,0,0,2,4.5,4.0,4.0,4.0,4.125,49.0,0,0,0,0
North East Huda Plot,4.199999999999999,1442.3626,2.0,Immediate,Sector 47 Gurgaon,47,5,11,5,0,0,0,0,0,1,0,5.0,4.5,5.0,5.0,4.875,144.0,0,0,1,1
North East Facing,4.26,1442.3626,2.0,undefined,Sector 47 Gurgaon,47,5,11,5,0,0,0,0,0,0,0,5.0,4.5,5.0,5.0,4.875,122.0,0,0,1,1
North East Plot,4.245,1453.1265,2.0,undefined,Sector 47 Gurgaon,47,5,11,5,0,0,0,0,0,0,0,5.0,4.5,5.0,5.0,4.875,142.0,0,0,1,1
independent,2.25,2766.3223,1.0,Immediate,New Palam Vihar,32,3,11,1,1,0,0,0,0,1,5,4.0,4.0,4.0,4.0,4.0,39.0,0,0,0,0
DLF The Aralias,3.375,96.8751,1.0,undefined,A/6,12,2,0,0,1,0,0,1,0,0,2,4.0,4.0,4.5,4.0,4.25,510.0,0,1,0,0
independent,15.0,495.1394,1.0,undefined,A 1/4,46,0,18,11,6,0,0,1,0,0,6,5.0,5.0,5.0,5.0,5.0,506.0,0,1,0,0
Anant Raj Ashok Estate,4.5,1614.585,1.0,undefined,Sector 63A Gurgaon,7,2,1,0,1,0,0,0,0,0,2,4.0,4.0,4.0,5.0,4.25,99.0,0,0,0,0
independent,15.0,3229.17,2.0,Immediate,1234,47,1,7,10,3,0,0,0,0,1,3,5.0,4.0,5.0,5.0,4.75,94.0,0,0,0,0
Skywhales Vienna Greens,1.98,1323.9597,2.0,Within_3_months,Sector 99A Gurgaon,6,2,0,0,0,0,0,0,0,0,1,4.0,3.0,3.0,3.0,3.25,136.0,0,0,0,0
Experion The Westerlies,6.209999999999999,3239.9339,2.0,Immediate,Sector 108 Gurgaon,9,3,1,0,0,0,0,0,0,1,1,4.0,4.5,4.5,4.5,4.375,293.0,0,0,0,0
Experion The Westerlies,3.705,1937.502,2.0,Immediate,Sector 108 Gurgaon,9,3,1,0,0,0,0,0,0,1,1,4.0,4.5,4.5,4.5,4.375,293.0,0,0,0,0
Experion The Westerlies,3.18,1625.3489,1.0,Immediate,Sector 108 Gurgaon,9,3,1,0,0,0,0,0,0,1,1,4.0,4.5,4.5,4.5,4.375,293.0,0,0,0,0
BPTP Amstoria3.8 ★,5.175000000000001,2249.6551,1.0,undefined,Sector 102 Gurgaon,11,2,1,0,0,0,0,0,0,0,2,4.0,4.5,4.0,4.0,4.125,319.0,0,0,0,0
Grand Central 114,3.51,592.0145,1.0,Within_6_months,Sector 114 Gurgaon,3,0,0,0,0,0,0,0,0,0,0,4.0,4.0,4.5,4.0,4.25,86.0,0,0,0,0
Experion The Westerlies,3.195,1625.3489,1.0,Immediate,Sector 108 Gurgaon,9,3,1,0,0,0,0,0,0,1,1,4.0,4.5,4.5,4.5,4.375,330.0,0,0,0,0
independent,2.1,1797.5712999999998,1.0,Immediate,Sai Kunj,27,4,3,2,1,0,0,0,0,1,3,4.0,4.0,4.5,4.0,4.25,57.0,0,0,0,0
Experion The Westerlies,4.305,2249.6551,2.0,Immediate,Sector 108 Gurgaon,9,3,1,0,0,0,0,0,0,1,1,4.0,4.5,4.5,4.5,4.375,330.0,0,0,0,0
Experion The Westerlies,7.425000000000001,4047.2264,2.0,Immediate,Sector 108 Gurgaon,9,3,1,0,0,0,0,0,0,1,1,4.0,4.5,4.5,4.5,4.375,330.0,0,0,0,0
Experion The Westerlies,4.92,2421.8775,2.0,Immediate,Sector 108 Gurgaon,9,3,1,0,0,0,0,0,0,1,1,4.0,4.5,4.5,4.5,4.375,330.0,0,0,0,0
independent,12.75,505.9033,1.0,Immediate,DLF Phase 3,44,0,16,12,6,0,0,0,0,1,6,4.0,5.0,5.0,4.0,4.5,50.0,0,0,0,0
independent,16.875,4520.838,1.0,Immediate,DLF Phase 3,44,0,16,12,6,0,1,0,0,1,6,4.0,5.0,5.0,4.0,4.5,114.0,0,0,1,1
independent,13.5,3616.6704,1.0,Immediate,DLF Phase 3,50,3,35,1,0,0,1,0,0,1,2,4.0,5.0,5.0,4.0,4.5,61.0,0,0,1,0
Shyam Kunj,0.2633999999999999,904.1676,2.0,undefined,Bhondsi,0,0,0,0,0,0,0,0,0,0,0,4.0,4.0,4.0,4.0,4.0,83.0,0,0,0,0
NKV Residential Plots,0.675,2701.7389,2.0,undefined,Sohna Road,15,1,2,1,0,0,0,0,0,0,1,4.0,4.0,4.5,4.0,4.25,83.0,0,0,0,0
Shyam Kunj,0.38805,247.5697,2.0,undefined,Bhondsi,0,0,0,0,0,0,0,0,0,0,0,4.0,4.0,4.0,4.0,4.0,51.0,0,0,0,0
NKV Residential Plots,0.27,904.1676,2.0,undefined,Sohna Road,15,1,2,1,0,0,0,0,0,0,1,4.0,4.0,4.5,4.0,4.25,51.0,0,0,0,0
NKV Residential Plots,0.2533499999999999,96.8751,2.0,undefined,Sohna Road,15,1,2,1,0,0,0,0,0,0,1,4.0,4.0,4.5,4.0,4.25,50.0,0,0,0,0
Shyam Kunj,0.2286,1076.39,2.0,undefined,Bhondsi,0,0,0,0,0,0,0,0,0,0,0,4.0,4.0,4.0,4.0,4.0,51.0,0,0,0,0
NKV Plots,0.2179499999999999,96.8751,2.0,undefined,Badshahpur,46,0,13,11,0,0,0,0,0,0,0,4.0,4.0,5.0,4.0,4.25,51.0,0,0,0,0
NKV Residential Plots,0.26265,96.8751,2.0,undefined,Sohna Road,15,1,2,1,0,0,0,0,0,0,1,4.0,4.0,4.5,4.0,4.25,51.0,0,0,0,0
NKV Plots,0.30825,1797.5712999999998,2.0,undefined,Badshahpur,46,0,13,11,0,0,0,0,0,0,0,4.0,4.0,5.0,4.0,4.25,51.0,0,0,0,0
Shyam Kunj,0.2477999999999999,904.1676,2.0,undefined,Bhondsi,0,0,0,0,0,0,0,0,0,0,0,4.0,4.0,4.0,4.0,4.0,61.0,0,0,0,0
Shyam Kunj,0.2346,1345.4875,2.0,undefined,Bhondsi,0,0,0,0,0,0,0,1,0,0,0,4.0,4.0,4.0,4.0,4.0,458.0,0,1,0,0
Ansals Shiva Som Valley,1.515,1506.946,2.0,undefined,B85,7,2,1,0,0,0,0,0,0,0,1,4.0,4.0,4.0,5.0,4.25,1686.0,0,0,1,0
Ansals Shiva Som Valley,0.8999999999999999,968.751,2.0,undefined,132,7,2,1,0,0,0,0,0,0,0,1,4.0,4.0,4.0,5.0,4.25,1758.0,0,0,1,0
Shyam Kunj,0.1575,645.834,1.0,undefined,Bhondsi,0,0,0,0,0,0,0,0,0,0,0,4.0,4.0,4.0,4.0,4.0,74.0,0,0,0,0
Shyam Kunj,0.2249999999999999,904.1676,2.0,Immediate,Bhondsi,0,0,0,0,0,0,0,0,0,1,0,4.0,4.0,4.0,4.0,4.0,31.0,0,0,0,0
Ansals Shiva Som Valley,0.8999999999999999,968.751,2.0,undefined,134,7,2,1,0,0,0,0,0,0,0,1,4.0,4.0,4.0,5.0,4.25,1696.0,0,0,1,0
sohna road,0.18,721.1813,1.0,Immediate,A-28,0,0,0,0,0,0,0,0,0,1,0,4.0,4.0,4.0,4.0,4.0,30.0,0,0,0,0
sohna road,0.2249999999999999,904.1676,1.0,Immediate,D-89,0,0,0,0,0,0,0,0,0,1,0,4.0,4.0,4.0,4.0,4.0,30.0,0,0,0,0
MRS 16 Acres,0.18,721.1813,2.0,Immediate,A-10,0,0,0,0,0,0,0,0,0,1,0,4.0,4.0,4.0,4.0,4.0,30.0,0,0,0,0
MRS 16 Acres,0.1695,678.1256999999999,1.0,Immediate,C-55,0,0,0,0,0,0,0,0,0,1,0,4.0,4.0,4.0,4.0,4.0,30.0,0,0,0,0
sohna road,0.1124999999999999,452.0838,1.0,Immediate,A-77,0,0,0,0,0,0,0,0,0,1,0,4.0,4.0,4.0,4.0,4.0,30.0,0,0,0,0
sohna road,0.1124999999999999,452.0838,1.0,Immediate,B-77,0,0,0,0,0,0,0,0,0,1,0,4.0,4.0,4.0,4.0,4.0,30.0,0,0,0,0
sohna road,0.1124999999999999,452.0838,1.0,Immediate,B-64,0,0,0,0,0,0,0,0,0,1,0,4.0,4.0,4.0,4.0,4.0,30.0,0,0,0,0
MRS 16 Acres,0.1124999999999999,452.0838,1.0,Immediate,B-24,0,0,0,0,0,0,0,0,0,1,0,4.0,4.0,4.0,4.0,4.0,30.0,0,0,0,0
MRS 16 Acres,0.1124999999999999,452.0838,1.0,Immediate,B-26,0,0,0,0,0,0,0,0,0,1,0,4.0,4.0,4.0,4.0,4.0,30.0,0,0,0,0
MRS 16 Acres,0.2249999999999999,904.1676,1.0,Immediate,A-72,0,0,0,0,0,0,0,0,0,1,0,4.0,4.0,4.0,4.0,4.0,30.0,0,0,0,0
MRS 16 Acres,0.2249999999999999,904.1676,1.0,Immediate,B-35,0,0,0,0,0,0,0,0,0,1,0,4.0,4.0,4.0,4.0,4.0,43.0,0,0,0,0
independent,0.2249999999999999,96.8751,1.0,undefined,A-36,0,0,0,0,0,0,0,0,0,0,0,4.0,4.0,4.0,4.0,4.0,30.0,0,0,0,0
MRS 16 Acres,0.2249999999999999,904.1676,1.0,Immediate,C-50,0,0,0,0,0,0,0,0,0,1,0,4.0,4.0,4.0,4.0,4.0,30.0,0,0,0,0
MRS 16 Acres,0.2249999999999999,904.1676,1.0,Immediate,A-37,0,0,0,0,0,0,0,0,0,1,0,4.0,4.0,4.0,4.0,4.0,32.0,0,0,0,0
SOHNA ROAD,45.0,784074.7677,4.0,undefined,Vatika Farm B 501,0,0,0,0,0,0,0,0,0,0,0,4.0,4.0,5.0,4.0,4.25,557.0,0,0,0,0
Sohna road,150.0,871197.7742999999,2.0,undefined,Vatika Farm B 501,0,0,0,0,0,0,0,0,0,0,0,4.0,4.0,5.0,4.0,4.25,326.0,0,0,0,0
Ansals Shiva Som Valley,0.975,968.751,2.0,undefined,157,7,2,1,0,0,0,0,0,0,0,1,4.0,4.0,4.0,5.0,4.25,465.0,0,0,0,0
Ansals Shiva Som Valley,1.56,1496.1821,2.0,undefined,086,7,2,1,0,0,0,0,0,0,0,1,4.0,4.0,4.0,5.0,4.25,465.0,0,0,0,0
Ansals Shiva Som Valley,6.562815789473683,968.751,2.0,undefined,154,7,2,1,0,0,0,0,0,0,0,1,4.0,4.0,4.0,5.0,4.25,259.0,0,0,0,0
Ansal Sushant Lok Plots4.1 ★,30.450000000000003,7319.451999999999,1.0,undefined,Sushant Lok Phase 1,50,1,4,9,2,0,0,0,0,0,2,5.0,5.0,5.0,5.0,5.0,295.0,0,0,0,0
Shree Vardhman City,1.875,1302.4319,2.0,undefined,A95,7,2,1,0,0,0,0,0,0,0,1,4.0,4.0,5.0,4.0,4.25,438.0,0,0,0,0
Ansals Shiva Som Valley,0.81,742.7090999999999,2.0,undefined,107,7,2,1,0,0,0,0,0,0,0,1,4.0,4.0,4.0,5.0,4.25,201.0,0,0,0,0
BPTP Astaire Gardens3.7 ★,6.300000000000001,2604.8638,2.0,undefined,099,12,2,0,0,1,0,0,0,0,0,3,5.0,4.0,4.0,4.0,4.25,149.0,0,0,0,0
Emaar Emerald Hills4.1 ★,5.565,1797.5712999999998,2.0,undefined,045,10,2,1,0,0,0,0,0,0,0,1,4.0,4.0,5.0,4.0,4.25,123.0,0,0,0,0
BPTP Astaire Gardens3.7 ★,6.75,2604.8638,2.0,undefined,072,12,2,0,0,1,0,0,0,0,0,3,5.0,4.0,4.0,4.0,4.25,177.0,0,0,0,0
BPTP Amstoria3.8 ★,2.94,1216.3207,2.0,undefined,A Block,11,2,1,0,0,0,0,0,0,0,2,4.0,4.5,4.0,4.0,4.125,122.0,0,0,0,0
Emaar Emerald Hills4.1 ★,17.25,4520.838,2.0,undefined,Ivory,10,2,1,0,0,0,0,0,0,0,1,4.0,4.0,5.0,4.0,4.25,125.0,0,0,1,0
BPTP Green Oaks,2.7,1184.029,2.0,undefined,A Block,10,3,1,0,1,0,0,0,0,0,2,5.0,4.0,4.0,4.0,4.25,146.0,0,0,0,0
independent,0.1755,2325.0024,1.0,Immediate,New Palam Vihar Phase 1,31,2,12,1,1,0,0,1,0,1,5,4.0,4.0,4.5,4.0,4.25,453.0,0,1,0,0
independent,6.75,8998.6204,2.0,Immediate,Block T New Palam Vihar Phase 2,19,2,5,1,1,0,0,1,0,1,2,4.0,4.0,4.5,4.0,4.25,472.0,0,1,0,0
independent,3.3000000000000003,3595.1426,2.0,undefined,New Palam Vihar Phase 2,19,2,5,1,1,1,0,0,0,0,2,4.0,4.0,4.5,4.0,4.25,118.0,1,0,0,0
independent,6.795,9052.4399,2.0,Immediate,New Palam Vihar,32,3,11,1,1,1,0,0,0,1,5,4.0,4.0,4.0,4.0,4.0,60.0,1,0,0,0
DLF Gardencity,9.42,4520.838,1.0,undefined,A Block,7,2,1,0,0,0,0,0,0,0,1,4.0,4.0,3.0,4.5,3.875,55.0,0,0,0,0
BPTP Green Oaks,3.015,1270.1402,1.0,undefined,A Block,10,3,1,0,1,0,0,0,0,0,2,5.0,4.0,4.0,4.0,4.25,108.0,0,0,1,0
BPTP Green Oaks,2.67,1184.029,2.0,undefined,A Block,10,3,1,0,1,0,0,0,0,0,2,5.0,4.0,4.0,4.0,4.25,108.0,0,0,1,0
Breez Flora Avenue 88A,2.355,1345.4875,1.0,undefined,119,8,2,1,0,1,0,0,0,0,0,2,4.0,4.0,4.5,4.0,4.25,114.0,0,0,0,0
independent,2.7,1184.029,2.0,undefined,A Block,14,0,6,4,0,0,0,0,0,0,0,5.0,4.0,4.0,4.0,4.25,141.0,0,0,0,0
independent,1.395,1054.8622,1.0,Immediate,New Palam Vihar,32,3,11,1,1,0,0,0,0,1,5,4.0,4.0,4.0,4.0,4.0,121.0,0,0,0,0
MRS 16 Acres,0.4649999999999999,904.1676,1.0,undefined,Maruti Kunj,0,0,0,0,0,0,0,1,0,0,0,4.0,4.0,4.0,4.0,4.0,483.0,0,1,0,0
Delhi Infratech De Nest,0.4499999999999999,904.1676,2.0,Immediate,Gurgaon Faridabad Road,0,0,0,0,0,0,0,0,0,1,0,5.0,4.0,4.0,5.0,4.5,143.0,0,0,0,0
BPTP Green Oaks,4.050000000000001,1625.3489,2.0,undefined,180sqyd,10,3,1,0,1,0,0,0,0,0,2,5.0,4.0,4.0,4.0,4.25,93.0,0,0,0,1
independent,6.6000000000000005,2432.6414,2.0,undefined,270 Sqyd,45,3,11,7,0,0,0,0,0,0,0,5.0,5.0,5.0,4.0,4.75,126.0,0,0,0,1
independent,9.225,2400.3497,2.0,undefined,267sqyd,47,1,12,10,0,0,0,0,0,0,0,4.0,4.0,5.0,4.0,4.25,86.0,0,0,0,0
Nirvana Cedar Crest,6.6000000000000005,2400.3497,2.0,undefined,267sqyd,45,4,10,8,0,0,0,0,0,0,0,5.0,5.0,5.0,5.0,5.0,74.0,0,0,0,0
Emaar MGF Marbella,10.8,2400.3497,3.0,undefined,267sqyd,14,2,1,0,1,0,0,0,0,0,2,3.0,4.0,4.0,4.0,3.75,99.0,0,0,0,0
HUDA Plots,3.75,1840.6269,1.0,undefined,10...,0,0,0,0,0,0,0,0,0,0,0,4.0,4.0,5.0,4.0,4.25,234.0,0,0,0,1
Ace Palm Floors,3.06,1840.6269,2.0,undefined,234,15,2,1,2,0,0,0,0,0,0,1,4.0,4.0,4.0,4.0,4.0,177.0,0,0,0,0
DLF Gardencity,7.875,4499.3102,2.0,undefined,231,7,2,1,0,0,0,0,0,0,0,1,4.0,4.0,3.0,4.5,3.875,177.0,0,0,0,0
DLF Gardencity,4.86,2432.6414,2.0,undefined,112,7,2,1,0,0,0,0,0,0,0,1,4.0,4.0,3.0,4.5,3.875,177.0,0,0,0,0
DLF Gardencity,4.695,2249.6551,2.0,Immediate,123,7,2,1,0,0,0,0,0,0,1,1,4.0,4.0,3.0,4.5,3.875,177.0,0,0,0,0
Vatika India Next Plots3.6 ★,5.175000000000001,2701.7389,2.0,undefined,015,15,2,5,1,0,0,0,0,0,0,0,5.0,5.0,4.0,5.0,4.75,177.0,0,0,0,0
Vatika India Next Plots3.6 ★,3.78,2163.5439,2.0,undefined,021,15,2,5,1,0,0,0,0,0,0,0,5.0,5.0,4.0,5.0,4.75,177.0,0,0,0,0
Vatika India Next Plots3.6 ★,3.51,1625.3489,2.0,undefined,112,15,2,5,1,0,0,0,0,0,0,0,5.0,5.0,4.0,5.0,4.75,177.0,0,0,0,0
BPTP Amstoria3.8 ★,4.5600000000000005,2023.6132,1.0,undefined,Sector 102 Gurgaon,11,2,1,0,0,0,0,0,0,0,2,4.0,4.5,4.0,4.0,4.125,2037.0,0,0,1,1
Experion The Westerlies,4.0200000000000005,2260.419,1.0,Immediate,Sector 108 Gurgaon,9,3,1,0,0,0,0,0,0,1,1,4.0,4.5,4.5,4.5,4.375,113.0,0,0,0,0
Experion The Westerlies,5.775,3229.17,1.0,Immediate,Sector 108 Gurgaon,9,3,1,0,0,0,0,0,0,1,1,4.0,4.5,4.5,4.5,4.375,113.0,0,0,0,0
Experion The Westerlies,8.459999999999999,6856.6043,1.0,Immediate,Sector 108 Gurgaon,9,3,1,0,0,0,0,0,0,1,1,4.0,4.5,4.5,4.5,4.375,101.0,0,0,0,0
Experion The Westerlies,7.125,4477.7824,2.0,Immediate,Sector 108 Gurgaon,9,3,1,0,0,0,0,0,0,1,1,4.0,4.5,4.5,4.5,4.375,113.0,0,0,0,0
Experion The Westerlies,7.800000000000001,5274.311,1.0,Immediate,Sector 108 Gurgaon,9,3,1,0,0,0,0,0,0,1,1,4.0,4.5,4.5,4.5,4.375,113.0,0,0,0,0
DLF City Plots Phase 5,2.175,538.1949999999999,2.0,undefined,DLF Phase 5,46,4,4,13,3,0,0,0,0,0,5,5.0,5.0,5.0,5.0,5.0,241.0,0,0,0,0
Breez Flora Avenue 88A,1.7399999999999998,1054.8622,2.0,undefined,Sector 88A Gurgaon,8,2,1,0,1,0,0,0,0,0,2,4.0,4.0,4.5,4.0,4.25,1379.0,0,0,0,0
DLF Gardencity,2.1,1399.307,2.0,undefined,Sector 95 Gurgaon,5,0,4,0,0,0,0,0,0,0,0,4.0,4.5,4.0,4.5,4.25,242.0,0,0,0,0
independent,4.125,1453.1265,3.0,undefined,Sector 38 Gurgaon,47,4,12,7,0,0,0,0,1,0,0,4.0,4.0,5.0,4.0,4.25,120.0,0,0,0,0
DLF Gardencity,4.125,2432.6414,1.0,undefined,Sector 92,7,2,1,0,0,0,0,0,0,0,1,4.0,4.0,3.0,4.5,3.875,441.0,0,0,0,0
independent,10.875,2432.6414,1.0,undefined,3646,47,1,7,10,3,0,0,1,0,0,3,5.0,4.0,5.0,5.0,4.75,436.0,0,1,0,0
independent,9.135,2163.5439,1.0,undefined,343,48,6,6,14,1,0,0,1,0,0,1,4.5,4.0,5.0,4.5,4.5,449.0,0,1,0,0
Ansal Sushant Lok 2,3.72,1130.2095,1.0,undefined,555,47,4,5,14,3,0,0,0,0,0,5,4.0,5.0,5.0,4.0,4.5,116.0,0,0,0,0
Ansal Sushant Lok 2,3.9,1130.2095,1.0,undefined,444,47,4,5,14,3,0,0,0,0,0,5,4.0,5.0,5.0,4.0,4.5,116.0,0,0,0,0
Ansal Sushant Lok 2,3.825,1130.2095,1.0,undefined,111,47,4,5,14,3,0,0,0,0,0,5,4.0,5.0,5.0,4.0,4.5,74.0,0,0,0,0
Ansal,10.125,2701.7389,2.0,Immediate,333,46,2,4,9,2,0,0,0,0,1,2,4.0,4.0,4.0,4.0,4.0,119.0,0,0,0,0
Ansal,7.274999999999999,1937.502,2.0,Immediate,444,46,2,4,9,2,0,0,1,0,1,2,4.0,4.0,4.0,4.0,4.0,461.0,0,1,0,0
Gokulam Sector 7 Sohna,0.9975,1194.7929,2.0,undefined,Sohna,0,0,0,0,0,0,0,0,0,0,0,4.0,4.0,5.0,4.0,4.25,269.0,0,0,0,0
RWA Sector 42,1.875,559.7228,1.0,undefined,551,44,2,3,13,2,0,0,0,0,0,3,4.0,4.0,4.5,4.0,4.25,211.0,0,0,0,0
Ardee City3.8 ★,1.7999999999999998,710.4173999999999,1.0,undefined,965,45,4,7,9,0,0,0,0,0,0,2,4.0,5.0,5.0,4.0,4.5,168.0,0,0,0,0
Central Park Flower Valley,11.7,4951.394,3.0,Immediate,Ddd,15,4,3,0,0,0,0,0,0,1,1,4.0,4.0,4.5,4.0,4.25,609.0,0,0,1,0
Central Park Flower Valley,10.5,4499.3102,3.0,undefined,Ddd,15,4,3,0,0,0,0,0,0,0,1,4.0,4.0,4.5,4.0,4.25,609.0,0,0,1,0
Central Park Flower Valley,8.325,3595.1426,3.0,undefined,Ddd,15,4,3,0,0,0,0,0,0,0,1,4.0,4.0,4.5,4.0,4.25,609.0,0,0,1,0
Central Park Flower Valley,7.649999999999999,3239.9339,3.0,undefined,Ddd,15,4,3,0,0,0,0,0,0,0,1,4.0,4.0,4.5,4.0,4.25,609.0,0,0,1,0
Central Park Flower Valley,6.300000000000001,2701.7389,3.0,undefined,Ddd,15,4,3,0,0,0,0,0,0,0,1,4.0,4.0,4.5,4.0,4.25,609.0,0,0,1,0
Central Park Flower Valley,5.625,2400.3497,3.0,undefined,Ddd,15,4,3,0,0,0,0,0,0,0,1,4.0,4.0,4.5,4.0,4.25,609.0,0,0,1,0
independent,5.25,2249.6551,3.0,undefined,Ddd,0,0,0,0,0,0,0,0,0,0,0,4.0,4.0,4.5,4.0,4.25,609.0,0,0,1,0
Central Park Flower Valley,3.825,1646.8767,3.0,undefined,Dddd,15,4,3,0,0,0,0,0,0,0,1,4.0,4.0,4.5,4.0,4.25,609.0,0,0,1,0
Central Park Flower Valley,3.75,1625.3489,2.0,undefined,Ddd,15,4,3,0,0,0,0,0,0,0,1,4.0,4.0,4.5,4.0,4.25,609.0,0,0,1,0
independent,4.5,2249.6551,4.0,undefined,Sector 37D Gurgaon,5,0,3,0,0,0,0,0,0,0,1,4.0,4.0,4.0,4.0,4.0,1041.0,0,0,0,0
G99,5.475,247.5697,2.0,Within_6_months,Sector 99 Gurgaon,10,2,1,0,0,0,0,0,0,0,1,4.5,4.0,4.5,4.5,4.375,32.0,0,0,0,0
RWA Sector 43,1.7999999999999998,538.1949999999999,2.0,undefined,4545,44,2,3,13,2,0,0,0,0,0,3,4.0,4.0,4.5,4.0,4.25,206.0,0,0,0,0
RWA Sector 42,3.1500000000000004,904.1676,1.0,undefined,3521,44,2,3,13,2,0,0,0,0,0,3,4.0,4.0,4.5,4.0,4.25,210.0,0,0,0,0
RWA S ector 42,4.5600000000000005,1453.1265,1.0,undefined,6662,44,2,3,13,2,0,0,0,0,0,3,4.0,4.0,4.5,4.0,4.25,212.0,0,0,0,0
Eros Rosewood City4.0 ★,1.5750000000000002,678.1256999999999,1.0,undefined,E-00,46,1,12,10,0,0,0,0,0,0,0,4.0,4.0,5.0,5.0,4.5,60.0,0,0,0,0
independent,3.1500000000000004,990.2788,2.0,undefined,6526,48,6,6,13,1,0,0,0,0,0,1,4.0,4.0,4.0,4.0,4.0,121.0,0,0,0,0
Huda Flats,1.65,538.1949999999999,1.0,undefined,5455,46,1,5,9,2,0,0,0,0,0,2,4.0,4.0,5.0,4.0,4.25,127.0,0,0,0,0
independent,10.8,3229.17,2.0,Immediate,Malibu Town,45,4,11,6,0,0,0,0,0,1,0,5.0,4.0,5.0,5.0,4.75,93.0,0,0,0,0
Unitech South City 23.8 ★,17.4,5963.2006,3.0,Within_3_months,Sector 50 Gurgaon,45,3,11,7,0,1,1,0,0,0,0,5.0,5.0,5.0,4.0,4.75,115.0,1,0,1,0
Vatika India Next Plots3.6 ★,4.86,236.8058,1.0,Immediate,K Block,15,2,5,1,0,0,0,0,0,1,0,5.0,5.0,4.0,5.0,4.75,56.0,0,0,0,0
independent,13.5,3239.9339,1.0,undefined,Sector - 45,49,2,4,10,1,0,0,1,0,0,1,5.0,5.0,5.0,5.0,5.0,354.0,0,1,0,0
independent,7.485,2368.058,1.0,Immediate,Sector 47 Gurgaon,47,5,11,5,0,0,0,0,1,1,0,5.0,4.5,5.0,5.0,4.875,329.0,0,0,0,0
independent,7.86,1840.6269,1.0,Immediate,Sector 27 Gurgaon,47,0,6,10,3,0,0,0,0,1,3,5.0,4.0,5.0,4.0,4.5,257.0,0,0,0,0
Blite Luxury Floors,7.125,2368.058,1.0,undefined,Sector 57 Gurgaon,44,5,8,13,0,0,0,0,0,0,2,4.0,4.0,4.0,4.0,4.0,101.0,0,0,1,0
Ireo City Plots,9.15,2701.7389,2.0,undefined,Sector 60 Gurgaon,15,3,3,0,0,0,0,0,0,0,0,4.5,5.0,3.5,4.5,4.375,76.0,0,0,0,0
independent,3.3000000000000003,9902.788,1.0,Immediate,Sector 99 Gurgaon,0,0,0,0,0,0,0,0,0,1,0,4.5,4.0,4.5,4.5,4.375,58.0,0,0,0,0
independent,2.88,1334.7236,1.0,Within_3_months,Sector 78 Gurgaon,6,0,0,0,0,0,0,0,0,0,0,4.0,4.0,4.5,4.0,4.25,263.0,0,0,0,0
DLF Alameda,14.1,4843.755,1.0,undefined,A00,8,2,1,0,0,0,0,0,0,0,2,4.0,4.0,4.5,4.0,4.25,138.0,0,0,0,0
independent,1.95,904.1676,1.0,undefined,Sector 7 Gurgaon,50,2,34,5,0,0,0,1,0,0,1,4.0,4.0,4.0,4.0,4.0,507.0,0,1,0,0
independent,2.0250000000000004,904.1676,1.0,undefined,Sector 7 Gurgaon,50,2,34,5,0,0,0,1,0,0,1,4.0,4.0,4.0,4.0,4.0,465.0,0,1,0,0
independent,4.875,2249.6551,1.0,undefined,Sector 7 Gurgaon,50,2,34,5,0,0,0,1,0,0,1,4.0,4.0,4.0,4.0,4.0,478.0,0,1,0,1
independent,4.725,2249.6551,1.0,undefined,Sector 4 Gurgaon,49,2,29,5,0,0,0,1,1,0,3,5.0,5.0,5.0,5.0,5.0,497.0,0,1,0,0
independent,4.095,1840.6269,1.0,undefined,Sector 9A Gurgaon,49,1,32,5,0,0,0,1,0,0,3,4.0,4.0,4.0,4.0,4.0,445.0,0,1,0,1
independent,4.050000000000001,1840.6269,1.0,undefined,Sector 9 Gurgaon,50,1,38,5,0,0,0,1,0,0,1,4.0,4.0,4.0,4.0,4.0,436.0,0,1,0,0
independent,5.175000000000001,2346.5302,1.0,undefined,Sector 9A Gurgaon,49,1,32,5,0,0,0,1,1,0,3,4.0,4.0,4.0,4.0,4.0,551.0,0,1,0,1
independent,5.175000000000001,2346.5302,2.0,undefined,Sector 9 Gurgaon,50,1,38,5,0,0,0,1,0,0,1,4.0,4.0,4.0,4.0,4.0,632.0,0,1,0,0
independent,4.125,1937.502,1.0,undefined,Sector 9 Gurgaon,50,1,38,5,0,0,0,1,0,0,1,4.0,4.0,4.0,4.0,4.0,520.0,0,1,0,0
independent,5.025,2346.5302,2.0,undefined,Sector 9A Gurgaon,49,1,32,5,0,0,0,1,0,0,3,4.0,4.0,4.0,4.0,4.0,529.0,0,1,0,1
independent,5.1,2368.058,1.0,undefined,Sector 9 Gurgaon,50,1,38,5,0,0,0,1,0,0,1,4.0,4.0,4.0,4.0,4.0,527.0,0,1,0,1
independent,4.875,2249.6551,2.0,undefined,Sector 4 Gurgaon,49,2,29,5,0,0,0,1,0,0,3,5.0,5.0,5.0,5.0,5.0,523.0,0,1,0,1
Unitech South City 23.8 ★,1.65,538.1949999999999,2.0,undefined,South City 2,45,4,10,7,0,1,1,0,1,0,0,5.0,5.0,5.0,4.0,4.75,143.0,1,0,1,0
Vipul World3.9 ★,1.215,538.1949999999999,1.0,Immediate,Sector 48 Gurgaon,15,2,3,1,0,0,0,0,0,1,1,4.0,4.0,5.0,4.0,4.25,140.0,0,0,0,0
independent,1.605,538.1949999999999,1.0,undefined,South City 2,45,4,10,7,0,0,0,0,0,0,0,5.0,5.0,5.0,4.0,4.75,127.0,0,0,0,0
BPTP Astaire Gardens3.7 ★,3.765,1625.3489,3.0,undefined,322,12,2,0,0,1,0,0,1,0,0,3,5.0,4.0,4.0,4.0,4.25,442.0,0,1,0,0
BPTP Fortuna,3.675,2249.6551,2.0,undefined,111,8,2,1,0,1,1,1,0,0,0,2,5.0,4.0,4.0,4.0,4.25,225.0,1,0,1,0
independent,3.1500000000000004,925.6954,2.0,undefined,1377,47,6,8,6,0,0,0,0,0,0,0,4.0,4.0,5.0,4.0,4.25,680.0,0,0,0,0
Ansal Florence Residency,5.4,1625.3489,1.0,undefined,D Block,45,5,7,13,0,0,0,0,1,0,2,4.0,4.0,4.0,4.0,4.0,92.0,0,0,0,0
D Block,14.94,2163.5439,3.0,Immediate,Sushant Lok Phase 2,48,0,6,12,3,1,0,0,0,1,3,4.0,4.0,5.0,4.0,4.25,86.0,1,0,0,0
independent,2.7,904.1676,1.0,Immediate,Sector 57 Gurgaon,45,5,10,6,0,0,0,0,0,1,2,4.0,4.0,4.0,4.0,4.0,159.0,0,0,0,0
Vatika India Next Plots3.6 ★,7.32,3595.1426,2.0,undefined,Sec 83,15,2,5,1,0,0,0,0,0,0,0,5.0,5.0,4.0,5.0,4.75,581.0,0,0,1,0
Vatika India Next Plots3.6 ★,3.93,2163.5439,1.0,undefined,Sec 83,15,2,5,1,0,0,0,0,0,0,0,5.0,5.0,4.0,5.0,4.75,581.0,0,0,1,0
Vatika India Next Plots3.6 ★,3.705,2163.5439,2.0,undefined,Sector 83 Gurgaon,15,2,5,1,0,0,0,0,0,0,0,5.0,5.0,4.0,5.0,4.75,581.0,0,0,1,0
Lion Infra Green Valley,2.1,1485.4181999999998,2.0,undefined,H Block,0,0,0,0,0,0,0,0,0,0,0,4.0,4.0,4.0,5.0,4.25,89.0,0,0,0,0
BPTP Amstoria3.8 ★,6.6000000000000005,2701.7389,2.0,undefined,D101,11,2,1,0,0,0,0,0,0,0,2,4.0,4.5,4.0,4.0,4.125,166.0,0,0,0,0
Central Park Flower Valley,5.745,2249.6551,1.0,undefined,I Block,11,3,1,0,0,0,0,0,0,0,2,4.0,4.0,4.5,4.0,4.25,810.0,0,0,1,0
Central Park Flower Valley Mikasa Plots,4.47,1732.9879,1.0,undefined,D Block,7,1,1,0,1,0,0,0,0,0,2,4.0,4.0,4.5,4.0,4.25,758.0,0,0,1,0
Central Park Flower Valley,6.75,2712.5028,1.0,undefined,J Block,15,4,3,0,0,0,0,0,0,0,1,4.0,4.0,4.5,4.0,4.25,643.0,0,0,1,0
Central Park Flower Valley Mikasa Plots,8.55,3379.8646,1.0,undefined,C Block,7,1,1,0,1,0,0,0,0,0,2,4.0,4.0,4.5,4.0,4.25,498.0,0,0,1,0
Ansal API Esencia3.7 ★,1.08,64.5834,1.0,undefined,Golf Course Extension Road,12,0,0,0,1,0,0,0,1,0,1,4.0,4.5,4.0,4.0,4.125,330.0,0,0,0,0
"palda village, sector 70A, Gurgaon",5.4,17997.2408,2.0,undefined,2000yards,26,0,8,9,0,0,0,0,0,0,0,4.0,4.0,3.0,3.5,3.625,284.0,0,0,0,0
"Ullawas sector 59, Gurgaon",4.725,4359.3795,1.0,undefined,484 Yards To 3130 Yards Plot,17,2,5,3,0,0,0,0,0,0,0,4.0,4.0,4.5,4.0,4.25,207.0,0,0,0,0
independent,0.675,1345.4875,4.0,undefined,Maruti Kunj,0,0,0,0,0,0,0,0,0,0,0,4.0,4.0,4.0,4.0,4.0,101.0,0,0,0,0
Unitech South City 23.8 ★,7.5,3239.9339,1.0,undefined,18 Mtr Road West Facing,45,3,11,7,0,0,0,0,0,0,0,5.0,5.0,5.0,4.0,4.75,104.0,0,0,0,0
independent,6.375,2368.058,1.0,Immediate,Sector 52 Gurgaon,44,4,5,10,0,0,0,0,0,1,2,4.0,5.0,5.0,4.0,4.5,123.0,0,0,0,0
Ardee City3.8 ★,5.1,1872.9186,2.0,undefined,Sector 52 Gurgaon,44,4,5,10,0,0,0,0,0,0,2,4.0,5.0,5.0,4.0,4.5,117.0,0,0,0,0
BPTP Amstoria3.8 ★,5.625,2249.6551,1.0,Immediate,Sector 102 Gurgaon,11,2,1,0,0,0,0,0,0,1,2,4.0,4.5,4.0,4.0,4.125,88.0,0,0,0,0
Raheja Vanya,1.725,1033.3344,2.0,undefined,Sector 99A Gurgaon,9,2,1,0,1,0,0,0,0,0,3,4.0,3.0,3.0,3.0,3.25,76.0,0,0,0,0
Ansal API Esencia3.7 ★,6.300000000000001,2701.7389,1.0,Immediate,Sector 67 Gurgaon,12,0,0,0,1,0,0,0,0,1,1,4.0,4.5,4.0,4.0,4.125,148.0,0,0,0,0
Ansal API Esencia3.7 ★,8.925,3153.8227,1.0,Immediate,Sector 67 Gurgaon,12,0,0,0,1,0,1,0,0,1,1,4.0,4.5,4.0,4.0,4.125,122.0,0,0,1,0
Ansal API Versalia,5.46,2432.6414,1.0,Immediate,Sector 67A Gurgaon,9,0,2,0,1,0,0,0,0,1,2,5.0,4.0,4.0,5.0,4.5,157.0,0,0,0,0
Ansal API Versalia,5.625,2432.6414,1.0,Immediate,Sector 67A Gurgaon,9,0,2,0,1,0,0,0,0,1,2,5.0,4.0,4.0,5.0,4.5,140.0,0,0,1,0
Ansal API Versalia,6.69,2970.8364,1.0,Immediate,Sector 67A Gurgaon,9,0,2,0,1,0,0,0,0,1,2,5.0,4.0,4.0,5.0,4.5,148.0,0,0,0,0
Ansal API Versalia,5.265,2432.6414,1.0,Immediate,Sector 67A Gurgaon,9,0,2,0,1,0,0,0,0,1,2,5.0,4.0,4.0,5.0,4.5,137.0,0,0,1,0
Ansal API Esencia3.7 ★,9.795,4520.838,1.0,Immediate,Sector 67 Gurgaon,12,0,0,0,1,0,0,0,0,1,1,4.0,4.5,4.0,4.0,4.125,157.0,0,0,0,0
Ansal API Esencia3.7 ★,10.17,4520.838,1.0,Immediate,Sector 67 Gurgaon,12,0,0,0,1,0,0,0,0,1,1,4.0,4.5,4.0,4.0,4.125,162.0,0,0,0,0
Ansal API Esencia3.7 ★,8.715,4746.8799,2.0,undefined,Sector 67 Gurgaon,12,0,0,0,1,1,0,0,0,0,1,4.0,4.5,4.0,4.0,4.125,142.0,1,0,1,1
Ansal API Esencia3.7 ★,16.5,8998.6204,1.0,Immediate,Sector 67 Gurgaon,12,0,0,0,1,0,0,0,0,1,1,4.0,4.5,4.0,4.0,4.125,204.0,0,0,0,0
Ansal API Esencia3.7 ★,17.25,8998.6204,1.0,Immediate,Sector 67 Gurgaon,12,0,0,0,1,0,0,0,0,1,1,4.0,4.5,4.0,4.0,4.125,174.0,0,0,0,0
Ansal API Esencia3.7 ★,6.0,2249.6551,1.0,Immediate,Sector 67 Gurgaon,12,0,0,0,1,0,0,0,0,1,1,4.0,4.5,4.0,4.0,4.125,144.0,0,0,0,0
Ansal API Esencia3.7 ★,7.92,2970.8364,1.0,Immediate,Sector 67 Gurgaon,12,0,0,0,1,0,1,0,0,1,1,4.0,4.5,4.0,4.0,4.125,164.0,0,0,1,1
Ansal API Esencia3.7 ★,6.12,2443.4053,2.0,undefined,Sector 67 Gurgaon,12,0,0,0,1,1,0,0,0,0,1,4.0,4.5,4.0,4.0,4.125,139.0,1,0,0,0
ROF Normanton Park,1.725,1291.668,2.0,Within_3_months,C24,0,0,0,0,0,0,0,0,0,0,0,4.0,4.0,4.5,4.0,4.25,557.0,0,0,0,0
"imperial estate sector 70a, gurgaon",3.24,1625.3489,2.0,undefined,Imperial Estate,14,0,6,4,0,0,0,0,0,0,0,5.0,4.0,4.0,4.0,4.25,92.0,0,0,0,0
independent,2.85,1259.3763,2.0,undefined,076,12,0,0,0,0,0,0,1,0,0,0,5.0,5.0,5.0,4.5,4.875,573.0,0,1,0,1
sohna,1.7999999999999998,1420.8348,2.0,undefined,11221,47,3,15,5,0,0,0,0,0,0,0,4.0,4.0,4.5,4.0,4.25,1065.0,0,0,0,0
sector 35,1.875,1614.585,2.0,undefined,204,0,0,0,0,0,0,0,0,0,0,0,4.0,4.0,4.0,5.0,4.25,1065.0,0,0,0,0
Block C,7.199999999999999,2163.5439,1.0,undefined,999,47,4,10,6,0,0,0,0,0,0,0,4.5,4.0,4.5,4.0,4.25,151.0,0,0,0,1
Block C,12.075,3918.0596,1.0,undefined,999,47,4,10,6,0,0,0,0,0,0,0,4.5,4.0,4.5,4.0,4.25,190.0,0,0,0,1
independent,3.9,1453.1265,1.0,Immediate,Sector 22 Gurgaon,32,4,3,4,1,0,0,0,0,1,1,4.0,4.0,5.0,5.0,4.5,168.0,0,0,0,0
Emaar Emerald Hills4.1 ★,12.75,3046.1837,2.0,Immediate,Amber Block,10,2,1,0,0,0,0,0,0,1,1,4.0,4.0,5.0,4.0,4.25,171.0,0,0,0,0
independent,2.4000000000000004,904.1676,1.0,Immediate,Sector 23 Gurgaon,27,4,2,3,1,0,0,0,0,1,3,4.0,5.0,5.0,4.0,4.5,117.0,0,0,0,0
independent,10.5,4682.2965,1.0,Immediate,Sector 23 Gurgaon,27,4,2,3,1,0,0,0,0,1,3,4.0,5.0,5.0,4.0,4.5,139.0,0,0,0,0
independent,2.0250000000000004,2432.6414,1.0,Immediate,Laxman Vihar,49,2,27,5,0,0,0,0,0,1,4,4.0,4.0,5.0,4.0,4.25,79.0,0,0,0,0
independent,3.825,1453.1265,1.0,Immediate,Sector 23 Gurgaon,27,4,2,3,1,0,0,0,0,1,3,4.0,5.0,5.0,4.0,4.5,171.0,0,0,0,0
independent,7.649999999999999,4520.838,1.0,Immediate,Sector 21 Gurgaon,35,2,2,9,0,0,0,0,0,1,0,5.0,4.0,5.0,4.5,4.625,161.0,0,0,0,0
independent,7.649999999999999,2970.8364,1.0,Immediate,Sector 23 Gurgaon,27,4,2,3,1,0,0,0,0,1,3,4.0,5.0,5.0,4.0,4.5,160.0,0,0,0,0
independent,8.475000000000001,4520.838,1.0,Immediate,Sector 23 Gurgaon,27,4,2,3,1,0,0,0,0,1,3,4.0,5.0,5.0,4.0,4.5,171.0,0,0,0,0
Experion The Westerlies,1.95,13497.9306,1.0,undefined,Sector 108 Gurgaon,9,3,1,0,0,0,0,0,0,0,1,4.0,4.5,4.5,4.5,4.375,66.0,0,0,0,0
independent,7.515,1937.502,2.0,undefined,Vyapar Kendra 001,47,2,5,13,1,0,0,0,0,0,1,5.0,5.0,5.0,5.0,5.0,134.0,0,0,0,0
Ansal Royale Casa,1.44,538.1949999999999,1.0,undefined,00012,39,3,6,12,0,0,0,0,0,0,2,4.0,4.0,5.0,4.0,4.25,100.0,0,0,0,0
independent,6.36,3476.7397,1.0,Immediate,New Colony,50,2,35,2,0,0,0,0,0,1,1,4.0,4.0,4.0,4.0,4.0,274.0,0,0,1,0
independent,7.5,1797.5712999999998,1.0,undefined,Dlf Phase 1,46,0,18,11,6,0,0,0,0,0,6,5.0,5.0,5.0,5.0,5.0,188.0,0,0,0,0
independent,10.65,2841.6696,1.0,undefined,Dlf Phase 3,44,0,16,12,6,0,0,0,0,0,6,4.0,5.0,5.0,4.0,4.5,214.0,0,0,0,0
independent,13.875,3767.365,1.0,undefined,Sushant Lok 1,48,1,4,9,2,0,0,0,0,0,2,4.0,4.5,4.5,4.0,4.25,201.0,0,0,0,1
independent,6.75,1625.3489,1.0,undefined,Sector 27.Gurgaon,47,0,6,10,3,0,0,0,0,0,3,5.0,4.0,5.0,4.0,4.5,159.0,0,0,0,0
independent,6.300000000000001,1625.3489,1.0,undefined,South City 1,49,2,4,10,1,0,0,0,0,0,1,5.0,5.0,5.0,5.0,5.0,133.0,0,0,0,0
independent,23.25,4520.838,1.0,undefined,Dlf Phase 2,44,0,9,13,5,0,0,0,0,0,5,5.0,5.0,5.0,5.0,5.0,200.0,0,0,0,0
independent,7.5,1840.6269,1.0,undefined,Sector 28,48,0,7,12,3,0,0,0,0,0,3,4.0,5.0,5.0,4.0,4.5,222.0,0,0,0,0
independent,5.1,1463.8904,1.0,undefined,Dlf Phase 3,44,0,16,12,6,0,0,0,0,0,6,4.0,5.0,5.0,4.0,4.5,194.0,0,0,0,0
independent,9.375,1797.5712999999998,1.0,undefined,Dlf Phase 2,44,0,9,13,5,0,0,0,0,0,5,5.0,5.0,5.0,5.0,5.0,203.0,0,0,0,0
independent,8.774999999999999,1797.5712999999998,1.0,undefined,Dlf Phase 1,46,0,18,11,6,0,0,0,0,0,6,5.0,5.0,5.0,5.0,5.0,206.0,0,0,1,0
independent,28.875,6630.5624,1.0,undefined,Sushant Lok 1,48,1,4,9,2,0,0,0,0,0,2,4.0,4.5,4.5,4.0,4.25,136.0,0,0,0,0
independent,9.6,2066.6688,1.0,undefined,Sushant Lok 1,48,0,6,13,3,0,0,0,0,0,3,4.0,4.0,5.0,3.0,4.0,190.0,0,0,0,0
independent,10.5,2249.6551,1.0,undefined,Dlf Phase 2,44,0,9,13,5,0,0,0,0,0,5,5.0,5.0,5.0,5.0,5.0,182.0,0,0,0,0
independent,14.775,3767.365,1.0,undefined,Susant Lok1,47,2,5,13,1,0,0,0,0,0,1,5.0,5.0,5.0,5.0,5.0,238.0,0,0,0,0
BPTP Amstoria3.8 ★,6.555,2249.6551,1.0,undefined,A Block,11,2,1,0,0,0,0,0,0,0,2,4.0,4.5,4.0,4.0,4.125,67.0,0,0,0,0
BPTP Amstoria3.8 ★,9.645,4456.2546,2.0,Immediate,D Block,11,2,1,0,0,0,0,0,0,1,2,4.0,4.5,4.0,4.0,4.125,81.0,0,0,0,0
BPTP Amstoria3.8 ★,6.375,2723.2667,1.0,undefined,C Block,11,2,1,0,0,0,0,0,0,0,2,4.0,4.5,4.0,4.0,4.125,75.0,0,0,0,0
BPTP Amstoria3.8 ★,5.775,2249.6551,1.0,undefined,Sector 102 Gurgaon,11,2,1,0,0,0,0,0,0,0,2,4.0,4.5,4.0,4.0,4.125,111.0,0,0,0,0
BPTP Amstoria3.8 ★,6.165000000000001,2249.6551,3.0,undefined,Sector 102 Gurgaon,11,2,1,0,0,0,0,0,0,0,2,4.0,4.5,4.0,4.0,4.125,75.0,0,0,0,0
BPTP Amstoria3.8 ★,5.25,1797.5712999999998,2.0,undefined,Sector 102 Gurgaon,11,2,1,0,0,1,0,0,0,0,2,4.0,4.5,4.0,4.0,4.125,85.0,1,0,0,0
BPTP Amstoria3.8 ★,4.875,2023.6132,3.0,undefined,Sector 102 Gurgaon,11,2,1,0,0,0,0,0,0,0,2,4.0,4.5,4.0,4.0,4.125,113.0,0,0,0,0
independent,55.5,8998.6204,2.0,undefined,DLF Phase 1,46,0,18,11,6,1,0,0,0,0,6,5.0,5.0,5.0,5.0,5.0,70.0,1,0,0,1
Malibu Towne,6.449999999999999,1732.9879,1.0,undefined,101,45,5,11,5,0,0,0,1,0,0,0,5.0,4.0,5.0,5.0,4.75,595.0,0,1,0,1
Satya Merano Greens,2.37,1614.585,2.0,Immediate,N/a,11,2,1,0,0,0,0,0,0,1,1,4.0,3.0,3.0,3.0,3.25,529.0,0,0,0,0
Satya Merano Greens,2.175,1485.4181999999998,2.0,Immediate,N/a,11,2,1,0,0,0,0,0,0,1,1,4.0,3.0,3.0,3.0,3.25,529.0,0,0,0,0
Satya Merano Greens,1.98,1345.4875,2.0,Immediate,N/a,11,2,1,0,0,0,0,0,0,1,1,4.0,3.0,3.0,3.0,3.25,529.0,0,0,0,0
Satya Merano Greens,1.785,1216.3207,2.0,Immediate,N/a,11,2,1,0,0,0,0,0,0,1,1,4.0,3.0,3.0,3.0,3.25,529.0,0,0,0,0
Satya Merano Greens,1.59,1076.39,2.0,Immediate,N/a,11,2,1,0,0,0,0,0,0,1,1,4.0,3.0,3.0,3.0,3.25,529.0,0,0,0,0
Adani Oyster Greens,3.54,1571.5294,2.0,Immediate,N/a,15,4,2,1,0,0,0,0,0,1,0,4.0,4.5,4.0,4.0,4.125,334.0,0,0,0,0
Adani Oyster Greens,3.24,1442.3626,2.0,Immediate,N/a,15,4,2,1,0,0,0,0,0,1,0,4.0,4.5,4.0,4.0,4.125,334.0,0,0,0,0
Adani Oyster Greens,3.045,1302.4319,2.0,Immediate,N/a,15,4,2,1,0,0,0,0,0,1,0,4.0,4.5,4.0,4.0,4.125,334.0,0,0,0,0
Adani Oyster Greens,2.73,1173.2650999999998,2.0,Immediate,N/a,15,4,2,1,0,0,0,0,0,1,0,4.0,4.5,4.0,4.0,4.125,334.0,0,0,0,0
Adani Oyster Greens,2.415,1033.3344,2.0,Immediate,N/a,15,4,2,1,0,0,0,0,0,1,0,4.0,4.5,4.0,4.0,4.125,334.0,0,0,0,0
G99,12.375,6748.9653,2.0,Immediate,N/a,10,2,1,0,0,0,0,1,0,1,1,4.5,4.0,4.5,4.5,4.375,903.0,0,1,1,0
G99,9.675,5801.7421,2.0,Immediate,N/a,10,2,1,0,0,0,0,1,0,1,1,4.5,4.0,4.5,4.5,4.375,903.0,0,1,1,0
G99,8.459999999999999,4230.2127,2.0,Immediate,N/a,10,2,1,0,0,0,0,1,0,1,1,4.5,4.0,4.5,4.5,4.375,903.0,0,1,1,0
G99,7.995,3831.9484,2.0,Immediate,N/a,10,2,1,0,0,0,0,1,0,1,1,4.5,4.0,4.5,4.5,4.375,903.0,0,1,1,0
G99,6.705,3100.0032,2.0,Immediate,N/a,10,2,1,0,0,0,0,1,0,1,1,4.5,4.0,4.5,4.5,4.375,903.0,0,1,1,0
BPTP Amstoria3.8 ★,8.040000000000001,3702.7816,2.0,Immediate,N/a,11,2,1,0,0,0,0,0,0,1,2,4.0,4.5,4.0,4.0,4.125,345.0,0,0,0,1
BPTP Amstoria3.8 ★,6.562815789473683,2723.2667,2.0,Immediate,N/a,11,2,1,0,0,0,0,0,0,1,2,4.0,4.5,4.0,4.0,4.125,345.0,0,0,0,1
BPTP Amstoria3.8 ★,5.25,2249.6551,2.0,Immediate,N/a,11,2,1,0,0,0,0,0,0,1,2,4.0,4.5,4.0,4.0,4.125,345.0,0,0,0,1
BPTP Amstoria3.8 ★,4.5600000000000005,2023.6132,2.0,Immediate,N/a,11,2,1,0,0,0,0,0,0,1,2,4.0,4.5,4.0,4.0,4.125,345.0,0,0,0,1
BPTP Amstoria3.8 ★,4.14,1776.0435,2.0,Immediate,N/a,11,2,1,0,0,0,0,0,0,1,2,4.0,4.5,4.0,4.0,4.125,345.0,0,0,0,1
Experion The Westerlies,10.125,6748.9653,2.0,Immediate,N/a,9,3,1,0,0,0,0,0,0,1,1,4.0,4.5,4.5,4.5,4.375,482.0,0,0,0,0
Experion The Westerlies,7.5,4499.3102,2.0,Immediate,N/a,9,3,1,0,0,0,0,0,0,1,1,4.0,4.5,4.5,4.5,4.375,482.0,0,0,0,0
Experion The Westerlies,6.12,3595.1426,2.0,Immediate,N/a,9,3,1,0,0,0,0,0,0,1,1,4.0,4.5,4.5,4.5,4.375,482.0,0,0,0,0
Experion The Westerlies,5.175000000000001,3229.17,2.0,Immediate,N/a,9,3,1,0,0,0,0,0,0,1,1,4.0,4.5,4.5,4.5,4.375,482.0,0,0,0,0
Experion The Westerlies,4.485,2443.4053,2.0,Immediate,N/a,9,3,1,0,0,0,0,0,0,1,1,4.0,4.5,4.5,4.5,4.375,482.0,0,0,0,0
Experion The Westerlies,4.44,2260.419,2.0,Immediate,N/a,9,3,1,0,0,0,0,0,0,1,1,4.0,4.5,4.5,4.5,4.375,482.0,0,0,0,0
Experion The Westerlies,3.09,1937.502,2.0,Immediate,N/a,9,3,1,0,0,0,0,0,0,1,1,4.0,4.5,4.5,4.5,4.375,482.0,0,0,0,0
Experion The Westerlies,3.4799999999999995,1732.9879,2.0,Immediate,N/a,9,3,1,0,0,0,0,0,0,1,1,4.0,4.5,4.5,4.5,4.375,482.0,0,0,0,0
Experion The Westerlies,3.24,1625.3489,2.0,Immediate,N/a,6,3,1,0,0,0,0,0,0,1,1,4.0,4.5,4.5,4.5,4.375,482.0,0,0,0,0
independent,13.5,4520.838,1.0,Immediate,Greenwood City,48,6,6,14,1,0,0,0,0,1,1,4.5,4.0,5.0,4.5,4.5,268.0,0,0,1,1
G99,8.94,3831.9484,2.0,Immediate,N/a,10,2,1,0,0,0,0,0,0,1,1,4.5,4.0,4.5,4.5,4.375,83.0,0,0,0,0
DLF City Plots,31.5,4499.3102,2.0,Immediate,N/a,8,2,1,0,1,0,0,0,0,1,2,5.0,5.0,5.0,5.0,5.0,59.0,0,0,0,1
independent,10.125,6070.839599999999,1.0,undefined,B-Block,0,0,0,0,0,0,0,0,0,0,0,4.0,4.0,4.5,4.0,4.25,70.0,0,0,1,0
independent,11.25,2432.6414,1.0,undefined,DLF Phase 4,47,1,7,10,3,0,0,0,0,0,3,5.0,4.0,5.0,5.0,4.75,180.0,0,0,0,0
independent,13.125,3218.4061,1.0,undefined,Near Gallery 4100 Line,47,1,7,10,3,0,0,0,0,0,3,5.0,4.0,5.0,5.0,4.75,242.0,0,0,0,0
independent,11.25,4520.838,1.0,undefined,Sector 56 Gurgaon,47,4,5,14,3,0,0,0,0,0,5,4.0,5.0,5.0,4.0,4.5,231.0,0,0,0,0
independent,1.7999999999999998,936.4593,1.0,Immediate,Sector 7 Extension,50,2,33,5,0,0,1,0,0,1,1,4.0,4.0,4.5,4.0,4.25,222.0,0,0,1,0
independent,3.1500000000000004,904.1676,1.0,undefined,Sector 52 Gurgaon,44,4,5,10,0,0,1,0,0,0,2,4.0,5.0,5.0,4.0,4.5,200.0,0,0,1,0
independent,4.29,1840.6269,1.0,undefined,Sector 9 Gurgaon,50,1,38,5,0,0,0,0,0,0,1,4.0,4.0,4.0,4.0,4.0,253.0,0,0,0,0
independent,6.75,4951.394,2.0,undefined,Sector 4 Gurgaon,49,2,29,5,0,0,0,0,0,0,3,5.0,5.0,5.0,5.0,5.0,172.0,0,0,0,0
independent,4.574999999999999,2249.6551,1.0,undefined,Sector 4 Gurgaon,49,2,29,5,0,0,0,0,0,0,3,5.0,5.0,5.0,5.0,5.0,212.0,0,0,1,0
Satya Merano Greens,1.6949999999999998,1130.2095,2.0,undefined,002,11,2,1,0,0,0,0,0,0,0,1,4.0,3.0,3.0,3.0,3.25,91.0,0,0,0,0
Emaar Emerald Hills4.1 ★,13.8,3595.1426,1.0,Immediate,Sector 65 Gurgaon,10,2,1,0,0,0,0,0,0,1,1,4.0,4.0,5.0,4.0,4.25,304.0,0,0,0,1
independent,13.5,3239.9339,1.0,undefined,South City 1,49,2,4,10,1,0,0,0,0,0,1,5.0,5.0,5.0,5.0,5.0,100.0,0,0,0,0
Vipul World3.9 ★,1.275,538.1949999999999,1.0,Immediate,Sector 48 Gurgaon,15,2,3,1,0,0,0,1,0,1,1,4.0,4.0,5.0,4.0,4.25,341.0,0,1,0,0
independent,19.5,4520.838,1.0,Immediate,DLF Phase 1,46,0,18,11,6,0,0,0,0,1,6,5.0,5.0,5.0,5.0,5.0,81.0,0,0,0,1
independent,36.0,7405.5632,1.0,undefined,A Block Sushant Lok Phase 1,48,0,6,13,3,0,0,0,0,0,3,4.0,4.0,5.0,3.0,4.0,112.0,0,0,0,0
independent,11.7,3799.6567,1.0,undefined,Uppals Southend,46,0,12,10,0,0,0,0,0,0,0,5.0,5.0,5.0,5.0,5.0,242.0,0,0,0,1
independent,13.5,4499.3102,1.0,Immediate,South City 2,45,4,10,7,0,0,0,0,0,1,0,5.0,5.0,5.0,4.0,4.75,171.0,0,0,1,0
independent,6.562815789473683,4520.838,1.0,Immediate,DLF Phase 1,46,0,18,11,6,0,0,0,0,1,6,5.0,5.0,5.0,5.0,5.0,131.0,0,0,1,1
independent,2.205,904.1676,1.0,Immediate,Part- 6 Sector-5 Gurgaon,49,3,26,5,0,0,0,0,0,1,1,4.0,4.0,4.5,4.0,4.25,76.0,0,0,0,0
independent,4.800000000000001,1453.1265,2.0,Immediate,Xxx,48,7,6,14,1,0,0,0,0,1,1,4.0,4.0,5.0,4.0,4.25,119.0,0,0,1,0
DLF City Plots Phase 2,19.8,5037.5052,2.0,undefined,Dlf Phase 2,44,0,11,13,6,0,0,0,0,0,6,5.0,5.0,5.0,5.0,5.0,68.0,0,0,0,0
AB Realty The Valencia,3.45,1528.4738,1.0,undefined,Valencia,6,0,1,1,0,0,0,0,0,0,0,4.0,4.0,4.5,4.0,4.25,338.0,0,0,0,0
DLF City Plots Phase 3,1.875,538.1949999999999,1.0,Immediate,DLF Phase 3,44,0,16,12,6,0,0,0,1,1,6,4.0,5.0,5.0,4.0,4.5,103.0,0,0,0,0
independent,10.95,4682.2965,1.0,Immediate,Palam Vihar,27,4,3,3,1,0,0,0,0,1,3,5.0,5.0,5.0,4.0,4.75,143.0,0,0,1,0
independent,21.0,4499.3102,1.0,undefined,A1/4,46,0,18,11,6,0,0,1,0,0,6,5.0,5.0,5.0,5.0,5.0,458.0,0,1,0,0
BPTP Fortuna,3.72,1625.3489,1.0,undefined,Sector 70A Gurgaon,8,2,1,0,1,0,0,0,0,0,2,5.0,4.0,4.0,4.0,4.25,59.0,0,0,0,0
Satya Merano Greens,1.98,1345.4875,2.0,undefined,011,11,2,1,0,0,0,0,0,0,0,1,4.0,3.0,3.0,3.0,3.25,1003.0,0,0,1,0
Ansals Palam Vihar,10.5,4682.2965,1.0,Immediate,Plot No D 2015,27,4,3,3,1,0,0,0,0,1,3,5.0,5.0,5.0,4.0,4.75,192.0,0,0,0,0
Central Park Flower Valley,3.735,1625.3489,1.0,undefined,G Block,15,4,3,0,0,0,0,0,0,0,1,4.0,4.0,4.5,4.0,4.25,75.0,0,0,0,0
independent,0.765,1108.6817,1.0,Future,Sector 81 Gurgaon,16,0,3,0,0,0,0,0,0,0,0,4.5,4.0,3.5,4.5,4.125,105.0,0,0,0,0
Supertech Sambhav Homes,0.5249999999999999,538.1949999999999,1.0,Immediate,Sohna,7,2,1,0,0,0,0,0,0,1,1,4.0,4.0,5.0,4.0,4.25,247.0,0,0,1,1
independent,14.55,6458.34,1.0,Immediate,Sector 73 Gurgaon,14,0,1,3,0,0,0,1,0,1,0,4.0,4.0,4.5,4.0,4.25,166.0,0,1,0,0
independent,9.9,3595.1426,1.0,undefined,New Colony,50,2,36,1,0,0,0,0,0,0,1,4.0,4.0,4.0,4.0,4.0,66.0,0,0,0,0
independent,1.131,871.8759,1.0,Immediate,Krishna Colony,50,2,33,5,0,0,0,0,0,1,1,4.0,4.0,4.0,4.0,4.0,31.0,0,0,0,0
independent,0.8999999999999999,904.1676,1.0,Immediate,T157-D/1,32,3,11,1,1,0,0,0,0,1,5,4.0,4.0,4.0,4.0,4.0,285.0,0,0,0,0
independent,1.4249999999999998,2303.4746,2.0,Immediate,Fazilpur Jharsa,45,1,13,9,0,0,0,0,0,1,0,4.0,4.0,5.0,4.0,4.25,54.0,0,0,0,0
Central Park Flower Valley,6.300000000000001,2292.7107,2.0,Immediate,Sector-33 Sohna,11,3,1,0,0,1,0,0,0,1,2,4.0,4.0,4.5,4.0,4.25,143.0,1,0,1,0
independent,0.8999999999999999,1194.7929,1.0,undefined,Rajkumar,46,0,19,9,6,0,0,0,0,0,6,5.0,5.0,5.0,5.0,5.0,482.0,0,0,0,0
independent,6.562815789473683,1797.5712999999998,1.0,Immediate,Sector 1 Plot No 142 In Patodi 200sq Yrd,20,0,15,0,0,0,0,0,0,1,0,4.0,4.0,4.5,4.0,4.25,62.0,0,0,0,0
independent,4.5,2163.5439,2.0,Immediate,Sector 83 Gurgaon,11,0,1,0,0,1,0,0,0,1,0,5.0,5.0,4.0,5.0,4.75,49.0,1,0,0,0
Huda Flats,3.9,1345.4875,2.0,undefined,Sector 57 Gurgaon,45,5,10,6,0,0,1,0,0,0,2,4.0,4.0,4.0,4.0,4.0,60.0,0,0,1,0
DLF Alameda,7.875,2249.6551,1.0,Immediate,Lane C,8,2,1,0,0,0,0,0,0,1,2,4.0,4.0,4.5,4.0,4.25,44.0,0,0,0,0
Ansal Plot Palam Vihar,10.5,548.9589,1.0,undefined,Palam Vihar,31,4,8,3,1,0,0,0,0,0,2,5.0,5.0,5.0,4.0,4.75,133.0,0,0,0,0
Experion The Westerlies,3.39,182.9863,1.0,undefined,Sector 108,9,3,1,0,0,0,0,0,0,0,1,4.0,4.5,4.5,4.5,4.375,66.0,0,0,0,0
Central Park Flower Valley,4.800000000000001,152459.8796,3.0,undefined,Sector-33 Sohna,15,4,3,0,0,0,0,0,0,0,1,4.0,4.0,4.5,4.0,4.25,32.0,0,0,0,0
Ansal Sushant Lok 2,9.165,2701.7389,1.0,Immediate,275,48,0,6,12,3,1,0,0,0,1,3,4.0,4.0,5.0,4.0,4.25,58.0,1,0,1,0
Central Park Flower Valley,0.135,904.1676,2.0,Immediate,Sector-33 Sohna,15,4,3,0,0,0,0,1,0,1,1,4.0,4.0,4.5,4.0,4.25,461.0,0,1,0,0
independent,4.86,1453.1265,3.0,undefined,Sector 70A Gurgaon,14,0,6,4,0,0,0,0,0,0,0,5.0,4.0,4.0,4.0,4.25,67.0,0,0,0,1
independent,0.4349999999999999,1517.7098999999998,1.0,Immediate,Farrukh Nagar,14,0,13,0,0,0,0,0,0,1,0,4.0,4.0,4.5,4.0,4.25,123.0,0,0,0,0
independent,4.995,269.0975,2.0,Immediate,Plot No B22,5,0,3,0,0,0,0,0,0,1,1,4.0,4.0,4.0,4.0,4.0,1250.0,0,0,0,0
independent,2.7,17426.7541,1.0,Immediate,Mohammadpur village,50,3,35,1,0,0,0,0,0,1,2,4.0,4.0,4.5,4.0,4.25,132.0,0,0,0,0
Sadaa Maruti Kunj,0.945,1237.8485,3.0,undefined,Farukhnagar,6,2,0,0,0,1,0,0,0,0,1,4.0,4.0,4.0,4.0,4.0,71.0,1,0,0,0
independent,0.0525,92924.7487,4.0,Immediate,Sector-22 Sohna,32,4,3,4,1,0,0,0,0,1,1,4.0,4.0,4.5,4.0,4.25,281.0,0,0,0,0
independent,5.25,2368.058,1.0,Immediate,Sector 52 Gurgaon,44,4,5,10,0,0,0,0,1,1,2,4.0,5.0,5.0,4.0,4.5,289.0,0,0,0,0
independent,0.8699999999999999,1969.7937,1.0,Immediate,Bhondsi,0,0,0,0,0,0,0,0,0,1,0,4.0,4.0,4.0,4.0,4.0,482.0,0,0,0,0
independent,6.75,1614.585,3.0,Immediate,South City 2,45,4,10,7,0,1,0,0,0,1,0,5.0,5.0,5.0,4.0,4.75,52.0,1,0,1,0
independent,0.75,193.7502,1.0,undefined,Behrampur Village,41,0,12,7,0,0,0,0,0,0,0,4.0,4.0,4.5,4.0,4.25,73.0,0,0,0,0
BPTP Astaire Gardens3.7 ★,8.25,3153.8227,1.0,undefined,C 118,12,2,0,0,1,0,0,0,0,0,3,5.0,4.0,4.0,4.0,4.25,35.0,0,0,0,0
independent,8.25,3078.4754,1.0,Immediate,Sector 21 Gurgaon,35,2,2,9,0,0,0,0,1,1,0,5.0,4.0,5.0,4.5,4.625,142.0,0,0,0,0
independent,3.75,957.9871,1.0,undefined,Sector 36a,0,0,0,0,0,0,0,0,0,0,0,4.0,4.0,4.5,4.0,4.25,66.0,0,0,0,0
independent,1.62,721.1813,1.0,Immediate,Sadhrana Bamripur,0,0,0,0,0,0,0,0,0,1,0,4.0,4.0,4.5,4.0,4.25,43.0,0,0,0,0
independent,6.75,2368.058,1.0,Immediate,Sector 52 Gurgaon,44,4,5,10,0,0,0,0,0,1,2,4.0,5.0,5.0,4.0,4.5,144.0,0,0,1,1
sector 42 gurgaon,2.0250000000000004,452.0838,1.0,Immediate,huda sector 42 Gurgaon,50,3,35,1,0,0,1,0,0,1,2,4.0,4.0,4.5,4.0,4.25,134.0,0,0,1,0
Huda sector 1 pataudi,2.85,3498.2675,1.0,undefined,1858,0,0,0,0,0,0,0,0,0,0,0,4.0,4.0,4.5,4.0,4.25,66.0,0,0,0,0
independent,0.2249999999999999,1130.2095,1.0,Immediate,Pataudi,20,0,15,0,0,0,0,0,0,1,0,4.0,5.0,4.0,5.0,4.5,44.0,0,0,0,0
independent,0.8999999999999999,96.8751,1.0,undefined,Rajendra Park,0,0,0,0,0,0,0,0,0,0,0,4.0,4.0,4.0,4.0,4.0,39.0,0,0,1,0
Central Park Flower Valley Mikasa Plots,5.775,2249.6551,2.0,undefined,Sector-33 Sohna,7,1,1,0,1,1,0,0,0,0,2,4.0,4.0,4.5,4.0,4.25,95.0,1,0,1,0
BPTP Amstoria3.8 ★,5.565,2023.6132,1.0,Immediate,Sector 102 Gurgaon,11,2,1,0,0,0,0,0,0,1,2,4.0,4.5,4.0,4.0,4.125,40.0,0,0,0,0
ROF Insignia Park,3.345,182.9863,1.0,undefined,Sector 93,14,1,1,0,0,0,0,0,0,0,1,4.0,4.0,4.5,4.0,4.25,50.0,0,0,1,0
independent,9.0,2389.5858,1.0,Immediate,Sector 57 Gurgaon,45,5,10,6,0,0,0,0,0,1,2,4.0,4.0,4.0,4.0,4.0,95.0,0,0,0,0
independent,3.12,1442.3626,1.0,Immediate,Sector 9A Gurgaon,49,1,32,5,0,0,0,1,0,1,3,4.0,4.0,4.0,4.0,4.0,187.0,0,1,0,0
independent,0.195,96.8751,1.0,undefined,Garhi Harsaru,0,0,0,0,0,0,0,0,0,0,0,4.0,3.0,4.0,3.0,3.5,69.0,0,0,0,0
Sector 22 Gurugram,1.35,53.8195,1.0,Immediate,Sector 22B Gurgaon,50,3,35,1,0,0,0,0,0,1,2,4.0,4.0,4.0,4.5,4.125,280.0,0,0,0,0
independent,1.2000000000000002,86.1112,1.0,undefined,Ashok Vihar,49,3,26,5,0,0,0,0,0,0,4,4.0,4.0,5.0,4.0,4.25,67.0,0,0,0,0
Central Park Flower Valley,5.25,182.9863,1.0,undefined,Sohna,15,4,3,0,0,1,0,0,0,0,1,4.0,4.0,4.5,4.0,4.25,183.0,1,0,1,0
Om kunj society Gurgaon,0.0525,452.0838,1.0,undefined,Rajiv Chowk,48,0,37,0,0,0,0,0,0,0,1,3.5,4.0,4.0,4.0,3.875,185.0,0,0,0,0
Inderpuri,1.6800000000000002,12152.4431,1.0,undefined,Sector 12a,50,3,33,2,0,0,0,0,0,0,1,3.0,4.0,4.5,4.0,3.875,481.0,0,0,0,0
independent,0.8250000000000001,1915.9742,1.0,Immediate,Maruti Kunj,0,0,0,0,0,0,0,0,0,1,0,4.0,4.0,4.0,4.0,4.0,67.0,0,0,0,0
independent,5.295,1872.9186,1.0,Immediate,1082 E,44,4,5,10,0,0,0,0,0,1,2,4.0,5.0,5.0,4.0,4.5,68.0,0,0,1,0
independent,0.0525,452.0838,1.0,undefined,Subhash Nagar,50,3,36,2,0,0,0,0,0,0,1,3.5,4.5,5.0,4.0,4.25,146.0,0,0,0,0
Raheja Akshara,0.495,871.8759,2.0,Immediate,Sohna,8,2,1,0,0,0,0,0,0,1,0,4.0,4.0,5.0,4.0,4.25,91.0,0,0,0,0
independent,34.065,828.8203,2.0,undefined,Sushant Lok Phase 1,47,2,5,13,1,1,0,0,0,0,1,5.0,5.0,5.0,5.0,5.0,45.0,1,0,0,0
