property_type,society,price,price_per_sqft,area,bedRoom,bathroom,balcony,floorNum,facing,agePossession,builtup_area_sqft,carpet_area_sqft,Super_Built_up_area,has_super_builtup,has_builtup_area,has_carpet_area,locality,study room,servant room,store room,pooja room,others,luxury_score,environment,lifestyle,connectivity,safety,overall_rating,nearby_count,school_count,hospital_count,bank_count,metro_count,ready_to_move,corner_property,park_facing,freehold,rental_income,fully_furnished,newly_renovated
flat,maa bhagwati residency,0.45,5000.0,900.0,2,2,1,4.0,West,1 to 5 Year Old,894.0218049156085,899.9696789999999,944.0970219758872,0,0,1,Krishna Colony,0,0,0,0,0,5,5.0,5.0,5.0,5.0,5.0,50,1,19,5,0,1,0,0,0,0,0,0
flat,apna enclave,0.5,7692.0,650.0,2,2,1,1.0,West,10+ Year Old,688.068339079919,650.031921,709.3370995711226,0,0,1,Ashok Vihar,0,0,0,0,0,5,5.0,5.0,5.0,5.0,5.0,49,2,14,5,0,0,0,0,0,0,0,0
flat,tulsiani easy in homes,0.4,6722.0,595.0,2,2,3,12.0,Unknown,0 to 1 Year Old,642.7585765960673,595.0283919999999,657.6899166420744,0,0,1,Sohna,0,0,0,0,0,8,5.0,5.0,5.0,5.0,5.0,6,0,0,0,1,0,0,0,0,0,0,0
flat,parkwood westend,0.7,5204.0,1345.0,2,2,3,5.0,Unknown,Under Construction,1260.6189741031358,1164.6409752712311,1344.949305,1,0,0,Sector 92 Gurgaon,1,0,0,0,0,0,5.0,5.0,5.0,5.0,5.0,11,0,0,0,0,0,0,1,1,0,0,0
flat,signature global infinity mall,0.41,6269.0,654.0,2,2,3,3.0,Unknown,1 to 5 Year Old,654.014564,608.8902858339006,713.0932583295988,0,1,0,Sector 36 Gurgaon,0,0,0,0,0,0,5.0,5.0,5.0,5.0,5.0,0,0,0,0,0,0,0,0,0,0,0,0
flat,signature global city 81,0.96,9767.0,983.0,2,2,2,1.0,Unknown,Under Construction,962.3983555730576,1074.990693,1022.0373162142688,0,0,1,Sector 81 Gurgaon,0,0,0,0,0,8,5.0,5.0,5.0,5.0,5.0,7,1,0,0,0,0,0,0,0,0,0,0
flat,hcbs sports ville3.6 â˜…,0.29,5587.0,519.0,2,2,1,4.0,Unknown,1 to 5 Year Old,580.1487229820177,519.035258,586.3229002310261,0,0,1,Sohna,0,0,0,0,0,7,5.0,5.0,5.0,5.0,5.0,5,0,0,0,0,0,0,0,0,0,0,0
flat,godrej,0.95,6859.0,1385.0,2,2,3+,3.0,South-East,Under Construction,1293.5715286368463,1196.8117821851142,1384.9910129999998,1,0,0,Sector 33 Gurgaon,0,0,0,0,0,0,5.0,5.0,5.0,5.0,5.0,0,0,0,0,0,0,0,0,0,0,0,0
flat,shree vardhman flora3.8 â˜…,0.7,5384.0,1300.0,2,2,3,13.0,Unknown,0 to 1 Year Old,1223.547350252712,1128.4488174931128,1299.956203,1,0,0,Sector 90 Gurgaon,1,0,0,0,0,3,5.0,5.0,5.0,5.0,5.0,10,1,1,0,0,1,0,0,0,0,0,0
flat,senate court,0.9,14084.0,639.0,1,1,0,0.0,Unknown,1 to 5 Year Old,639.052743,596.8262332411945,699.007662985313,0,1,0,Sector 62 Gurgaon,0,0,0,0,0,0,5.0,5.0,5.0,5.0,5.0,43,1,5,8,0,0,0,1,0,0,0,0
flat,smart world gems,0.86,7796.0,1103.0,2,3,3,4.0,Unknown,Under Construction,1061.2560191741886,970.0075934422384,1102.976833,1,0,0,Sector 89 Gurgaon,0,0,0,0,0,0,5.0,5.0,5.0,5.0,5.0,14,1,1,0,1,0,0,0,1,0,0,0
flat,the serenas,0.42,7910.0,531.0,2,2,1,3.0,Unknown,1 to 5 Year Old,590.0344893421308,530.9831869999999,597.5913765064547,0,0,1,Sector 36 Gurgaon,0,0,0,0,0,0,5.0,5.0,5.0,5.0,5.0,0,0,0,0,0,0,0,0,0,0,0,0
flat,apex builders,0.42,5600.0,750.0,2,2,2,4.0,North,1 to 5 Year Old,770.4497254141949,750.028552,803.2410685330284,0,0,1,Sector 37C Gurgaon,0,0,0,0,0,7,5.0,5.0,5.0,5.0,5.0,32,0,15,0,0,0,0,1,0,0,0,0
flat,adani aangan arcade,0.45,7194.0,626.0,2,2,1,8.0,Unknown,0 to 1 Year Old,668.2968063596928,625.490229,686.8001470202653,0,0,1,Sector 88A Gurgaon,0,0,0,0,0,3,5.0,5.0,5.0,5.0,5.0,6,1,1,0,0,0,0,0,0,0,0,0
flat,sare green parc,0.85,6538.0,1300.0,3,2,2,20.0,Unknown,1 to 5 Year Old,1299.956203,1128.4488174931128,1319.71289782351,0,1,0,Sector 92 Gurgaon,0,0,0,0,0,0,5.0,5.0,5.0,5.0,5.0,50,1,5,8,2,0,0,0,0,0,0,0
flat,shree vardhman flora3.8 â˜…,0.75,5769.0,1300.0,2,2,3,8.0,North-East,1 to 5 Year Old,1223.547350252712,1299.956203,1319.71289782351,0,0,1,Sector 90 Gurgaon,0,0,0,0,0,0,5.0,5.0,5.0,5.0,5.0,10,1,1,0,0,0,0,0,0,0,0,0
flat,supertech hues,0.82,6950.0,1180.0,2,2,3+,21.0,Unknown,Under Construction,1124.6896866515808,1031.9363967514632,1180.046357,1,0,0,Sector 68 Gurgaon,0,0,0,0,1,14,5.0,5.0,5.0,5.0,5.0,25,0,6,7,0,0,0,0,1,0,0,0
flat,breez global hill view,0.2999,5403.0,555.0,2,2,2,6.0,North-East,0 to 1 Year Old,609.806022062357,555.0,654.983315,1,0,1,Sohna,0,0,0,0,0,18,5.0,5.0,5.0,5.0,5.0,15,1,1,1,0,0,0,0,0,0,0,0
flat,ild greens4.1 â˜…,0.78,5714.0,1365.0,2,2,3,1.0,North,5 to 10 Year Old,1068.1,900.0,1364.970159,1,1,1,Sector 37C Gurgaon,0,0,0,0,0,18,5.0,5.0,5.0,5.0,5.0,9,1,1,0,0,0,0,0,0,0,0,0
flat,ashiana mulberry,0.74,6200.0,1194.0,2,2,3+,12.0,North-West,0 to 1 Year Old,1136.2230807383794,1209.969999,1220.17469072389,0,0,1,Sohna,0,0,0,0,0,11,5.0,5.0,5.0,5.0,5.0,6,1,1,0,0,0,0,0,0,0,1,0
flat,pooja apartment,0.25,3571.0,700.0,2,2,2,2.0,East,1 to 5 Year Old,729.2590322470569,699.976417,756.2890840520755,0,0,1,Ashok Vihar Phase 3 Extension,0,0,0,0,0,0,5.0,5.0,5.0,5.0,5.0,47,1,10,5,0,0,0,1,0,0,0,0
flat,signature global park4.0 â˜…,0.95,7846.0,1211.0,3,2,3+,1.0,Unknown,1 to 5 Year Old,1210.723472,756.6,1236.138365447414,0,1,1,Sohna,0,0,0,0,0,8,5.0,5.0,5.0,5.0,5.0,8,1,1,0,1,0,0,1,0,0,0,0
flat,supertech araville,0.83,5424.0,1530.0,2,2,3,5.0,North-East,0 to 1 Year Old,1413.0245388215462,1529.9807459999995,1535.6920264358932,0,0,1,Sector 79 Gurgaon,1,0,0,0,0,8,5.0,5.0,5.0,5.0,5.0,4,0,0,0,0,0,0,0,0,0,1,0
flat,signature global park4.0 â˜…,0.83,7410.0,1120.0,3,2,2,1.0,Unknown,0 to 1 Year Old,1075.2608548510152,1119.983795,1150.6857536920795,0,0,1,Sohna,0,0,0,0,0,4,5.0,5.0,5.0,5.0,5.0,8,1,1,0,1,0,0,0,0,0,0,0
flat,maxworth city residences,0.8,6400.0,1250.0,2,3,2,9.0,Unknown,0 to 1 Year Old,1182.3566570855735,1250.011707,1272.7609133425572,0,0,1,Sector 10A Gurgaon,0,0,0,0,0,8,5.0,5.0,5.0,5.0,5.0,49,0,24,0,0,0,0,0,0,0,0,0
flat,shree shyam residency,0.23,5000.0,460.0,1,1,1,2.0,South,1 to 5 Year Old,531.5437050447949,460.049086,530.9195585435017,0,0,1,Block A Surya Vihar,0,0,0,0,0,2,5.0,5.0,5.0,5.0,5.0,49,1,15,5,0,0,0,1,0,0,0,0
flat,pivotal devaan,0.3,6666.0,450.0,1,1,1,14.0,Unknown,0 to 1 Year Old,523.3055664113674,450.038659,521.5291616473112,0,0,1,Sector 84 Gurgaon,0,0,0,0,0,3,5.0,5.0,5.0,5.0,5.0,15,4,2,1,0,0,0,0,0,0,0,0
flat,chd avenue 713.6 â˜…,0.79,6594.0,1198.0,2,2,2,8.0,South-East,1 to 5 Year Old,1139.5183361917504,1046.413259862711,1198.02207,1,0,0,Sector 71 Gurgaon,0,0,0,0,1,0,5.0,5.0,5.0,5.0,5.0,15,0,2,1,0,1,0,1,1,0,0,0
flat,"gokuldham society, bahadurgarh",0.5,5555.0,900.0,2,2,2,2.0,Unknown,5 to 10 Year Old,894.0218049156085,750.0,899.9696789999999,1,0,1,Sector-7 Housing Board,0,0,1,0,0,0,5.0,5.0,5.0,5.0,5.0,50,1,22,1,0,1,0,0,0,0,0,0
flat,sare crescent parc royal greens phase 1,0.95,5007.0,1897.0,4,5,3+,4.0,Unknown,5 to 10 Year Old,1715.3642266683387,1608.598110682818,1897.029736,1,0,0,Sector 92 Gurgaon,0,1,0,0,0,6,5.0,5.0,5.0,5.0,5.0,8,0,0,0,0,0,0,0,0,0,0,0
flat,umang winter hills3.9 â˜…,0.99,7857.0,1260.0,2,2,2,1.0,North,1 to 5 Year Old,1190.5947957190017,1000.0,1260.022134,1,0,1,Sector 77 Gurgaon,0,0,0,0,0,15,5.0,5.0,5.0,5.0,5.0,10,1,1,0,0,1,0,0,0,0,0,0
flat,ramsons kshitij3.7 â˜…,0.29,5178.0,560.0,2,2,2,14.0,Unknown,1 to 5 Year Old,613.9250913790708,533.2888895862752,560.045717,1,0,0,Sector 95 Gurgaon,0,0,0,0,0,9,5.0,5.0,5.0,5.0,5.0,3,0,0,0,0,0,0,0,0,0,0,0
flat,sidhartha ncr one,0.55,5556.0,990.0,2,2,3,15.0,North-East,1 to 5 Year Old,989.955883,950.0,1028.6105940416023,0,1,1,Sector 95 Gurgaon,0,0,0,0,0,0,5.0,5.0,5.0,5.0,5.0,0,0,0,0,0,0,0,1,0,0,0,0
flat,raheja sampada,0.65,4744.0,1370.0,3,2,3,6.0,North-East,1 to 5 Year Old,1281.214320686705,1184.7477295924082,1370.029192,1,0,0,Sector 92 Gurgaon,0,0,0,0,0,8,5.0,5.0,5.0,5.0,5.0,14,1,1,1,0,1,0,0,0,0,0,0
flat,signature the serenas,0.5,9406.0,532.0,2,2,2,6.0,Unknown,0 to 1 Year Old,590.8583032054735,531.521382,598.5304161960738,0,0,1,Sohna,0,0,0,0,0,6,5.0,5.0,5.0,5.0,5.0,7,1,1,0,0,1,0,0,0,0,0,0
flat,pareena laxmi apartments3.6 â˜…,0.3175,5521.0,575.0,2,2,1,2.0,Unknown,0 to 1 Year Old,626.2822993292122,570.17,575.007538,1,0,1,Sector 99A Gurgaon,0,0,0,0,0,9,5.0,5.0,5.0,5.0,5.0,15,2,1,2,0,1,0,1,0,0,0,0
flat,satya the hermitage3.5 â˜…,0.93,6404.0,1452.0,2,3,3,3.0,East,1 to 5 Year Old,1348.7670574808112,1452.05011,1462.446930645607,0,0,1,Sector 103 Gurgaon,0,1,0,0,0,15,5.0,5.0,5.0,5.0,5.0,15,1,1,0,2,0,1,0,0,0,0,0
flat,gls arawali homes3.8 â˜…,0.3,4687.0,640.0,2,2,2,4.0,Unknown,1 to 5 Year Old,679.8302004464914,640.021494,699.9467026749321,0,0,1,Sohna,0,0,0,0,0,8,5.0,5.0,5.0,5.0,5.0,6,0,0,0,0,0,0,0,0,0,0,0
flat,signature global park4.0 â˜…,0.56,6812.0,822.0,2,2,3,3.0,South,0 to 1 Year Old,829.7643235748734,822.039043,870.8519261856005,0,0,1,Sohna,0,0,0,0,0,20,5.0,5.0,5.0,5.0,5.0,8,1,1,0,1,0,0,1,0,0,0,0
flat,anamika enclave,0.64,6500.0,985.0,2,2,1,1.0,Unknown,0 to 1 Year Old,964.0459832997428,875.1037130462832,999.96631,1,0,0,Sector 15 Part 1,0,0,0,0,0,0,5.0,5.0,5.0,5.0,5.0,49,3,15,5,0,0,0,0,0,0,0,0
flat,hcbs sports ville3.6 â˜…,0.28,3768.0,743.0,2,2,1,11.0,East,1 to 5 Year Old,743.032017,643.0,796.667790705695,0,1,1,Sohna,0,0,0,0,0,6,5.0,5.0,5.0,5.0,5.0,5,0,0,0,0,1,0,0,0,0,0,0
flat,huda ashok vihar phase 13.9 â˜…,0.43,6615.0,650.0,2,2,1,2.0,Unknown,1 to 5 Year Old,688.068339079919,650.031921,709.3370995711226,0,0,1,Laxman Vihar,0,0,0,0,0,2,5.0,5.0,5.0,5.0,5.0,49,1,13,5,0,0,0,0,0,0,0,0
flat,my home,0.285,3166.0,900.0,2,1,1,2.0,Unknown,1 to 5 Year Old,894.0218049156085,899.9696789999999,944.0970219758872,0,0,1,New Palam Vihar,0,0,0,0,1,2,5.0,5.0,5.0,5.0,5.0,32,1,6,1,1,0,0,1,0,0,0,0
flat,signature global park4.0 â˜…,0.9,8035.0,1120.0,3,2,2,2.0,South,Under Construction,1075.2608548510152,983.6801863806388,1119.983795,1,0,0,Sohna,0,0,0,0,0,24,5.0,5.0,5.0,5.0,5.0,8,1,1,0,1,0,0,1,1,0,0,0
flat,signature global park4.0 â˜…,0.9,8036.0,1120.0,3,2,0,2.0,Unknown,Under Construction,1119.983795,983.6801863806388,1150.6857536920795,0,1,0,Sohna,0,0,0,0,0,0,5.0,5.0,5.0,5.0,5.0,8,1,1,0,1,0,0,0,0,0,0,0
flat,supertech hues,0.93,8611.0,1080.0,2,2,2,11.0,Unknown,1 to 5 Year Old,1042.308300317305,1080.049726,1113.1241661073173,0,0,1,Sector 68 Gurgaon,0,0,0,0,0,0,5.0,5.0,5.0,5.0,5.0,0,0,0,0,0,0,0,0,0,0,0,0
flat,hcbs sports ville3.6 â˜…,0.24,7407.0,324.0,1,1,2,1.0,North,0 to 1 Year Old,419.5050196301799,323.99339,403.21016075530986,0,0,1,Sohna,0,0,0,0,0,12,5.0,5.0,5.0,5.0,5.0,5,0,0,0,0,1,1,0,0,0,0,0
flat,ramsons kshitij3.7 â˜…,0.315,4500.0,700.0,2,2,1,8.0,Unknown,1 to 5 Year Old,729.2590322470569,443.32,699.976417,1,0,1,Sector 95 Gurgaon,0,0,0,0,1,5,5.0,5.0,5.0,5.0,5.0,3,0,0,0,0,0,0,0,0,0,1,0
flat,pareena laxmi apartments3.6 â˜…,0.32,6106.0,524.0,2,2,2,2.0,Unknown,0 to 1 Year Old,584.2677922987315,424.8,523.9866519999999,1,0,1,Sector 99A Gurgaon,0,0,0,0,0,9,5.0,5.0,5.0,5.0,5.0,15,2,1,2,0,1,0,1,0,0,0,0
flat,pyramid elite,0.45,7739.0,581.0,2,2,1,4.0,Unknown,Under Construction,631.2251825092687,581.3582389999999,644.5433609874077,0,0,1,Sector 86 Gurgaon,0,0,0,0,0,13,5.0,5.0,5.0,5.0,5.0,8,1,1,0,0,0,0,1,0,0,0,0
flat,not applicable,0.42,5600.0,750.0,2,2,1,3.0,Unknown,1 to 5 Year Old,770.4497254141949,750.028552,803.2410685330284,0,0,1,Laxman Vihar,0,0,0,0,0,6,5.0,5.0,5.0,5.0,5.0,49,1,14,5,0,0,0,0,0,0,0,0
flat,czar mahira homes 63a,0.42,7407.0,567.0,3,2,2,1.0,Unknown,1 to 5 Year Old,619.6917884224702,567.042252,631.3968053327409,0,0,1,Sector 63A Gurgaon,0,0,0,0,0,0,5.0,5.0,5.0,5.0,5.0,8,1,1,0,2,0,0,0,0,0,0,0
flat,breez global heights4.2 â˜…,0.4,6420.0,623.0,2,2,1,4.0,North-East,0 to 1 Year Old,665.8253647696645,599.0,623.014532,1,0,1,Sohna,0,0,0,0,0,8,5.0,5.0,5.0,5.0,5.0,10,1,1,0,0,0,0,0,0,0,0,0
flat,trisara our homes 3,0.34,5405.0,629.0,2,2,1,0.0,Unknown,0 to 1 Year Old,670.7682479497211,629.0423159999999,689.6172660891224,0,0,1,Sohna,0,0,0,0,0,0,5.0,5.0,5.0,5.0,5.0,13,1,1,1,1,0,0,0,0,0,0,0
flat,godrej summit premia towers,0.9,7149.0,1259.0,2,2,0,16.0,Unknown,1 to 5 Year Old,1258.945744,1095.4737404063826,1281.2122705491288,0,1,0,Sector 104 Gurgaon,0,0,0,0,0,0,5.0,5.0,5.0,5.0,5.0,47,1,12,5,0,0,0,0,0,0,0,0
flat,m3m one key resiments,0.8,13115.0,610.0,1,1,0,0.0,Unknown,1 to 5 Year Old,609.990213,573.5023982286291,671.7755119863604,0,1,0,Sector 67 Gurgaon,0,0,0,0,0,0,5.0,5.0,5.0,5.0,5.0,7,1,1,0,0,0,0,0,0,0,0,0
flat,mvn athens3.7 â˜…,0.26,5397.0,482.0,2,2,1,2.0,Unknown,1 to 5 Year Old,549.6676100383356,481.792164,551.5784317151209,0,0,1,Sohna,0,0,0,0,0,5,5.0,5.0,5.0,5.0,5.0,10,0,0,5,0,0,0,0,0,0,0,0
flat,signature the serenas,0.42,7909.0,531.0,2,2,1,12.0,Unknown,0 to 1 Year Old,590.0344893421308,530.9831869999999,597.5913765064547,0,0,1,Sohna,0,0,0,0,0,10,5.0,5.0,5.0,5.0,5.0,7,1,1,0,0,0,0,0,0,1,0,0
flat,umang monsoon breeze,0.9,4615.0,1950.0,3,3,2,1.0,Unknown,5 to 10 Year Old,1900.0,1854.0,1949.988124,1,1,1,Sector 78 Gurgaon,0,1,0,1,0,12,5.0,5.0,5.0,5.0,5.0,7,0,0,1,1,0,0,0,0,0,0,0
flat,gls avenue 51,0.42,7106.0,591.0,2,2,1,4.0,East,1 to 5 Year Old,639.4633211426963,591.0457489999999,653.9337578835982,0,0,1,Sector 92 Gurgaon,1,0,0,1,0,7,5.0,5.0,5.0,5.0,5.0,4,0,1,0,0,0,0,0,0,0,0,0
flat,signature global solera3.7 â˜…,0.5,7692.0,650.0,2,2,1,11.0,Unknown,1 to 5 Year Old,688.068339079919,605.6732051425123,546.052647,1,0,0,Sector 107 Gurgaon,0,0,0,0,0,0,5.0,5.0,5.0,5.0,5.0,11,0,1,0,0,0,0,0,1,0,0,0
flat,supertech araville,0.9,5883.0,1530.0,2,2,3,5.0,Unknown,1 to 5 Year Old,1450.0,1400.0,1529.9807459999995,1,1,1,Sector 79 Gurgaon,1,0,0,0,0,9,5.0,5.0,5.0,5.0,5.0,4,0,0,0,0,0,0,1,0,0,0,0
flat,shyam sadan,0.55,6470.0,850.0,2,2,1,4.0,West,1 to 5 Year Old,852.8311117484707,699.976417,897.1450374949342,0,0,1,Ashok Vihar Phase 2,1,0,0,0,0,12,5.0,5.0,5.0,5.0,5.0,49,1,12,5,0,0,0,0,0,0,0,0
flat,hanumanta apartment,0.43,5308.0,810.0,2,2,1,1.0,Unknown,5 to 10 Year Old,819.8785572147603,734.3564327980447,809.983475,1,0,0,Rajiv Colony,0,0,0,0,0,1,5.0,5.0,5.0,5.0,5.0,48,0,24,0,0,0,0,0,0,0,0,0
flat,supertech hilltown,0.8,5556.0,1440.0,3,2,3,8.0,Unknown,1 to 5 Year Old,1439.994542,1080.0,1451.178454370178,0,1,1,Sector 2 Gurgaon,0,0,0,0,0,0,5.0,5.0,5.0,5.0,5.0,0,0,0,0,0,0,0,0,0,0,0,0
flat,ashiyara 2,0.45,4500.0,1000.0,3,3,2,18.0,Unknown,Under Construction,976.4031912498843,887.1677656389894,999.96631,1,0,0,Garauli Kalan,0,0,0,0,0,0,5.0,5.0,5.0,5.0,5.0,15,0,7,0,0,0,0,0,0,0,0,0
flat,raheja vedaanta3.6 â˜…,0.7,4666.0,1500.0,2,2,1,10.0,West,5 to 10 Year Old,1467.980682,1150.0,1507.5208357473216,0,1,1,Sector 108 Gurgaon,0,0,0,0,0,0,5.0,5.0,5.0,5.0,5.0,0,0,0,0,0,0,0,0,0,0,0,0
flat,green court3.7 â˜…,0.45,7188.0,626.0,2,2,1,2.0,Unknown,0 to 1 Year Old,668.2968063596928,626.028424,686.8001470202653,0,0,1,Sector 90 Gurgaon,0,0,0,0,0,7,5.0,5.0,5.0,5.0,5.0,15,3,2,2,0,0,0,0,0,0,0,0
flat,pyramid urban homes 2,0.5,9615.0,520.0,2,2,1,10.0,Unknown,1 to 5 Year Old,580.9725368453604,520.004009,587.2619399206451,0,0,1,Sector 86 Gurgaon,0,0,0,0,0,3,5.0,5.0,5.0,5.0,5.0,10,1,0,0,0,0,0,0,0,0,0,0
flat,ashiana anmol3.5 â˜…,0.9,9463.0,951.0,2,2,2,13.0,South,1 to 5 Year Old,936.0363119460892,951.0,1274.983955,1,0,1,Sohna,0,0,0,0,0,23,5.0,5.0,5.0,5.0,5.0,13,1,1,0,0,0,0,0,0,0,0,0
flat,signature signum 95a,0.4,7782.0,514.0,2,2,2,3.0,East,0 to 1 Year Old,576.0296536653038,513.976225,581.6277017829308,0,0,1,Sector 95A Gurgaon,0,0,0,0,0,7,5.0,5.0,5.0,5.0,5.0,0,0,0,0,0,0,0,0,0,0,0,0
flat,rof ananda,0.25,6578.0,380.0,1,1,1,4.0,Unknown,0 to 1 Year Old,465.6385959773743,388.5202584738013,379.96566999999993,1,0,0,Sector 95 Gurgaon,0,0,0,0,0,0,5.0,5.0,5.0,5.0,5.0,15,0,0,0,1,0,0,0,1,0,0,0
flat,smart world gems,0.88,7963.0,1105.0,2,2,3,2.0,Unknown,Under Construction,1062.9036469008738,1105.021974,1136.600158347794,0,0,1,Sector 89 Gurgaon,1,0,0,0,0,7,5.0,5.0,5.0,5.0,5.0,14,1,1,0,1,0,0,0,0,0,0,0
flat,raheja vanya,0.85,6789.0,1252.0,2,2,2,3.0,West,Under Construction,1184.0042848122594,1089.843849196453,1251.949209,1,0,0,Sector 99A Gurgaon,0,0,0,0,0,9,5.0,5.0,5.0,5.0,5.0,13,1,1,0,0,0,0,0,0,0,0,0
flat,vatika inxt floors,0.75,7500.0,1000.0,2,2,2,1.0,Unknown,1 to 5 Year Old,999.96631,650.0,1038.0009909377927,0,1,1,Sector 82A Gurgaon,0,0,0,0,0,0,5.0,5.0,5.0,5.0,5.0,6,1,0,0,0,0,0,0,0,0,0,0
flat,supertech hues,0.9,7627.0,1180.0,2,2,2,1.0,East,0 to 1 Year Old,1124.6896866515808,1180.046357,1207.0281350692233,0,0,1,Sector 68 Gurgaon,0,0,0,0,0,7,5.0,5.0,5.0,5.0,5.0,25,0,6,7,0,0,0,0,0,0,0,0
flat,shree shyam residency,0.22,4731.0,465.0,1,1,1,2.0,East,1 to 5 Year Old,535.6627743615088,465.0,585.017965,1,0,1,Block A Surya Vihar,0,0,0,0,0,0,5.0,5.0,5.0,5.0,5.0,49,1,16,5,0,0,0,0,0,0,0,0
flat,project krishna colony,0.36,5142.0,700.0,2,2,1,0.0,Unknown,1 to 5 Year Old,699.976417,645.8867137848662,756.2890840520755,0,1,0,Sector 7 Gurgaon,0,0,0,0,0,0,5.0,5.0,5.0,5.0,5.0,50,1,22,5,0,0,0,0,0,0,0,0
flat,mvn athens3.7 â˜…,0.25,4258.0,587.0,2,2,1,0.0,Unknown,1 to 5 Year Old,586.955467,555.0041842531464,650.177599125122,0,1,0,Sohna,0,0,0,0,0,7,5.0,5.0,5.0,5.0,5.0,10,0,0,5,0,0,0,1,0,0,0,0
flat,ansal heights3.2 â˜…,0.6,4546.0,1320.0,2,2,3,11.0,Unknown,Under Construction,1240.023627519567,1144.5342209500543,1319.9770569999998,1,0,0,Sector 92 Gurgaon,0,0,0,0,1,5,5.0,5.0,5.0,5.0,5.0,5,0,0,0,0,0,0,0,0,0,0,0
flat,hcbs sports ville3.6 â˜…,0.295,3970.0,743.0,2,2,1,4.0,Unknown,1 to 5 Year Old,743.032017,519.0,796.667790705695,0,1,1,Sohna,0,0,0,0,0,0,5.0,5.0,5.0,5.0,5.0,5,0,0,0,0,0,0,0,0,0,0,0
flat,hcbs sports ville3.6 â˜…,0.38,5067.0,750.0,2,2,2,9.0,East,1 to 5 Year Old,750.028552,650.0,803.2410685330284,0,1,1,Sohna,0,0,0,0,0,0,5.0,5.0,5.0,5.0,5.0,5,0,0,0,0,0,0,0,0,0,0,0
flat,housing apna enclave3.7 â˜…,0.39,4105.0,950.0,2,2,1,1.0,North-East,1 to 5 Year Old,950.021814,750.0,991.04900645684,0,1,1,Sector 4 Gurgaon,0,0,0,0,0,0,5.0,5.0,5.0,5.0,5.0,49,2,14,5,0,0,0,0,0,0,0,0
flat,lotus homz4.0 â˜…,0.6,8450.0,710.0,2,2,3,9.0,East,0 to 1 Year Old,737.4971708804845,709.9868439999999,765.6794809482661,0,0,1,Sector 111 Gurgaon,0,0,0,0,0,9,5.0,5.0,5.0,5.0,5.0,15,3,2,2,1,0,0,1,0,0,0,0
flat,ramson kshitij sec-95 gurugram,0.27,2700.0,1000.0,2,2,0,1.0,West,1 to 5 Year Old,976.4031912498843,550.0,999.96631,1,0,1,Sector 95 Gurgaon,0,0,0,0,0,0,5.0,5.0,5.0,5.0,5.0,4,0,0,0,0,0,0,0,0,0,0,0
flat,maruti vihar colony,0.95,8886.0,1069.0,2,1,1,1.0,Unknown,10+ Year Old,1033.2463478205343,1068.962909,1102.7947295215076,0,0,1,Chakkarpur,0,0,0,0,0,10,5.0,5.0,5.0,5.0,5.0,49,0,3,12,6,1,0,0,0,0,0,0
flat,supertech basera,0.36,7643.0,471.0,2,2,1,4.0,Unknown,Under Construction,546.052647,471.0,541.2489951293113,0,1,1,Sector 79 Gurgaon,0,0,0,0,0,12,5.0,5.0,5.0,5.0,5.0,4,0,0,0,0,0,0,0,0,0,0,0
flat,signature global the millennia,0.55,9166.0,600.0,2,2,3,3.0,Unknown,0 to 1 Year Old,646.8776459127811,565.4596965001583,599.979786,1,0,0,Sector 37D Gurgaon,0,0,0,0,0,0,5.0,5.0,5.0,5.0,5.0,15,0,2,0,0,0,0,0,0,0,0,0
flat,raheja vanya,0.59,3975.0,1484.0,2,2,3,1.0,East,Under Construction,1375.1291011077792,1276.434529296975,1252.164487,1,0,0,Sector 99A Gurgaon,0,0,0,0,1,17,5.0,5.0,5.0,5.0,5.0,13,1,1,0,0,0,1,1,1,0,0,0
flat,"ganpati apartment  2, laxman vihar phase 1",0.45,4705.0,956.0,2,2,1,0.0,East,1 to 5 Year Old,940.155381262803,850.025183,996.6832445945544,0,0,1,Laxman Vihar,0,0,0,0,0,7,5.0,5.0,5.0,5.0,5.0,49,1,12,5,0,0,0,1,0,0,0,0
flat,ramprastha the atrium3.4 â˜…,0.9,6225.0,1446.0,3,3,2,13.0,South-East,1 to 5 Year Old,1185.0,975.0,1284.994382,1,1,1,Sector 37D Gurgaon,0,0,0,0,0,6,5.0,5.0,5.0,5.0,5.0,4,1,0,0,0,0,0,0,0,0,1,0
flat,eldeco accolade3.8 â˜…,0.95,6542.0,1452.0,2,2,3+,6.0,East,0 to 1 Year Old,1348.7670574808112,849.0,1452.05011,1,0,1,Sohna,1,0,0,0,0,0,5.0,5.0,5.0,5.0,5.0,7,1,1,0,0,1,0,0,0,0,0,0
flat,allure homes,0.72,7272.0,990.0,2,2,1,2.0,Unknown,1 to 5 Year Old,968.1650526164568,989.955883,1028.6105940416023,0,0,1,Sector 12 Gurgaon,0,0,0,0,1,3,5.0,5.0,5.0,5.0,5.0,15,0,2,0,0,0,0,0,0,0,0,0
flat,zara aavaas,0.4,7036.0,569.0,2,2,1,4.0,North,1 to 5 Year Old,621.3394161491556,540.5273211418989,568.441559,1,0,0,Sector 104 Gurgaon,0,0,0,0,0,8,5.0,5.0,5.0,5.0,5.0,10,1,1,0,0,0,0,1,0,0,0,0
flat,sidhartha ncr one phase 14.2 â˜…,0.56,4105.0,1364.0,2,2,2,10.0,Unknown,1 to 5 Year Old,1276.2714375066485,1179.9221085553256,1364.001408,1,0,0,Sector 95 Gurgaon,0,0,0,0,0,10,5.0,5.0,5.0,5.0,5.0,4,0,0,0,0,0,0,0,0,0,0,0
flat,ramprastha the edge towers3.5 â˜…,0.71,5420.0,1310.0,2,2,3,10.0,South-East,0 to 1 Year Old,1100.0,1000.0,1309.96663,1,1,1,Sector 37D Gurgaon,0,0,0,0,1,7,5.0,5.0,5.0,5.0,5.0,15,3,1,3,0,0,0,0,1,0,0,0
flat,supertech araville,0.78,6024.0,1295.0,2,2,3+,0.0,Unknown,0 to 1 Year Old,1219.428280935998,1124.4274666288773,1295.004809,1,0,0,Sector 79 Gurgaon,0,0,0,0,1,13,5.0,5.0,5.0,5.0,5.0,4,0,0,0,0,1,0,1,0,0,0,0
flat,imperia aashiyara,0.4,5882.0,680.0,2,2,3,3.0,Unknown,Under Construction,712.7827549802017,679.955563,737.5082902596944,0,0,1,Sector 37C Gurgaon,0,0,0,0,0,24,5.0,5.0,5.0,5.0,5.0,12,1,1,0,0,0,0,1,0,0,0,0
flat,sare homes,0.6,5000.0,1200.0,3,2,3,4.0,Unknown,5 to 10 Year Old,1141.165963918436,1199.959572,1225.8089288616045,0,0,1,Sector 92 Gurgaon,0,0,0,0,0,8,5.0,5.0,5.0,5.0,5.0,8,0,0,0,0,0,0,0,0,1,0,0
flat,greenopolis,0.8,4820.0,1660.0,2,3,3,8.0,Unknown,Under Construction,1520.1203410561047,1417.9860797180606,1660.008658,1,0,0,Sector 89 Gurgaon,1,0,0,0,1,10,5.0,5.0,5.0,5.0,5.0,7,0,0,0,0,0,0,0,0,0,0,0
flat,pivotal devaan,0.41,7032.0,583.0,2,2,2,10.0,East,0 to 1 Year Old,565.0,483.0,582.972824,1,1,1,Sector 84 Gurgaon,0,0,0,0,0,4,5.0,5.0,5.0,5.0,5.0,15,4,2,1,0,0,0,0,0,0,0,0
flat,today callidora,0.9,5548.0,1622.0,3,3,3,3.0,East,Under Construction,1622.0120909999998,1387.4238131498716,1622.0836778808466,0,1,0,Sector 73 Gurgaon,0,1,0,0,0,11,5.0,5.0,5.0,5.0,5.0,44,0,5,5,0,0,0,1,1,0,0,0
flat,"m m residency, krishna colony, gurgaon",0.54,5888.0,917.0,2,2,1,3.0,East,1 to 5 Year Old,908.0266405924356,899.9696789999999,960.060696699411,0,0,1,Krishna Colony,0,0,0,0,0,9,5.0,5.0,5.0,5.0,5.0,50,1,19,5,0,0,0,0,0,0,0,0
flat,signature global park 4,0.82,7585.0,1081.0,3,2,2,2.0,Unknown,0 to 1 Year Old,1043.132114180648,650.0,1081.018477,1,0,1,Sector 36 Sohna,0,0,0,0,0,2,5.0,5.0,5.0,5.0,5.0,12,2,1,0,1,0,0,0,0,0,0,0
flat,signature global the millennia,0.55,9166.0,600.0,2,2,3,3.0,Unknown,0 to 1 Year Old,610.0,600.0,850.025183,1,1,1,Sector 37D Gurgaon,0,0,0,0,0,14,5.0,5.0,5.0,5.0,5.0,15,0,2,0,0,0,0,1,0,0,0,0
flat,shapoorji pallonji joyville gurugram4.0 â˜…,0.97,10601.0,915.0,2,2,2,12.0,Unknown,Under Construction,906.37901286575,600.0,915.039139,1,0,1,Sector 102 Gurgaon,0,0,0,0,0,9,5.0,5.0,5.0,5.0,5.0,13,1,1,0,0,0,0,0,0,0,0,0
flat,shyamkunj ashok vihar pahse 2,0.3,4444.0,675.0,2,2,1,1.0,East,1 to 5 Year Old,708.663685663488,675.0041689999999,732.8130918115991,0,0,1,Ashok Vihar Phase 2,0,0,0,0,0,3,5.0,5.0,5.0,5.0,5.0,49,1,12,5,0,0,0,0,0,0,0,0
flat,mapsko paradise3.9 â˜…,0.95,6300.0,1508.0,3,3,3,1.0,Unknown,5 to 10 Year Old,1394.9006338280055,1339.997911,1515.033153264274,0,0,1,Sector 83 Gurgaon,0,0,0,0,0,0,5.0,5.0,5.0,5.0,5.0,15,4,0,3,0,0,0,0,1,0,0,0
flat,mrg world ultimus,0.5,6983.0,716.0,2,2,2,1.0,North-East,Under Construction,742.440054060541,716.0146279999999,771.3137190859804,0,0,1,Sector 90 Gurgaon,0,0,0,0,0,4,5.0,5.0,5.0,5.0,5.0,9,1,1,0,1,0,0,0,0,0,0,0
flat,hsiidc sidco aravali,0.9,3648.0,2467.0,4,4,3,7.0,Unknown,5 to 10 Year Old,2184.9381287737106,2067.032109205652,2466.978241,1,0,0,Sector 1 Imt Manesar,0,0,0,0,0,0,5.0,5.0,5.0,5.0,5.0,12,0,2,0,0,0,0,0,1,0,0,0
flat,assotech blith,0.92,6739.0,1365.0,2,2,3+,22.0,Unknown,Under Construction,1277.0952513699913,1180.726378728173,1364.970159,1,0,0,Sector 99 Gurgaon,0,0,0,0,0,8,5.0,5.0,5.0,5.0,5.0,11,1,1,0,1,0,0,0,0,0,0,0
flat,sare crescent parc3.5 â˜…,0.7,5556.0,1260.0,3,3,2,14.0,Unknown,Under Construction,1260.022134,1096.2780105792294,1282.1513102387478,0,1,0,Sector 92 Gurgaon,0,0,0,0,0,7,5.0,5.0,5.0,5.0,5.0,8,0,0,0,0,0,0,1,1,0,0,0
flat,unitech vistas,0.99,6325.0,1565.0,3,4,2,11.0,Unknown,Under Construction,1441.858024038543,1341.5804132975882,1564.9634209999997,1,0,0,Sector 70 Gurgaon,0,0,0,0,0,0,5.0,5.0,5.0,5.0,5.0,4,1,0,0,0,0,0,0,1,0,0,0
flat,supertech araville,0.715,6061.0,1180.0,2,2,3+,17.0,North,0 to 1 Year Old,1124.6896866515808,1250.0,1295.004809,1,0,1,Sector 79 Gurgaon,0,0,0,0,1,9,5.0,5.0,5.0,5.0,5.0,4,0,0,0,0,0,0,1,0,0,0,0
flat,ansal housing highland park,0.875,6429.0,1361.0,2,2,3,3.0,Unknown,0 to 1 Year Old,1273.79999591662,1177.5092980367845,1360.987516,1,0,0,Sector 103 Gurgaon,0,0,0,0,0,9,5.0,5.0,5.0,5.0,5.0,18,0,6,4,0,0,0,0,0,0,0,0
flat,tulip white3.5 â˜…,0.91,6862.0,1326.0,3,2,2,12.0,Unknown,5 to 10 Year Old,1244.9665106996235,1326.004841,1344.1279297536057,0,0,1,Sector 69 Gurgaon,0,0,0,0,0,8,5.0,5.0,5.0,5.0,5.0,43,0,7,11,0,0,0,0,0,0,0,0
flat,ild grand,0.66,5038.0,1310.0,2,2,3+,14.0,Unknown,1 to 5 Year Old,1309.96663,1136.4915192215835,1329.103294719701,0,1,0,Sector 37C Gurgaon,0,0,0,0,0,0,5.0,5.0,5.0,5.0,5.0,6,1,1,0,0,0,0,0,0,0,0,0
flat,unitech vistas,0.5256000000000001,4800.0,1095.0,2,2,2,9.0,Unknown,Under Construction,1054.6655082674465,963.5734320594618,1095.011547,1,0,0,Sector 70 Gurgaon,0,0,0,0,1,4,5.0,5.0,5.0,5.0,5.0,4,1,0,0,0,0,1,0,1,0,0,0
flat,ramprastha the edge towers3.5 â˜…,0.8,5797.0,1380.0,2,2,3,2.0,North-East,1 to 5 Year Old,1300.0,1200.0,1380.039619,1,1,1,Sector 37D Gurgaon,0,0,0,0,0,14,5.0,5.0,5.0,5.0,5.0,15,3,1,3,0,0,0,0,0,0,0,0
flat,sapphire eighty three,0.65,9286.0,700.0,1,1,0,6.0,Unknown,1 to 5 Year Old,699.976417,645.8867137848662,756.2890840520755,0,1,0,Sector 83 Gurgaon,0,0,0,0,0,0,5.0,5.0,5.0,5.0,5.0,11,0,1,0,0,0,0,0,0,0,0,0
flat,sare crescent parc3.5 â˜…,0.82,5384.0,1523.0,3,3,3+,12.0,West,1 to 5 Year Old,1522.984211,1307.801066038011,1529.1187486085598,0,1,0,Sector 92 Gurgaon,0,0,0,0,0,0,5.0,5.0,5.0,5.0,5.0,0,0,0,0,0,0,0,0,0,0,0,0
flat,baani city center,0.88,10945.0,804.0,1,1,2,4.0,Unknown,1 to 5 Year Old,803.9556909999999,600.0,853.9492117724575,0,1,1,Sector 63 Gurgaon,0,0,0,0,0,0,5.0,5.0,5.0,5.0,5.0,10,0,1,2,0,0,0,0,0,0,0,0
flat,global hill view,0.3,4599.0,652.0,2,2,2,16.0,South-East,1 to 5 Year Old,689.7159668066046,761.00773,711.2151789503607,0,0,1,Sector-11 sohna,0,0,0,0,0,0,5.0,5.0,5.0,5.0,5.0,0,0,0,0,0,0,0,1,0,0,0,0
flat,signature global park4.0 â˜…,0.54,7248.0,745.0,2,1,3,1.0,Unknown,Under Construction,766.330656097481,744.9695189999999,798.5458700849331,0,0,1,Sohna,0,0,0,0,0,11,5.0,5.0,5.0,5.0,5.0,8,1,1,0,1,0,0,1,0,0,0,0
flat,landmark the residency,0.9,6666.0,1350.0,2,2,2,1.0,South-West,1 to 5 Year Old,1264.73804341985,1168.6623261354666,1350.008338,1,0,0,Sector 103 Gurgaon,0,0,0,0,0,7,5.0,5.0,5.0,5.0,5.0,17,0,6,4,0,0,0,0,0,0,0,0
flat,signature global park4.0 â˜…,0.54,7248.0,745.0,2,1,3,1.0,Unknown,Under Construction,766.330656097481,744.9695189999999,798.5458700849331,0,0,1,Sohna,0,0,0,0,0,11,5.0,5.0,5.0,5.0,5.0,8,1,1,0,1,0,0,1,0,0,0,0
flat,landmark the residency,0.9,6666.0,1350.0,2,2,2,1.0,South-West,1 to 5 Year Old,1264.73804341985,1168.6623261354666,1350.008338,1,0,0,Sector 103 Gurgaon,0,0,0,0,0,7,5.0,5.0,5.0,5.0,5.0,17,0,6,4,0,0,0,0,0,0,0,0
flat,mvn athens3.7 â˜…,0.27,5897.0,458.0,2,2,1,4.0,South-East,1 to 5 Year Old,529.8960773181094,457.788667,529.0414791642636,0,0,1,Sohna,0,0,0,0,1,6,5.0,5.0,5.0,5.0,5.0,10,0,0,5,0,0,0,0,0,0,0,0
flat,raheja navodaya3.6 â˜…,0.85,4271.0,1990.0,3,3,3,2.0,North-West,1 to 5 Year Old,1791.978915959215,1683.3952367575962,1990.029832,1,0,0,Sector 92 Gurgaon,0,0,0,0,0,16,5.0,5.0,5.0,5.0,5.0,11,1,1,2,0,1,0,1,0,0,0,0
flat,m3m urbana,0.95,10895.0,872.0,1,1,1,17.0,South-West,1 to 5 Year Old,826.0216859999999,784.2211835145634,917.8039106665534,0,1,0,Sector 67 Gurgaon,0,0,0,0,0,8,5.0,5.0,5.0,5.0,5.0,23,0,6,7,0,0,0,0,0,0,0,0
flat,experion the heartsong3.9 â˜…,0.87,11845.0,734.0,2,3,3,2.0,South-West,1 to 5 Year Old,978.23,734.43,1282.949241,1,1,1,Sector 108 Gurgaon,0,1,0,0,0,20,5.0,5.0,5.0,5.0,5.0,9,1,1,0,0,0,0,0,0,0,0,0
flat,signature global city 92,0.78,8047.0,969.0,2,2,2,2.0,Unknown,Under Construction,950.8649614862588,862.23539028073,1196.94568,1,0,0,Sector 92 Gurgaon,0,0,0,0,0,8,5.0,5.0,5.0,5.0,5.0,10,1,1,0,0,0,0,1,0,0,0,0
flat,the khushboo cooperative housing society ltd3.9 â˜…,0.88,4888.0,1800.0,3,3,2,2.0,North-West,10+ Year Old,1635.454281924091,1123.0,1800.046997,1,0,1,Sector 9A Gurgaon,0,0,0,0,0,5,5.0,5.0,5.0,5.0,5.0,46,1,4,9,2,0,1,1,0,0,0,0
flat,raheja vedaanta3.6 â˜…,0.7,4651.0,1505.0,2,2,2,12.0,South,5 to 10 Year Old,1392.429192237977,1293.3242029267635,1505.008498,1,0,0,Sector 108 Gurgaon,0,0,0,0,0,13,5.0,5.0,5.0,5.0,5.0,0,0,0,0,0,0,0,0,0,0,0,0
flat,bestech park view residency3.9 â˜…,0.95,6709.0,1416.0,2,2,3,10.0,North-East,10+ Year Old,1319.109758400472,1415.991045,1428.6415018193206,0,0,1,Palam Vihar,0,0,0,0,0,16,5.0,5.0,5.0,5.0,5.0,10,1,1,0,1,1,0,1,0,0,0,0
flat,orris carnation residency3.7 â˜…,0.72,4881.0,1475.0,3,3,2,9.0,West,5 to 10 Year Old,1350.0,1250.0,1474.977217,1,1,1,Sector 85 Gurgaon,0,0,0,0,1,8,5.0,5.0,5.0,5.0,5.0,8,2,2,0,0,1,0,0,0,0,0,0
flat,sbr minda sec 1 imt manesar,0.65,4259.0,1526.0,3,2,3+,6.0,South,5 to 10 Year Old,1409.729283368175,1525.998103,1531.935867677417,0,0,1,Sector 1A IMT Manesar,0,0,0,0,0,1,5.0,5.0,5.0,5.0,5.0,11,0,1,0,0,0,0,0,0,0,0,0
flat,afnhb jalvayu vihar3.7 â˜…,0.69,7272.0,949.0,2,2,1,3.0,North-East,10+ Year Old,934.3886842194036,846.1499868237885,989.955883,1,0,0,Sector 30 Gurgaon,0,0,0,0,0,11,5.0,5.0,5.0,5.0,5.0,50,2,3,14,0,0,0,1,0,0,1,0
flat,mapsko royale ville3.7 â˜…,0.99,5530.0,1790.0,3,4,2,14.0,South-West,0 to 1 Year Old,1627.2161432906632,1522.5412021881807,1790.03657,1,0,0,Sector 82 Gurgaon,0,1,0,0,0,15,5.0,5.0,5.0,5.0,5.0,11,1,0,0,0,0,0,0,0,0,0,0
flat,chd avenue 713.6 â˜…,0.98,6049.0,1620.0,3,3,3,0.0,South-East,5 to 10 Year Old,1487.1677865223946,1385.8152728041775,1619.96695,1,0,0,Sector 71 Gurgaon,1,0,0,0,0,12,5.0,5.0,5.0,5.0,5.0,15,0,2,1,0,0,0,0,0,0,0,0
flat,orris carnation residency3.7 â˜…,0.5499,5788.0,950.0,2,2,2,5.0,North-East,1 to 5 Year Old,1050.0,950.0,1115.032401,1,1,1,Sector 85 Gurgaon,0,0,0,0,1,31,5.0,5.0,5.0,5.0,5.0,8,2,2,0,0,1,0,0,0,0,0,0
flat,bestech park view residency3.9 â˜…,0.95,6713.0,1415.0,2,2,3,1.0,North-East,5 to 10 Year Old,1318.2859445371291,1220.9398873705263,1415.022294,1,0,0,Palam Vihar,0,0,0,0,0,14,5.0,5.0,5.0,5.0,5.0,10,1,1,0,1,1,0,1,0,0,0,0
flat,ansal api celebrity suites,0.6,8163.0,735.0,1,1,1,5.0,North-East,5 to 10 Year Old,758.0925174640535,674.0361698345139,734.9590919999999,1,0,0,Sector 2 Gurgaon,0,0,0,0,0,16,5.0,5.0,5.0,5.0,5.0,26,2,2,3,1,0,0,0,0,0,0,0
flat,sbr minda sec-1 imt manesar,0.64,4193.0,1526.0,3,2,3+,6.0,East,10+ Year Old,1409.729283368175,1525.998103,1531.935867677417,0,0,1,Sector 1 Imt Manesar,0,0,0,0,0,10,5.0,5.0,5.0,5.0,5.0,7,0,0,0,0,0,0,0,0,0,0,0
flat,prasha apartments,0.75,3309.0,2267.0,3,3,3+,3.0,West,5 to 10 Year Old,2020.1753561051592,1906.1780746362367,2114.998711,1,0,0,Sector 1 Imt Manesar,0,1,0,0,0,6,5.0,5.0,5.0,5.0,5.0,12,0,2,0,0,0,0,0,0,0,0,0
flat,m3m woodshire4.0 â˜…,0.9,5867.0,1534.0,2,2,3,8.0,South,1 to 5 Year Old,1416.319794274917,1056.0,1533.9633889999998,1,0,1,Sector 107 Gurgaon,1,0,0,0,0,12,5.0,5.0,5.0,5.0,5.0,6,1,0,0,0,0,0,0,0,0,0,0
flat,bestech park view residency3.9 â˜…,0.985,6961.0,1415.0,2,2,3,0.0,East,5 to 10 Year Old,1318.2859445371291,1220.9398873705263,1415.022294,1,0,0,Palam Vihar,0,0,0,0,0,17,5.0,5.0,5.0,5.0,5.0,10,1,1,0,1,1,0,1,0,0,0,0
flat,bestech park view residency3.9 â˜…,0.562,8632.0,651.0,1,1,2,6.0,South,5 to 10 Year Old,688.8921529432617,651.0006719999999,710.2761392607417,0,0,1,Palam Vihar,0,0,0,0,0,16,5.0,5.0,5.0,5.0,5.0,10,1,1,0,1,1,0,1,0,0,0,0
flat,imperia the esfera,0.87,5513.0,1578.0,2,3,3+,9.0,North-East,0 to 1 Year Old,1452.5676042619984,1352.0359255446003,1577.9877399999998,1,0,0,Sector 37C Gurgaon,1,0,0,0,0,8,5.0,5.0,5.0,5.0,5.0,8,2,1,0,0,0,0,0,0,0,0,0
flat,antriksh heights3.7 â˜…,0.885,4370.0,2025.0,3,3,3,8.0,North,1 to 5 Year Old,1820.812401176212,1711.544692807244,2025.012507,1,0,0,Sector 84 Gurgaon,0,0,0,1,0,14,5.0,5.0,5.0,5.0,5.0,3,1,0,0,0,0,0,0,0,0,0,0
flat,antriksh heights3.7 â˜…,0.49,4355.0,1125.0,2,2,2,16.0,East,1 to 5 Year Old,1079.379924167729,987.701537244874,1125.042828,1,0,0,Sector 84 Gurgaon,0,0,0,0,0,13,5.0,5.0,5.0,5.0,5.0,3,1,0,0,0,0,0,0,0,0,0,0
flat,mapsko royale ville3.7 â˜…,0.97,5418.0,1790.0,3,4,2,16.0,North-West,1 to 5 Year Old,1627.2161432906632,1522.5412021881807,1790.03657,1,0,0,Sector 82 Gurgaon,0,1,0,0,0,17,5.0,5.0,5.0,5.0,5.0,11,1,0,0,0,0,0,0,0,0,0,0
flat,umang monsoon breeze,0.62,5004.0,1239.0,2,2,1,7.0,South,5 to 10 Year Old,1115.0,947.0,1239.0325289999998,1,1,1,Sector 78 Gurgaon,0,0,1,0,0,23,5.0,5.0,5.0,5.0,5.0,7,0,0,1,1,0,0,0,0,0,0,0
flat,umang monsoon breeze,0.8,4836.0,1654.0,3,2,2,7.0,South,5 to 10 Year Old,1472.0,1310.0,1653.980874,1,1,1,Sector 78 Gurgaon,0,0,0,1,0,22,5.0,5.0,5.0,5.0,5.0,7,0,0,1,1,0,0,0,0,0,0,0
flat,signature global solera3.7 â˜…,0.27,5521.0,489.0,2,2,2,0.0,North-East,1 to 5 Year Old,555.4343070817349,489.003977,558.1517095424543,0,0,1,Sector 107 Gurgaon,0,0,0,0,0,9,5.0,5.0,5.0,5.0,5.0,11,0,1,0,0,1,0,1,0,0,0,0
flat,signature global solera3.7 â˜…,0.2775,5674.0,489.0,2,2,2,6.0,West,1 to 5 Year Old,555.4343070817349,489.003977,558.1517095424543,0,0,1,Sector 107 Gurgaon,0,0,0,0,0,9,5.0,5.0,5.0,5.0,5.0,11,0,1,0,0,1,0,1,0,0,0,0
flat,vatika gurgaon 213.7 â˜…,0.85,8947.0,950.0,2,2,2,18.0,West,5 to 10 Year Old,1100.0,950.0,1244.952674,1,1,1,Sector 83 Gurgaon,0,0,0,1,0,22,5.0,5.0,5.0,5.0,5.0,10,1,0,0,1,0,0,1,1,1,0,0
flat,sare green parc phase 3,0.75,7142.0,1050.0,3,2,2,3.0,East,0 to 1 Year Old,1298.0,1050.0,1326.004841,1,1,1,Sector 92 Gurgaon,0,0,0,0,0,21,5.0,5.0,5.0,5.0,5.0,11,1,0,0,1,0,0,0,0,0,0,0
flat,imperia the esfera,0.99,5500.0,1800.0,3,3,1,10.0,North-East,0 to 1 Year Old,1635.454281924091,1530.5839039166517,1815.008818,1,0,0,Sector 37C Gurgaon,0,1,0,0,0,8,5.0,5.0,5.0,5.0,5.0,8,2,1,0,0,0,0,0,0,0,0,0
flat,ansal housing highland park,0.8,5878.0,1361.0,2,2,3,3.0,East,0 to 1 Year Old,1089.0,705.0,1360.987516,1,1,1,Sector 103 Gurgaon,0,0,0,1,0,32,5.0,5.0,5.0,5.0,5.0,18,0,6,4,0,0,0,1,0,0,0,0
flat,experion the heartsong3.9 â˜…,0.9,7014.0,1283.0,2,3,3,7.0,East,1 to 5 Year Old,1209.542514575885,1114.7762245547124,1282.949241,1,0,0,Sector 108 Gurgaon,0,1,0,0,1,12,5.0,5.0,5.0,5.0,5.0,9,1,1,0,0,1,1,1,1,0,0,0
flat,orris aster court,0.6698999999999999,5825.0,1150.0,2,2,2,5.0,North-West,1 to 5 Year Old,1250.0,1150.0,1374.980586,1,1,1,Sector 85 Gurgaon,0,0,0,0,1,31,5.0,5.0,5.0,5.0,5.0,6,0,0,0,1,1,0,0,0,0,0,0
flat,green campus chs,0.92,4022.0,2287.0,3,3,3+,8.0,East,5 to 10 Year Old,2036.6516333720144,1600.0,2287.005833,1,0,1,Sector 1A IMT Manesar,0,1,0,0,0,1,5.0,5.0,5.0,5.0,5.0,11,0,2,0,0,0,0,0,0,0,0,0
flat,green campus chs,0.9,3935.0,2287.0,3,3,3+,6.0,North-East,5 to 10 Year Old,2036.6516333720144,1922.2634780931785,2287.005833,1,0,0,Sector 1A IMT Manesar,0,1,0,0,0,2,5.0,5.0,5.0,5.0,5.0,11,0,1,0,0,0,0,0,0,0,0,0
flat,umang winter hills3.9 â˜…,0.75,5588.0,1342.0,2,2,2,8.0,South,1 to 5 Year Old,1140.0,969.0,1342.043052,1,1,1,Sector 77 Gurgaon,0,0,1,0,0,21,5.0,5.0,5.0,5.0,5.0,10,1,1,0,0,0,0,0,0,0,0,0
flat,gls avenue 51,0.21,6953.0,302.0,1,1,1,0.0,South-East,1 to 5 Year Old,401.3811146366392,302.035034,382.55128758369057,0,0,1,Sector 92 Gurgaon,0,0,0,0,0,12,5.0,5.0,5.0,5.0,5.0,4,0,1,0,0,1,0,1,0,0,0,0
flat,shree vardhman flora3.8 â˜…,0.65,4814.0,1350.0,2,2,3,10.0,North,5 to 10 Year Old,1264.73804341985,1168.6623261354666,1350.008338,1,0,0,Sector 90 Gurgaon,1,0,0,0,0,14,5.0,5.0,5.0,5.0,5.0,10,1,1,0,0,0,0,0,0,0,0,0
flat,experion the heartsong3.9 â˜…,0.98,13343.0,734.0,2,3,3,4.0,East,1 to 5 Year Old,978.23,734.43,1282.949241,1,1,1,Sector 108 Gurgaon,1,0,0,0,0,22,5.0,5.0,5.0,5.0,5.0,9,1,1,0,0,0,1,0,0,0,0,0
flat,shree vardhman flora3.8 â˜…,0.86,6254.0,1375.0,3,4,3,0.0,North,1 to 5 Year Old,1525.0,1375.0,1949.988124,1,1,1,Sector 90 Gurgaon,0,1,0,0,0,15,5.0,5.0,5.0,5.0,5.0,10,1,1,0,0,1,0,1,0,0,0,0
flat,orris carnation residency3.7 â˜…,0.895,4531.0,1975.0,4,4,3,8.0,East,5 to 10 Year Old,1575.0,1435.0,1974.960372,1,1,1,Sector 85 Gurgaon,0,0,0,0,0,7,5.0,5.0,5.0,5.0,5.0,8,2,2,0,0,1,0,0,0,0,0,0
flat,vatika city homes3.9 â˜…,0.8,6060.0,1320.0,2,2,2,8.0,East,5 to 10 Year Old,1240.023627519567,1144.5342209500543,1319.9770569999998,1,0,0,Sector 83 Gurgaon,0,0,1,0,0,6,5.0,5.0,5.0,5.0,5.0,15,3,4,0,0,0,0,0,0,0,0,0
flat,m3m woodshire4.0 â˜…,0.82,6002.0,1366.0,2,2,3+,7.0,North-East,1 to 5 Year Old,1277.9190652333336,1181.5306489010195,1366.046549,1,0,0,Sector 107 Gurgaon,0,0,0,0,0,21,5.0,5.0,5.0,5.0,5.0,6,1,0,0,0,1,0,1,0,0,0,0
flat,signature global solera3.7 â˜…,0.5,7751.0,645.0,3,2,2,6.0,South-East,1 to 5 Year Old,683.9492697632052,644.972888,704.6419011230273,0,0,1,Sector 107 Gurgaon,0,0,0,0,1,3,5.0,5.0,5.0,5.0,5.0,11,0,1,0,0,1,0,0,0,0,0,0
flat,signature global solera3.7 â˜…,0.52,8062.0,645.0,3,2,2,5.0,East,1 to 5 Year Old,683.9492697632052,644.972888,704.6419011230273,0,0,1,Sector 107 Gurgaon,0,0,0,0,1,3,5.0,5.0,5.0,5.0,5.0,11,0,1,0,0,1,0,0,0,0,0,0
flat,signature global solera3.7 â˜…,0.28,5725.0,489.0,2,2,2,6.0,West,1 to 5 Year Old,555.4343070817349,489.003977,558.1517095424543,0,0,1,Sector 107 Gurgaon,0,0,0,0,0,9,5.0,5.0,5.0,5.0,5.0,11,0,1,0,0,1,0,1,0,0,0,0
flat,signature global solera3.7 â˜…,0.29,5930.0,489.0,2,2,2,3.0,East,1 to 5 Year Old,555.4343070817349,489.003977,558.1517095424543,0,0,1,Sector 107 Gurgaon,0,0,0,0,0,9,5.0,5.0,5.0,5.0,5.0,11,0,1,0,0,1,0,1,0,0,0,0
flat,experion the heartsong3.9 â˜…,0.97,9238.0,1050.0,2,2,3,10.0,North-East,1 to 5 Year Old,1017.5938844170224,1050.018445,1084.9529754187456,0,0,1,Sector 108 Gurgaon,0,1,0,0,0,29,5.0,5.0,5.0,5.0,5.0,9,1,1,0,0,1,0,0,0,0,0,0
flat,m3m woodshire4.0 â˜…,0.8,5856.0,1366.0,2,2,3+,7.0,North-East,1 to 5 Year Old,1277.9190652333336,1181.5306489010195,1366.046549,1,0,0,Sector 107 Gurgaon,0,0,0,0,0,30,5.0,5.0,5.0,5.0,5.0,6,1,0,0,0,1,0,0,0,0,0,0
flat,laxmi apartment,0.55,6470.0,850.0,3,2,1,3.0,North,1 to 5 Year Old,852.8311117484707,850.025183,897.1450374949342,0,0,1,Sai Kunj,0,0,0,0,0,0,5.0,5.0,5.0,5.0,5.0,26,2,3,2,1,0,0,0,0,0,0,0
flat,m3m woodshire4.0 â˜…,0.75,5490.0,1366.0,2,2,3+,14.0,West,1 to 5 Year Old,1277.9190652333336,1050.0,1366.046549,1,0,1,Sector 107 Gurgaon,0,0,0,1,0,32,5.0,5.0,5.0,5.0,5.0,6,1,0,0,0,0,0,1,0,0,0,0
flat,satya the hermitage3.5 â˜…,0.995,6655.0,1495.0,3,4,3+,2.0,North-East,1 to 5 Year Old,1384.1910536045498,1495.0,1990.998583,1,0,1,Sector 103 Gurgaon,0,1,0,1,0,31,5.0,5.0,5.0,5.0,5.0,15,1,1,0,2,0,0,1,0,0,0,0
flat,vatika gurgaon 213.7 â˜…,0.78,6265.0,1245.0,2,2,2,3.0,South-East,1 to 5 Year Old,850.0,790.0,1244.952674,1,1,1,Sector 83 Gurgaon,1,0,0,1,0,31,5.0,5.0,5.0,5.0,5.0,10,1,0,0,1,0,0,0,0,0,0,0
flat,raheja vedaanta3.6 â˜…,0.8,4080.0,1961.0,3,3,3,9.0,North-East,1 to 5 Year Old,1768.0883139222751,1660.071401745031,1838.043564,1,0,0,Sector 108 Gurgaon,0,0,0,1,0,31,5.0,5.0,5.0,5.0,5.0,0,0,0,0,0,0,0,1,0,0,0,0
flat,tulip white3.5 â˜…,0.9,6000.0,1500.0,3,2,3+,1.0,West,1 to 5 Year Old,1326.0,1050.0,1499.949465,1,1,1,Sector 69 Gurgaon,0,0,0,0,0,29,5.0,5.0,5.0,5.0,5.0,43,0,7,11,0,1,0,1,0,0,0,0
flat,denso haryana housing society,0.9,4308.0,2089.0,3,3,3+,5.0,East,5 to 10 Year Old,1873.536488430148,2088.950073,2060.615212932946,0,0,1,Manesar,0,1,0,0,0,3,5.0,5.0,5.0,5.0,5.0,11,0,2,0,0,0,0,0,0,0,0,0
flat,the nav manesar apartment,0.85,3953.0,2150.0,3,3,3+,5.0,North-East,5 to 10 Year Old,1923.7891340940564,1812.0784644131288,2149.981386,1,0,0,Sector 1 Gurgaon,0,1,0,0,0,2,5.0,5.0,5.0,5.0,5.0,28,2,2,3,1,0,0,0,0,0,0,0
flat,ansal heights3.2 â˜…,0.72,4500.0,1600.0,3,3,3,9.0,South-West,1 to 5 Year Old,1700.0,1600.0,1935.026303,1,1,1,Sector 92 Gurgaon,0,1,0,0,0,8,5.0,5.0,5.0,5.0,5.0,5,0,0,0,0,0,0,1,1,0,0,0
flat,signature global synera3.4 â˜…,0.45,7525.0,598.0,2,2,2,6.0,North-East,1 to 5 Year Old,645.2300181860955,598.042284,660.5070357109316,0,0,1,Sector 81 Gurgaon,0,0,1,0,0,7,5.0,5.0,5.0,5.0,5.0,10,1,1,0,0,0,0,0,0,0,0,0
flat,alpha corp gurgaonone 844.0 â˜…,0.85,6692.0,1270.0,2,2,3,6.0,West,1 to 5 Year Old,1198.8329343524292,1050.0,1270.032561,1,0,1,Sector 84 Gurgaon,0,0,0,0,0,5,5.0,5.0,5.0,5.0,5.0,10,3,1,1,0,0,0,0,0,0,0,0
flat,sare homes,0.8,5252.0,1523.0,3,3,3,7.0,North-West,1 to 5 Year Old,1407.257841778147,1522.984211,1529.1187486085598,0,0,1,Sector 92 Gurgaon,1,0,0,0,0,15,5.0,5.0,5.0,5.0,5.0,8,0,0,0,0,1,0,1,0,0,0,0
flat,mapsko paradise3.9 â˜…,0.75,5597.0,1340.0,3,3,3,10.0,North,0 to 1 Year Old,1256.499904786422,1000.0,1339.997911,1,0,1,Sector 83 Gurgaon,0,0,0,0,1,8,5.0,5.0,5.0,5.0,5.0,15,4,0,3,0,1,0,0,0,0,0,0
flat,prime habitat,0.271,6049.0,448.0,2,2,1,10.0,South,1 to 5 Year Old,521.6579386846818,447.993518,519.651082268073,0,0,1,Sector 99A Gurgaon,0,0,0,0,0,12,5.0,5.0,5.0,5.0,5.0,8,1,1,0,0,1,0,1,0,0,0,0
flat,eldeco accolade3.8 â˜…,0.9575,6571.0,1457.0,2,2,3+,14.0,East,1 to 5 Year Old,1352.8861267975249,849.0,1457.001504,1,0,1,Sohna,1,0,0,0,0,28,5.0,5.0,5.0,5.0,5.0,7,1,1,0,0,0,0,0,0,0,0,0
flat,umang monsoon breeze,0.88,4746.0,1854.0,3,4,3,8.0,North-West,5 to 10 Year Old,1668.0,1501.0,1853.974136,1,1,1,Sector 78 Gurgaon,0,1,0,1,0,23,5.0,5.0,5.0,5.0,5.0,7,0,0,1,1,0,0,0,0,0,0,0
flat,hsiidc sidco aravali,0.9,3477.0,2588.0,3,3,3+,8.0,East,5 to 10 Year Old,1900.0,2164.348800120149,2587.964477,1,1,0,Sector 1 Imt Manesar,0,1,0,0,0,5,5.0,5.0,5.0,5.0,5.0,11,0,1,0,0,0,0,0,0,0,0,0
flat,bestech park view residency3.9 â˜…,0.556,8553.0,650.0,1,1,2,7.0,South-West,5 to 10 Year Old,688.068339079919,650.031921,709.3370995711226,0,0,1,Palam Vihar,0,0,0,0,0,16,5.0,5.0,5.0,5.0,5.0,10,1,1,0,1,1,0,1,0,0,0,0
flat,vatika the seven lamps3.8 â˜…,0.85,6538.0,1300.0,2,2,2,0.0,East,1 to 5 Year Old,1223.547350252712,1128.4488174931128,1299.956203,1,0,0,Sector 82 Gurgaon,0,0,0,0,0,8,5.0,5.0,5.0,5.0,5.0,10,1,1,0,0,1,0,0,0,0,0,0
flat,bestech park view residency3.9 â˜…,0.981,6932.0,1415.0,2,2,3,11.0,East,5 to 10 Year Old,1318.2859445371291,1220.9398873705263,1415.022294,1,0,0,Palam Vihar,0,0,0,0,0,17,5.0,5.0,5.0,5.0,5.0,10,1,1,0,1,1,0,1,0,0,0,0
flat,pyramid urban,0.555,7928.0,700.0,2,2,2,0.0,North-East,1 to 5 Year Old,729.2590322470569,699.976417,756.2890840520755,0,0,1,Sector 67A Gurgaon,0,0,0,0,1,8,5.0,5.0,5.0,5.0,5.0,11,3,0,0,0,1,0,0,0,0,0,0
flat,pyramid urban homes 2,0.415,8283.0,501.0,2,2,1,7.0,West,0 to 1 Year Old,565.3200734418481,500.951906,569.4201858178831,0,0,1,Sector 86 Gurgaon,1,1,0,1,1,8,5.0,5.0,5.0,5.0,5.0,10,1,0,0,0,1,0,0,0,0,0,0
flat,vatika gurgaon 213.7 â˜…,0.75,6024.0,1245.0,2,2,2,19.0,East,1 to 5 Year Old,1150.0,1020.0,1244.952674,1,1,1,Sector 83 Gurgaon,0,0,0,0,1,20,5.0,5.0,5.0,5.0,5.0,10,1,0,0,1,1,0,0,0,0,0,0
flat,tarc maceo3.8 â˜…,0.87,6641.0,1310.0,2,2,2,9.0,North-West,1 to 5 Year Old,1231.785488886139,1000.0,1309.96663,1,0,1,Sector 91 Gurgaon,0,0,1,0,0,17,5.0,5.0,5.0,5.0,5.0,10,1,1,0,0,1,0,0,0,0,0,0
flat,paras dews,0.97,8818.0,1100.0,2,2,3,6.0,North-East,0 to 1 Year Old,1200.0,1100.0,1384.9910129999998,1,1,1,Sector 106 Gurgaon,0,0,0,1,0,31,5.0,5.0,5.0,5.0,5.0,11,1,1,0,1,1,0,1,0,0,0,0
flat,eldeco accolade3.8 â˜…,0.715,5607.0,1275.0,2,2,3,10.0,North-East,1 to 5 Year Old,1202.9520036691429,1108.3420631719357,1274.983955,1,0,0,Sohna,0,0,0,0,0,29,5.0,5.0,5.0,5.0,5.0,7,1,1,0,0,0,0,0,0,0,0,0
flat,eldeco accolade3.8 â˜…,0.78,5422.0,1439.0,2,2,2,7.0,North,1 to 5 Year Old,1338.057477257355,1240.2423715188563,1457.001504,1,0,0,Sohna,1,0,0,0,0,25,5.0,5.0,5.0,5.0,5.0,7,1,1,0,0,0,0,0,0,0,0,0
flat,sidhartha ncr one phase 14.2 â˜…,0.43,3152.0,1364.0,2,2,2,6.0,North,1 to 5 Year Old,1300.0,1020.0,1364.001408,1,1,1,Sector 95 Gurgaon,0,0,0,0,0,22,5.0,5.0,5.0,5.0,5.0,4,0,0,0,0,1,0,1,0,0,0,0
flat,m3m woodshire4.0 â˜…,0.985,6421.0,1534.0,2,2,3,7.0,West,1 to 5 Year Old,1416.319794274917,1056.0,1533.9633889999998,1,0,1,Sector 107 Gurgaon,1,0,0,0,0,32,5.0,5.0,5.0,5.0,5.0,6,1,0,0,0,0,0,1,0,0,0,0
flat,m3m woodshire4.0 â˜…,0.8,5856.0,1366.0,2,2,3+,6.0,West,1 to 5 Year Old,1277.9190652333336,1055.0,1366.046549,1,0,1,Sector 107 Gurgaon,0,0,0,1,0,32,5.0,5.0,5.0,5.0,5.0,6,1,0,0,0,0,0,1,0,0,0,0
flat,raheja vedaanta3.6 â˜…,0.65,4761.0,1365.0,2,2,2,5.0,East,1 to 5 Year Old,1277.0952513699913,1180.726378728173,1364.970159,1,0,0,Sector 108 Gurgaon,0,0,0,1,0,31,5.0,5.0,5.0,5.0,5.0,0,0,0,0,0,0,0,1,0,0,0,0
flat,ansal api celebrity suites,0.6,8163.0,735.0,1,1,1,5.0,North-East,5 to 10 Year Old,758.0925174640535,674.0361698345139,734.9590919999999,1,0,0,Sector 2 Gurgaon,0,0,0,0,0,12,5.0,5.0,5.0,5.0,5.0,26,2,2,3,1,1,0,1,0,0,0,0
flat,shree vardhman flora3.8 â˜…,0.645,4961.0,1300.0,2,2,3,11.0,North-West,1 to 5 Year Old,1225.0,1075.0,1299.956203,1,1,1,Sector 90 Gurgaon,1,0,0,0,0,8,5.0,5.0,5.0,5.0,5.0,10,1,1,0,0,0,0,1,0,0,0,0
flat,shapoorji pallonji joyville gurugram4.0 â˜…,0.97,10601.0,915.0,2,2,2,12.0,East,1 to 5 Year Old,906.37901286575,818.8048009469878,915.039139,1,0,0,Sector 102 Gurgaon,0,0,0,0,0,17,5.0,5.0,5.0,5.0,5.0,13,1,1,0,0,1,0,1,0,0,0,0
flat,paras dews,0.88,6353.0,1385.0,2,2,3+,3.0,South-East,1 to 5 Year Old,1120.0,1040.0,1384.9910129999998,1,1,1,Sector 106 Gurgaon,0,0,0,0,0,8,5.0,5.0,5.0,5.0,5.0,11,1,1,0,1,1,0,0,0,0,0,0
flat,paras dews,0.88,6353.0,1385.0,2,2,3+,1.0,South,1 to 5 Year Old,940.0,845.0,1384.9910129999998,1,1,1,Sector 106 Gurgaon,0,0,0,0,0,8,5.0,5.0,5.0,5.0,5.0,11,1,1,0,1,1,0,0,0,0,0,0
flat,godrej oasis3.9 â˜…,0.95,7268.0,1307.0,2,2,2,6.0,North-West,1 to 5 Year Old,1229.3140472961113,1306.952738,1326.2861756508437,0,0,1,Sector 88A Gurgaon,0,0,0,0,0,14,5.0,5.0,5.0,5.0,5.0,7,1,1,0,0,1,0,1,0,0,0,0
flat,experion the heartsong3.9 â˜…,0.93,6079.0,1530.0,2,3,3,10.0,East,1 to 5 Year Old,1413.0245388215462,1313.4309572479406,1282.949241,1,0,0,Sector 108 Gurgaon,0,0,0,0,0,16,5.0,5.0,5.0,5.0,5.0,9,1,1,0,0,1,0,1,0,0,0,0
flat,imperia the esfera,0.87,5513.0,1578.0,2,3,3+,5.0,North-West,1 to 5 Year Old,1300.0,1110.0,1577.9877399999998,1,1,1,Sector 37C Gurgaon,1,0,0,0,0,21,5.0,5.0,5.0,5.0,5.0,8,2,1,0,0,0,1,0,0,0,0,0
flat,imperia the esfera,0.99,5454.0,1815.0,3,5,3+,5.0,North-West,1 to 5 Year Old,1400.0,1270.0,1815.008818,1,1,1,Sector 37C Gurgaon,0,1,0,0,0,8,5.0,5.0,5.0,5.0,5.0,8,2,1,0,0,0,1,0,0,0,0,0
flat,pyramid urban,0.53,8967.0,591.0,2,2,1,6.0,West,1 to 5 Year Old,639.4633211426963,591.0457489999999,653.9337578835982,0,0,1,Sector 67A Gurgaon,0,0,0,0,1,8,5.0,5.0,5.0,5.0,5.0,11,3,0,0,0,0,0,1,0,0,0,0
flat,shree vardhman flora3.8 â˜…,0.92,4717.0,1950.0,3,3,2,6.0,North,1 to 5 Year Old,1759.0263614255043,1949.988124,1930.0886960758976,0,0,1,Sector 90 Gurgaon,1,0,0,0,0,8,5.0,5.0,5.0,5.0,5.0,10,1,1,0,0,1,0,0,0,0,0,0
flat,shree vardhman flora3.8 â˜…,0.7,5177.0,1352.0,2,3,2,7.0,North,1 to 5 Year Old,1266.385671146535,1351.94584,1368.5429616837012,0,0,1,Sector 90 Gurgaon,1,0,0,0,0,8,5.0,5.0,5.0,5.0,5.0,10,1,1,0,0,1,0,0,0,0,0,0
flat,umang winter hills3.9 â˜…,0.8,5961.0,1342.0,2,2,2,10.0,North,1 to 5 Year Old,1258.1475325131078,1000.0,1342.043052,1,0,1,Sector 77 Gurgaon,0,0,0,0,0,8,5.0,5.0,5.0,5.0,5.0,10,1,1,0,0,1,0,0,0,0,0,0
flat,sapphire eighty three,0.4,8547.0,468.0,1,1,1,6.0,North-East,1 to 5 Year Old,538.134215951537,468.0143719999999,538.4318760604542,0,0,1,Sector 83 Gurgaon,0,0,0,0,0,9,5.0,5.0,5.0,5.0,5.0,11,0,1,0,0,1,0,1,0,0,0,0
flat,pivotal devaan,0.35,6003.0,583.0,2,2,1,4.0,East,1 to 5 Year Old,632.8728102359541,551.7871035617582,582.972824,1,0,0,Sector 84 Gurgaon,0,0,0,0,0,6,5.0,5.0,5.0,5.0,5.0,15,4,2,1,0,1,0,0,0,0,0,0
flat,m3m woodshire4.0 â˜…,0.88,6442.0,1366.0,2,2,3+,3.0,East,1 to 5 Year Old,1277.9190652333336,1181.5306489010195,1366.046549,1,0,0,Sector 107 Gurgaon,0,0,0,0,0,18,5.0,5.0,5.0,5.0,5.0,6,1,0,0,0,0,1,0,0,0,0,0
flat,vatika the seven lamps3.8 â˜…,0.9425,6567.0,1435.0,2,2,2,12.0,East,1 to 5 Year Old,1334.7622218039842,1237.025290827468,1435.043148,1,0,0,Sector 82 Gurgaon,1,0,0,0,0,19,5.0,5.0,5.0,5.0,5.0,10,1,1,0,0,0,1,1,0,0,0,0
flat,vatika the seven lamps3.8 â˜…,0.805,6192.0,1300.0,2,2,2,15.0,West,1 to 5 Year Old,1223.547350252712,1128.4488174931128,1299.956203,1,0,0,Sector 82 Gurgaon,0,0,0,0,0,22,5.0,5.0,5.0,5.0,5.0,10,1,1,0,0,0,1,1,0,0,0,0
flat,vatika the seven lamps3.8 â˜…,0.9375,6533.0,1435.0,2,2,3+,9.0,North,1 to 5 Year Old,1334.7622218039842,1237.025290827468,1435.043148,1,0,0,Sector 82 Gurgaon,1,0,0,0,0,22,5.0,5.0,5.0,5.0,5.0,10,1,1,0,0,0,1,1,0,0,0,0
flat,vatika the seven lamps3.8 â˜…,0.775,5932.0,1306.0,2,2,2,0.0,North-West,1 to 5 Year Old,1228.4902334327685,1133.274438530195,1298.018701,1,0,0,Sector 82 Gurgaon,0,0,0,0,0,19,5.0,5.0,5.0,5.0,5.0,10,1,1,0,0,0,1,1,0,0,0,0
flat,vatika the seven lamps3.8 â˜…,0.855,5979.0,1430.0,2,2,2,9.0,North-East,1 to 5 Year Old,1330.6431524872703,1233.0039399632328,1429.984115,1,0,0,Sector 82 Gurgaon,1,0,0,0,0,21,5.0,5.0,5.0,5.0,5.0,10,1,1,0,0,0,1,1,0,0,0,0
flat,orris aster court,0.685,5221.0,1312.0,2,2,2,5.0,South-West,1 to 5 Year Old,1075.0,975.0,1312.011771,1,1,1,Sector 85 Gurgaon,0,0,0,0,0,6,5.0,5.0,5.0,5.0,5.0,6,0,0,0,1,1,0,0,0,0,0,0
flat,orris carnation residency3.7 â˜…,0.799,4857.0,1645.0,3,4,3,4.0,West,1 to 5 Year Old,1390.0,1275.0,1645.046837,1,1,1,Sector 85 Gurgaon,0,1,0,0,0,7,5.0,5.0,5.0,5.0,5.0,8,2,2,0,0,1,0,0,0,0,0,0
flat,shree vardhman flora3.8 â˜…,0.645,6789.0,950.0,2,2,3,9.0,South-East,1 to 5 Year Old,1050.0,950.0,1350.008338,1,1,1,Sector 90 Gurgaon,1,0,0,0,0,11,5.0,5.0,5.0,5.0,5.0,10,1,1,0,0,1,0,0,0,0,0,0
flat,vatika gurgaon 213.7 â˜…,0.84,6746.0,1245.0,2,2,2,7.0,East,5 to 10 Year Old,1178.23758776886,1084.2139579865234,1244.952674,1,0,0,Sector 83 Gurgaon,0,0,0,0,0,28,5.0,5.0,5.0,5.0,5.0,10,1,0,0,1,0,0,1,0,0,0,0
flat,sare homes,0.5,4237.0,1180.0,3,3,2,1.0,North,1 to 5 Year Old,1124.6896866515808,1031.9363967514632,1180.046357,1,0,0,Sector 92 Gurgaon,0,0,0,0,0,4,5.0,5.0,5.0,5.0,5.0,8,0,0,0,0,1,0,0,0,0,0,0
flat,umang winter hills3.9 â˜…,0.7120000000000001,5305.0,1342.0,2,2,2,6.0,North-West,1 to 5 Year Old,1258.1475325131078,810.0,1342.043052,1,0,1,Sector 77 Gurgaon,1,0,0,0,0,20,5.0,5.0,5.0,5.0,5.0,10,1,1,0,0,0,0,0,0,0,0,0
flat,ashiana mulberry,0.9,6143.0,1465.0,2,2,3+,7.0,North-East,5 to 10 Year Old,1100.0,1000.0,1464.96679,1,1,1,Sohna,1,0,0,0,0,27,5.0,5.0,5.0,5.0,5.0,6,1,1,0,0,0,0,0,0,0,0,0
flat,signature global solera3.7 â˜…,0.5,7751.0,645.0,3,2,2,6.0,North-East,1 to 5 Year Old,683.9492697632052,644.972888,704.6419011230273,0,0,1,Sector 107 Gurgaon,0,0,0,0,1,8,5.0,5.0,5.0,5.0,5.0,11,0,1,0,0,1,0,0,0,0,0,0
flat,signature global solera3.7 â˜…,0.36,5980.0,602.0,2,2,1,7.0,North-West,1 to 5 Year Old,598.0,546.0,602.0249269999999,1,1,1,Sector 107 Gurgaon,0,0,0,0,1,8,5.0,5.0,5.0,5.0,5.0,11,0,1,0,0,1,0,0,0,0,0,0
flat,rof ananda,0.31,5644.0,549.0,2,2,1,5.0,North,1 to 5 Year Old,604.8631388823004,549.174178,614.4940909195979,0,0,1,Sector 95 Gurgaon,0,0,0,1,0,13,5.0,5.0,5.0,5.0,5.0,15,0,0,0,1,1,0,1,0,0,0,0
flat,sare homes,0.71,5354.0,1326.0,3,3,3,2.0,North-West,1 to 5 Year Old,1244.9665106996235,1326.004841,1344.1279297536057,0,0,1,Sector 92 Gurgaon,0,0,0,1,0,19,5.0,5.0,5.0,5.0,5.0,8,0,0,0,0,1,0,1,0,0,0,0
flat,signature global solera3.7 â˜…,0.285,5828.0,489.0,2,2,2,0.0,North-East,1 to 5 Year Old,555.4343070817349,489.003977,558.1517095424543,0,0,1,Sector 107 Gurgaon,0,0,0,0,0,7,5.0,5.0,5.0,5.0,5.0,11,0,1,0,0,1,0,1,0,0,0,0
flat,signature global solera3.7 â˜…,0.2775,5674.0,489.0,2,2,2,11.0,North,1 to 5 Year Old,555.4343070817349,489.003977,558.1517095424543,0,0,1,Sector 107 Gurgaon,0,0,0,0,0,6,5.0,5.0,5.0,5.0,5.0,11,0,1,0,0,1,0,1,0,0,0,0
flat,signature global solera3.7 â˜…,0.275,5623.0,489.0,2,2,2,14.0,North-West,1 to 5 Year Old,555.4343070817349,489.003977,558.1517095424543,0,0,1,Sector 107 Gurgaon,0,0,0,0,0,7,5.0,5.0,5.0,5.0,5.0,11,0,1,0,0,1,0,1,0,0,0,0
flat,signature global solera3.7 â˜…,0.28,5725.0,489.0,2,2,2,10.0,South,1 to 5 Year Old,555.4343070817349,489.003977,558.1517095424543,0,0,1,Sector 107 Gurgaon,0,0,0,0,0,7,5.0,5.0,5.0,5.0,5.0,11,0,1,0,0,1,0,1,0,0,0,0
flat,signature global grand iva3.9 â˜…,0.235,6527.0,360.0,1,1,1,4.0,North-East,1 to 5 Year Old,449.1623187105191,360.052455,437.0155895815959,0,0,1,Sector 103 Gurgaon,0,0,0,0,0,4,5.0,5.0,5.0,5.0,5.0,12,4,2,0,0,1,0,0,0,0,0,0
flat,signature global solera3.7 â˜…,0.355,6489.0,547.0,2,2,2,8.0,North-West,1 to 5 Year Old,603.2155111556149,547.021398,612.6160115403598,0,0,1,Sector 107 Gurgaon,0,0,0,0,0,9,5.0,5.0,5.0,5.0,5.0,11,0,1,0,0,1,0,1,0,0,0,0
flat,signature global solera3.7 â˜…,0.51,7906.0,645.0,3,2,2,9.0,South,1 to 5 Year Old,683.9492697632052,644.972888,704.6419011230273,0,0,1,Sector 107 Gurgaon,0,0,0,0,1,3,5.0,5.0,5.0,5.0,5.0,11,0,1,0,0,1,0,0,0,0,0,0
flat,signature global solera3.7 â˜…,0.35,6398.0,547.0,2,2,2,8.0,South,1 to 5 Year Old,603.2155111556149,547.021398,612.6160115403598,0,0,1,Sector 107 Gurgaon,0,0,0,0,0,9,5.0,5.0,5.0,5.0,5.0,11,0,1,0,0,1,0,1,0,0,0,0
flat,signature global solera3.7 â˜…,0.285,5828.0,489.0,2,2,2,11.0,South,1 to 5 Year Old,555.4343070817349,489.003977,558.1517095424543,0,0,1,Sector 107 Gurgaon,0,0,0,0,0,9,5.0,5.0,5.0,5.0,5.0,11,0,1,0,0,1,0,1,0,0,0,0
flat,signature global solera3.7 â˜…,0.36,6581.0,547.0,2,2,2,8.0,South-East,1 to 5 Year Old,603.2155111556149,547.021398,612.6160115403598,0,0,1,Sector 107 Gurgaon,0,0,0,0,0,9,5.0,5.0,5.0,5.0,5.0,11,0,1,0,0,1,0,1,0,0,0,0
flat,shree vardhman flora3.8 â˜…,0.92,4906.0,1875.0,3,4,3,4.0,North-East,1 to 5 Year Old,1697.240321674798,1161.0,1874.963741,1,0,1,Sector 90 Gurgaon,0,1,0,0,0,22,5.0,5.0,5.0,5.0,5.0,10,1,1,0,0,1,0,1,0,0,0,0
flat,tulip lemon3.9 â˜…,0.62,12863.0,482.0,2,2,1,4.0,North-East,1 to 5 Year Old,549.6676100383356,482.007442,551.5784317151209,0,0,1,Sector 69 Gurgaon,0,0,0,0,0,22,5.0,5.0,5.0,5.0,5.0,34,0,6,9,0,1,0,1,0,0,0,0
flat,professional society,0.75,3067.0,2445.0,3,4,3,3.0,East,1 to 5 Year Old,2166.81422378017,2445.019885,2394.9133424373317,0,0,1,IMT Manesar,0,1,0,0,0,5,5.0,5.0,5.0,5.0,5.0,11,0,1,0,0,0,0,0,0,0,0,0
flat,tarc maceo3.8 â˜…,0.89,6339.0,1404.0,2,2,3+,9.0,East,1 to 5 Year Old,1309.2239920403586,1200.0,1404.0431159999998,1,0,1,Sector 91 Gurgaon,0,0,0,0,1,3,5.0,5.0,5.0,5.0,5.0,10,1,1,0,0,1,0,0,0,0,0,0
flat,signature global synera3.4 â˜…,0.49,6666.0,735.0,2,2,3,5.0,South,1 to 5 Year Old,700.0,635.0,734.9590919999999,1,1,1,Sector 81 Gurgaon,0,0,0,0,0,22,5.0,5.0,5.0,5.0,5.0,10,1,1,0,0,1,0,1,0,0,0,0
flat,signature global synera3.4 â˜…,0.5,6802.0,735.0,2,2,3,6.0,South,1 to 5 Year Old,700.0,635.0,734.9590919999999,1,1,1,Sector 81 Gurgaon,0,0,0,0,0,22,5.0,5.0,5.0,5.0,5.0,10,1,1,0,0,1,0,1,0,0,0,0
flat,umang winter hills3.9 â˜…,0.92,5049.0,1822.0,3,3,3,17.0,North-East,1 to 5 Year Old,1653.5781869176317,1400.0,1822.005353,1,0,1,Sector 77 Gurgaon,0,0,0,0,1,8,5.0,5.0,5.0,5.0,5.0,10,1,1,0,0,1,0,0,0,0,0,0
flat,hsiidc sidco shivalik apartments3.8 â˜…,0.73,3560.0,2051.0,3,3,3+,2.0,South,5 to 10 Year Old,1842.231561623123,1400.0,2049.984755,1,0,1,Sector 1 Imt Manesar,0,1,0,0,0,17,5.0,5.0,5.0,5.0,5.0,12,0,2,0,0,1,0,1,0,0,0,0
flat,imt view society,0.95,3653.0,2601.0,3,4,3,6.0,South-East,5 to 10 Year Old,2295.32918646164,1900.0,2600.020045,1,0,1,Sector 1 Imt Manesar,0,1,0,0,0,16,5.0,5.0,5.0,5.0,5.0,12,0,2,0,0,1,0,1,0,0,0,0
flat,hsiidc sidco shivalik apartments3.8 â˜…,0.48,3840.0,1250.0,2,2,3,7.0,South,5 to 10 Year Old,1182.3566570855735,770.0,1250.011707,1,0,1,Sector 1 Imt Manesar,0,0,0,0,0,18,5.0,5.0,5.0,5.0,5.0,12,0,2,0,0,1,0,1,0,0,0,0
flat,hsiidc sidco aravali,0.86,3323.0,2588.0,3,3,3+,3.0,South,5 to 10 Year Old,1900.0,1877.0,2587.964477,1,1,1,Sector 1 Imt Manesar,0,1,0,0,0,17,5.0,5.0,5.0,5.0,5.0,12,0,2,0,0,1,0,1,0,0,0,0
flat,hsiidc sidco aravali,0.81,3129.0,2589.0,3,3,3+,2.0,South-West,5 to 10 Year Old,1900.0,1877.0,2587.964477,1,1,1,Sector 1 Imt Manesar,0,1,0,0,0,15,5.0,5.0,5.0,5.0,5.0,12,0,2,0,0,1,0,1,0,0,0,0
flat,signature andour heights3.8 â˜…,0.37,7400.0,500.0,1,1,2,2.0,North-East,1 to 5 Year Old,425.0,366.48,499.983155,1,1,1,Sector 71 Gurgaon,0,0,0,0,0,6,5.0,5.0,5.0,5.0,5.0,15,0,1,2,0,0,0,1,0,0,1,0
flat,signature andour heights3.8 â˜…,0.59,8428.0,700.0,2,2,1,6.0,North-East,5 to 10 Year Old,639.0,540.89,699.976417,1,1,1,Sector 71 Gurgaon,0,0,0,0,0,12,5.0,5.0,5.0,5.0,5.0,15,0,1,2,0,0,0,1,0,0,0,0
flat,signature andour heights3.8 â˜…,0.6,10000.0,600.0,2,2,1,5.0,South-West,1 to 5 Year Old,646.8776459127811,514.0,599.979786,1,0,1,Sector 71 Gurgaon,0,0,0,1,0,11,5.0,5.0,5.0,5.0,5.0,15,0,1,2,0,0,0,1,0,0,0,0
flat,signature andour heights3.8 â˜…,0.37,8222.0,450.0,1,1,2,2.0,North-East,1 to 5 Year Old,450.038659,366.48,521.5291616473112,0,1,1,Sector 71 Gurgaon,0,0,0,0,0,12,5.0,5.0,5.0,5.0,5.0,15,0,1,2,0,0,1,1,0,0,0,0
flat,m3m woodshire4.0 â˜…,0.9,6588.0,1366.0,2,2,3+,4.0,Unknown,1 to 5 Year Old,1277.9190652333336,1181.5306489010195,1366.046549,1,0,0,Sector 107 Gurgaon,0,0,0,0,0,4,5.0,5.0,5.0,5.0,5.0,6,1,0,0,0,1,0,0,0,0,0,0
flat,conscient habitat3.6 â˜…,0.271,5599.0,484.0,2,2,1,8.0,South-West,1 to 5 Year Old,551.3152377650212,484.052583,553.456511094359,0,0,1,Sector 99A Gurgaon,0,0,0,0,1,8,5.0,5.0,5.0,5.0,5.0,0,0,0,0,0,1,0,0,0,0,0,0
flat,prime habitat,0.261,4745.0,550.0,2,2,1,6.0,North-East,1 to 5 Year Old,605.6869527456431,550.03529,615.4331306092168,0,0,1,Sector 99A Gurgaon,0,0,0,0,1,15,5.0,5.0,5.0,5.0,5.0,8,1,1,0,0,1,0,0,0,0,0,0
flat,paras dews,0.95,6859.0,1385.0,2,2,3+,2.0,North,1 to 5 Year Old,940.0,845.0,1384.9910129999998,1,1,1,Sector 106 Gurgaon,0,0,0,0,0,8,5.0,5.0,5.0,5.0,5.0,11,1,1,0,1,1,0,0,0,0,0,0
flat,paras dews,0.92,6642.0,1385.0,2,2,3+,2.0,East,1 to 5 Year Old,940.0,845.0,1384.9910129999998,1,1,1,Sector 106 Gurgaon,0,0,0,0,0,31,5.0,5.0,5.0,5.0,5.0,11,1,1,0,1,1,0,1,0,0,0,0
flat,paras dews,0.87,9255.0,940.0,2,2,3+,1.0,North-East,0 to 1 Year Old,1120.0,940.0,1384.9910129999998,1,1,1,Sector 106 Gurgaon,0,0,0,0,0,31,5.0,5.0,5.0,5.0,5.0,11,1,1,0,1,0,0,0,1,0,0,0
flat,ramprastha the edge towers3.5 â˜…,0.8,8888.0,900.0,2,2,3,10.0,South-East,1 to 5 Year Old,1310.0,900.0,1380.039619,1,1,1,Sector 37D Gurgaon,0,0,0,0,1,30,5.0,5.0,5.0,5.0,5.0,15,3,1,3,0,1,0,0,0,0,0,0
flat,ramprastha the edge towers3.5 â˜…,0.98,5536.0,1770.0,3,3,3+,5.0,North-East,1 to 5 Year Old,1675.0,1400.0,1770.015716,1,1,1,Sector 37D Gurgaon,0,0,0,1,0,31,5.0,5.0,5.0,5.0,5.0,15,3,1,3,0,0,0,1,1,0,0,0
flat,imperia the esfera,0.99,5454.0,1815.0,3,4,3,9.0,North-East,1 to 5 Year Old,1647.8114898742324,1510.0,1815.008818,1,0,1,Sector 37C Gurgaon,0,1,0,0,0,8,5.0,5.0,5.0,5.0,5.0,8,2,1,0,0,1,0,0,0,0,0,0
flat,imperia the esfera,0.86,5449.0,1578.0,2,3,3,9.0,South-East,1 to 5 Year Old,1452.5676042619984,1310.0,1577.9877399999998,1,0,1,Sector 37C Gurgaon,1,0,0,0,1,8,5.0,5.0,5.0,5.0,5.0,8,2,1,0,0,1,0,0,0,0,0,0
flat,imperia the esfera,0.98,5399.0,1815.0,3,4,3,9.0,South-West,1 to 5 Year Old,1647.8114898742324,1510.0,1815.008818,1,0,1,Sector 37C Gurgaon,0,1,0,0,1,8,5.0,5.0,5.0,5.0,5.0,8,2,1,0,0,1,0,0,0,0,0,0
flat,imperia the esfera,0.85,5386.0,1578.0,2,3,3,9.0,South-East,1 to 5 Year Old,1452.5676042619984,1310.0,1577.9877399999998,1,0,1,Sector 37C Gurgaon,1,0,0,0,0,8,5.0,5.0,5.0,5.0,5.0,8,2,1,0,0,1,0,0,0,0,0,0
flat,pivotal devaan,0.365,7588.0,481.0,2,2,1,9.0,West,1 to 5 Year Old,548.8437961749928,481.0,582.972824,1,0,1,Sector 84 Gurgaon,0,0,1,0,0,14,5.0,5.0,5.0,5.0,5.0,15,4,2,1,0,0,0,0,0,0,0,0
flat,pivotal devaan,0.34,7039.0,483.0,2,2,1,1.0,East,1 to 5 Year Old,550.4914239016784,482.976193,552.51747140474,0,0,1,Sector 84 Gurgaon,0,0,1,0,0,16,5.0,5.0,5.0,5.0,5.0,15,4,2,1,0,0,0,0,0,0,0,0
flat,pivotal devaan,0.34,5831.0,583.0,2,2,1,3.0,East,1 to 5 Year Old,632.8728102359541,484.0,582.972824,1,0,1,Sector 84 Gurgaon,0,0,1,0,0,15,5.0,5.0,5.0,5.0,5.0,15,4,2,1,0,0,0,0,0,0,0,0
flat,pivotal devaan,0.35,7276.0,481.0,2,2,1,10.0,West,1 to 5 Year Old,548.8437961749928,481.0,582.972824,1,0,1,Sector 84 Gurgaon,0,0,1,0,0,16,5.0,5.0,5.0,5.0,5.0,15,4,2,1,0,0,0,0,0,0,0,0
flat,aipl club residences,0.85,9139.0,930.0,2,2,2,5.0,South-East,1 to 5 Year Old,918.7362208158912,830.868853539694,930.00096,1,0,0,Sector 70A Gurgaon,0,0,0,0,0,12,5.0,5.0,5.0,5.0,5.0,11,1,1,0,0,1,0,1,0,0,0,0
flat,ramsons kshitij3.7 â˜…,0.175,544.0,3217.0,1,1,1,12.0,North-East,1 to 5 Year Old,2802.7985262807792,3211.94776,3119.851982823244,0,0,1,Sector 95 Gurgaon,0,0,0,0,0,10,5.0,5.0,5.0,5.0,5.0,3,0,0,0,0,0,0,0,0,0,0,0
flat,rof ananda,0.2,5463.0,366.0,1,1,1,10.0,West,1 to 5 Year Old,454.1052018905757,366.080239,442.6498277193103,0,0,1,Sector 95 Gurgaon,0,0,0,0,0,15,5.0,5.0,5.0,5.0,5.0,15,0,0,0,1,1,0,1,0,0,0,0
flat,hsiidc sidco shivalik apartments3.8 â˜…,0.6,4000.0,1500.0,3,2,2,5.0,South-East,5 to 10 Year Old,1388.3101229212634,1077.0,1499.949465,1,0,1,Sector 1 Imt Manesar,0,0,0,0,0,17,5.0,5.0,5.0,5.0,5.0,12,0,2,0,0,1,0,1,0,0,0,0
flat,rof ananda,0.37,5744.0,644.0,3,2,1,6.0,South-East,1 to 5 Year Old,683.1254558998625,644.111776,703.7028614334083,0,0,1,Sector 95 Gurgaon,0,0,0,1,0,13,5.0,5.0,5.0,5.0,5.0,15,0,0,0,1,1,0,1,0,0,0,0
flat,rof ananda,0.38,5899.0,644.0,3,2,1,2.0,South-East,1 to 5 Year Old,683.1254558998625,644.111776,703.7028614334083,0,0,1,Sector 95 Gurgaon,0,0,0,1,0,12,5.0,5.0,5.0,5.0,5.0,15,0,0,0,1,1,0,1,0,0,0,0
flat,rof ananda,0.32,5827.0,549.0,2,2,1,9.0,North,1 to 5 Year Old,604.8631388823004,549.174178,614.4940909195979,0,0,1,Sector 95 Gurgaon,0,0,0,1,0,13,5.0,5.0,5.0,5.0,5.0,15,0,0,0,1,1,0,1,0,0,0,0
flat,rof ananda,0.315,5736.0,549.0,2,2,1,10.0,North,1 to 5 Year Old,604.8631388823004,549.174178,614.4940909195979,0,0,1,Sector 95 Gurgaon,0,0,0,1,0,10,5.0,5.0,5.0,5.0,5.0,15,0,0,0,1,1,0,1,0,0,0,0
flat,rof ananda,0.2,5463.0,366.0,1,1,1,9.0,South-West,1 to 5 Year Old,454.1052018905757,366.080239,442.6498277193103,0,0,1,Sector 95 Gurgaon,0,0,0,1,0,9,5.0,5.0,5.0,5.0,5.0,15,0,0,0,1,1,0,1,0,0,0,0
flat,rof ananda,0.205,5599.0,366.0,1,1,1,2.0,South-West,1 to 5 Year Old,454.1052018905757,366.080239,442.6498277193103,0,0,1,Sector 95 Gurgaon,0,0,0,1,0,10,5.0,5.0,5.0,5.0,5.0,15,0,0,0,1,1,0,1,0,0,0,0
flat,signature andour heights3.8 â˜…,0.55,8607.0,639.0,2,2,1,7.0,South-East,1 to 5 Year Old,600.0,541.0,639.052743,1,1,1,Sector 71 Gurgaon,0,0,0,0,0,4,5.0,5.0,5.0,5.0,5.0,15,0,1,2,0,0,0,0,0,0,0,0
flat,sare homes,0.68,5238.0,1298.0,3,3,2,11.0,North-West,1 to 5 Year Old,1221.8997225260264,1298.018701,1317.834818444272,0,0,1,Sector 92 Gurgaon,0,0,0,1,0,17,5.0,5.0,5.0,5.0,5.0,8,0,0,0,0,1,0,1,0,0,0,0
flat,suncity avenue 1023.9 â˜…,0.475,8928.0,532.0,2,2,1,5.0,South-East,1 to 5 Year Old,590.8583032054735,532.0,631.948569,1,0,1,Sector 102 Gurgaon,0,0,1,0,0,26,5.0,5.0,5.0,5.0,5.0,12,1,1,0,0,1,0,1,0,0,0,0
flat,bestech park view residency3.9 â˜…,0.98,6261.0,1565.0,2,2,3,14.0,South-West,5 to 10 Year Old,1441.858024038543,1341.5804132975882,1564.9634209999997,1,0,0,Palam Vihar,1,0,0,0,0,18,5.0,5.0,5.0,5.0,5.0,10,1,1,0,1,1,0,1,0,0,0,0
flat,bestech park view residency3.9 â˜…,0.562,8632.0,651.0,1,2,2,7.0,North-East,5 to 10 Year Old,688.8921529432617,651.0006719999999,710.2761392607417,0,0,1,Palam Vihar,0,0,0,0,0,17,5.0,5.0,5.0,5.0,5.0,10,1,1,0,1,1,0,1,0,0,0,0
flat,suncity avenue 1023.9 â˜…,0.48,9022.0,532.0,2,2,1,5.0,North-East,1 to 5 Year Old,590.8583032054735,532.0,631.948569,1,0,1,Sector 102 Gurgaon,0,0,1,0,0,29,5.0,5.0,5.0,5.0,5.0,12,1,1,0,0,1,0,1,0,0,0,0
flat,vatika gurgaon 213.7 â˜…,0.83,6666.0,1245.0,2,2,2,12.0,North,1 to 5 Year Old,1154.0,945.0,1244.952674,1,1,1,Sector 83 Gurgaon,0,0,0,1,0,29,5.0,5.0,5.0,5.0,5.0,10,1,0,0,1,1,0,1,0,0,0,0
flat,shapoorji pallonji joyville gurugram4.0 â˜…,0.97,16454.0,590.0,2,2,2,10.0,North-East,1 to 5 Year Old,638.6395072793534,589.49,915.039139,1,0,1,Sector 102 Gurgaon,0,0,0,0,0,28,5.0,5.0,5.0,5.0,5.0,13,1,1,0,0,1,0,1,0,0,0,0
flat,pyramid urban homes 2,0.43,8582.0,501.0,2,2,1,6.0,North-East,0 to 1 Year Old,565.3200734418481,500.951906,569.4201858178831,0,0,1,Sector 86 Gurgaon,1,0,0,0,0,14,5.0,5.0,5.0,5.0,5.0,10,1,0,0,0,1,0,0,0,0,0,0
flat,pyramid urban homes 2,0.43,8582.0,501.0,2,2,1,6.0,North-East,0 to 1 Year Old,565.3200734418481,500.951906,569.4201858178831,0,0,1,Sector 86 Gurgaon,0,0,0,0,1,12,5.0,5.0,5.0,5.0,5.0,10,1,0,0,0,1,0,0,0,0,0,0
flat,pyramid urban homes 2,0.425,8483.0,501.0,2,2,1,2.0,North-East,0 to 1 Year Old,565.3200734418481,500.951906,569.4201858178831,0,0,1,Sector 86 Gurgaon,1,1,0,1,1,13,5.0,5.0,5.0,5.0,5.0,10,1,0,0,0,1,0,0,0,0,0,0
flat,apex our homes,0.35,3783.0,925.0,2,2,1,7.0,East,1 to 5 Year Old,850.0,800.0,925.049566,1,1,1,Sector 37C Gurgaon,0,0,0,0,0,29,5.0,5.0,5.0,5.0,5.0,4,1,1,0,0,1,0,1,0,0,0,0
flat,apex our homes,0.33,3567.0,925.0,2,2,1,3.0,West,1 to 5 Year Old,850.0,800.0,925.049566,1,1,1,Sector 37C Gurgaon,0,0,0,0,0,29,5.0,5.0,5.0,5.0,5.0,4,1,1,0,0,1,0,1,0,0,0,0
flat,eldeco accolade3.8 â˜…,0.73,5775.0,1264.0,2,2,3,5.0,West,1 to 5 Year Old,1193.8900511723728,730.0,1264.004777,1,0,1,Sohna,0,0,0,1,0,6,5.0,5.0,5.0,5.0,5.0,7,1,1,0,0,1,0,0,0,0,0,0
flat,eldeco accolade3.8 â˜…,0.715,4907.0,1457.0,2,2,3+,10.0,North-East,1 to 5 Year Old,1352.8861267975249,849.0,1457.001504,1,0,1,Sohna,1,0,0,0,0,8,5.0,5.0,5.0,5.0,5.0,7,1,1,0,0,0,0,0,0,0,0,0
flat,eldeco accolade3.8 â˜…,0.655,5181.0,1264.0,2,2,3,12.0,North-West,1 to 5 Year Old,1193.8900511723728,730.0,1264.004777,1,0,1,Sohna,0,0,0,1,0,8,5.0,5.0,5.0,5.0,5.0,7,1,1,0,0,0,0,0,0,0,0,0
flat,signature global park4.0 â˜…,0.9,6254.0,1439.0,3,3,3,3.0,North-West,1 to 5 Year Old,1338.057477257355,1439.025791,1450.239414680559,0,0,1,Sohna,0,0,0,1,0,16,5.0,5.0,5.0,5.0,5.0,8,1,1,0,1,0,0,1,0,0,0,0
flat,signature global park4.0 â˜…,0.775,6404.0,1210.0,3,3,3,1.0,South-East,1 to 5 Year Old,1149.4041025518636,1209.969999,1235.199325757795,0,0,1,Sohna,0,0,0,1,0,28,5.0,5.0,5.0,5.0,5.0,8,1,1,0,1,0,0,1,0,0,0,0
flat,signature global park4.0 â˜…,0.7,6071.0,1153.0,3,3,3,2.0,North,1 to 5 Year Old,1102.4467123413265,1153.028968,1181.6740634495086,0,0,1,Sohna,0,0,0,1,0,27,5.0,5.0,5.0,5.0,5.0,8,1,1,0,1,0,0,1,0,0,0,0
flat,signature global park4.0 â˜…,0.532,6295.0,845.0,2,2,2,1.0,East,1 to 5 Year Old,848.7120424317568,844.96615,892.4498390468389,0,0,1,Sohna,0,0,0,1,0,30,5.0,5.0,5.0,5.0,5.0,8,1,1,0,1,0,0,1,0,0,0,0
flat,signature global park4.0 â˜…,0.52,6326.0,822.0,2,2,2,3.0,North-West,1 to 5 Year Old,829.7643235748734,822.039043,870.8519261856005,0,0,1,Sohna,0,0,0,1,0,28,5.0,5.0,5.0,5.0,5.0,8,1,1,0,1,0,0,1,0,0,0,0
flat,signature global park4.0 â˜…,0.905,6289.0,1439.0,3,3,3,1.0,West,1 to 5 Year Old,1338.057477257355,1439.025791,1450.239414680559,0,0,1,Sohna,0,0,0,1,0,30,5.0,5.0,5.0,5.0,5.0,8,1,1,0,1,0,0,1,0,0,0,0
flat,signature global park4.0 â˜…,0.525,6386.0,822.0,2,2,2,2.0,North-East,1 to 5 Year Old,829.7643235748734,822.039043,870.8519261856005,0,0,1,Sohna,0,0,0,1,0,30,5.0,5.0,5.0,5.0,5.0,8,1,1,0,1,0,0,1,0,0,0,0
flat,eldeco accolade3.8 â˜…,0.73,5752.0,1269.0,2,2,3,9.0,North-East,1 to 5 Year Old,1198.0091204890864,1103.5164421348532,1268.956171,1,0,0,Sohna,0,0,0,1,0,19,5.0,5.0,5.0,5.0,5.0,7,1,1,0,0,0,0,0,0,0,0,0
flat,eldeco accolade3.8 â˜…,0.725,4975.0,1457.0,2,2,3+,12.0,East,1 to 5 Year Old,1352.8861267975249,849.0,1457.001504,1,0,1,Sohna,1,0,0,0,0,27,5.0,5.0,5.0,5.0,5.0,7,1,1,0,0,0,0,0,0,0,0,0
flat,eldeco accolade3.8 â˜…,0.725,5735.0,1264.0,2,2,3,8.0,West,1 to 5 Year Old,1193.8900511723728,1264.004777,1285.907468997224,0,0,1,Sohna,0,0,0,0,0,27,5.0,5.0,5.0,5.0,5.0,7,1,1,0,0,0,0,0,0,0,0,0
flat,signature global park4.0 â˜…,0.725,5991.0,1210.0,2,2,3,3.0,North-West,1 to 5 Year Old,1149.4041025518636,1056.0645019368758,1209.969999,1,0,0,Sohna,0,0,0,1,0,29,5.0,5.0,5.0,5.0,5.0,8,1,1,0,1,0,0,1,0,0,0,0
flat,signature global park4.0 â˜…,0.535,6331.0,845.0,2,2,2,4.0,West,1 to 5 Year Old,848.7120424317568,844.96615,892.4498390468389,0,0,1,Sohna,0,0,0,1,0,29,5.0,5.0,5.0,5.0,5.0,8,1,1,0,1,0,0,1,0,0,0,0
flat,signature global park4.0 â˜…,0.67,5537.0,1210.0,2,2,3,4.0,North-East,1 to 5 Year Old,1149.4041025518636,1056.0645019368758,1209.969999,1,0,0,Sohna,0,0,0,1,0,24,5.0,5.0,5.0,5.0,5.0,8,1,1,0,1,0,0,1,0,0,0,0
flat,signature global park4.0 â˜…,0.78,6446.0,1210.0,3,3,3,3.0,South-West,1 to 5 Year Old,1149.4041025518636,1209.969999,1235.199325757795,0,0,1,Sohna,0,0,0,1,0,28,5.0,5.0,5.0,5.0,5.0,8,1,1,0,1,0,0,1,0,0,0,0
flat,signature global park4.0 â˜…,0.65,5637.0,1153.0,2,2,2,2.0,North-West,1 to 5 Year Old,1102.4467123413265,1010.2211020845924,1153.028968,1,0,0,Sohna,0,0,0,1,0,23,5.0,5.0,5.0,5.0,5.0,8,1,1,0,1,0,0,1,0,0,0,0
flat,vatika gurgaon 213.7 â˜…,0.95,6574.0,1445.0,2,2,3,5.0,South,1 to 5 Year Old,1300.0,1200.0,1444.945936,1,1,1,Sector 83 Gurgaon,0,0,0,0,0,19,5.0,5.0,5.0,5.0,5.0,10,1,0,0,1,0,0,0,0,0,0,0
flat,vatika gurgaon 213.7 â˜…,0.98,8166.0,1200.0,2,2,3,5.0,South,1 to 5 Year Old,1300.0,1200.0,1444.945936,1,1,1,Sector 83 Gurgaon,0,0,0,0,0,19,5.0,5.0,5.0,5.0,5.0,10,1,0,0,1,0,0,0,0,0,0,0
flat,tulip white3.5 â˜…,0.9,6787.0,1326.0,3,2,3,6.0,North-East,1 to 5 Year Old,1244.9665106996235,1326.004841,1344.1279297536057,0,0,1,Sector 69 Gurgaon,0,0,0,1,0,22,5.0,5.0,5.0,5.0,5.0,43,0,7,11,0,1,0,1,0,0,0,0
flat,godrej aria3.8 â˜…,0.95,6551.0,1450.0,2,2,3,5.0,East,1 to 5 Year Old,1347.1194297541256,1450.004969,1460.5688512663687,0,0,1,Sector 79 Gurgaon,0,0,0,0,0,31,5.0,5.0,5.0,5.0,5.0,11,1,1,0,0,1,0,0,0,0,0,0
flat,signature global orchard avenue3.6 â˜…,0.365,6715.0,544.0,2,2,2,6.0,North,1 to 5 Year Old,600.7440695655866,543.57695,609.7988924715025,0,0,1,Sector 93 Gurgaon,0,0,0,0,0,6,5.0,5.0,5.0,5.0,5.0,8,2,0,0,0,0,0,0,0,0,0,0
flat,bestech park view ananda4.2 â˜…,0.95,10626.0,894.0,2,2,2,2.0,North-East,1 to 5 Year Old,889.078921735552,894.0,1360.0187649999998,1,0,1,Sector 81 Gurgaon,0,0,0,0,0,19,5.0,5.0,5.0,5.0,5.0,10,1,1,0,1,0,1,1,1,0,0,0
flat,signature global orchard avenue3.6 â˜…,0.38,6387.0,595.0,2,2,2,7.0,North,1 to 5 Year Old,642.7585765960673,594.920753,657.6899166420744,0,0,1,Sector 93 Gurgaon,0,0,0,0,0,4,5.0,5.0,5.0,5.0,5.0,8,2,0,0,0,0,0,0,0,0,0,0
flat,signature global synera3.4 â˜…,0.4,6319.0,633.0,2,2,1,12.0,South,1 to 5 Year Old,674.0635034030921,539.0,633.024959,1,0,1,Sector 81 Gurgaon,0,0,0,0,0,5,5.0,5.0,5.0,5.0,5.0,10,1,1,0,0,0,0,1,0,0,0,0
flat,pyramid urban,0.62,11854.0,523.0,2,2,2,2.0,South,1 to 5 Year Old,583.4439784353888,523.017901,590.0790589895023,0,0,1,Sector 67A Gurgaon,0,0,0,0,0,15,5.0,5.0,5.0,5.0,5.0,11,3,0,0,0,1,0,1,0,0,0,0
flat,pyramid urban,0.55,10516.0,523.0,2,2,2,3.0,South-West,1 to 5 Year Old,583.4439784353888,523.017901,590.0790589895023,0,0,1,Sector 67A Gurgaon,0,0,0,0,0,15,5.0,5.0,5.0,5.0,5.0,11,3,0,0,0,1,0,1,0,0,0,0
flat,experion the heartsong3.9 â˜…,0.9,7014.0,1283.0,2,3,3,2.0,South,1 to 5 Year Old,978.23,734.43,1282.949241,1,1,1,Sector 108 Gurgaon,0,1,0,0,0,19,5.0,5.0,5.0,5.0,5.0,9,1,1,0,0,0,0,0,0,0,0,0
flat,signature global solera3.7 â˜…,0.36,6569.0,548.0,2,2,1,9.0,South,1 to 5 Year Old,604.0393250189577,523.6376475121103,547.990149,1,0,0,Sector 107 Gurgaon,0,0,0,0,0,5,5.0,5.0,5.0,5.0,5.0,11,0,1,0,0,1,0,0,0,0,0,0
flat,signature global solera3.7 â˜…,0.37,6751.0,548.0,2,2,1,10.0,South,1 to 5 Year Old,604.0393250189577,523.6376475121103,547.990149,1,0,0,Sector 107 Gurgaon,0,0,0,0,0,14,5.0,5.0,5.0,5.0,5.0,11,0,1,0,0,0,0,0,0,0,0,0
flat,signature global solera3.7 â˜…,0.5,4761.0,1050.0,3,2,2,5.0,South,1 to 5 Year Old,850.0,645.0,1050.018445,1,1,1,Sector 107 Gurgaon,0,0,0,0,1,6,5.0,5.0,5.0,5.0,5.0,11,0,1,0,0,1,0,1,1,0,0,0
flat,signature global synera3.4 â˜…,0.39,6500.0,600.0,2,2,2,6.0,South-West,1 to 5 Year Old,646.8776459127811,599.979786,662.3851150901697,0,0,1,Sector 81 Gurgaon,0,0,0,0,0,8,5.0,5.0,5.0,5.0,5.0,10,1,1,0,0,1,0,1,0,0,0,0
flat,signature global synera3.4 â˜…,0.38,9500.0,400.0,1,1,2,3.0,South-West,1 to 5 Year Old,482.11487324422944,399.986524,474.57717716635824,0,0,1,Sector 81 Gurgaon,0,0,0,0,0,8,5.0,5.0,5.0,5.0,5.0,10,1,1,0,0,1,0,1,0,0,0,0
flat,siddhartha apartment,0.72,3664.0,1965.0,3,3,2,4.0,East,1 to 5 Year Old,1800.0,1600.0,1964.949945,1,1,1,Sector 95 Gurgaon,0,0,0,0,1,4,5.0,5.0,5.0,5.0,5.0,4,0,0,0,0,1,0,1,1,0,0,0
flat,ramsons kshitij3.7 â˜…,0.28,3650.0,767.0,2,2,2,5.0,North-West,0 to 1 Year Old,784.4545610910217,699.7728153656203,767.035514,1,0,0,Sector 95 Gurgaon,0,0,0,0,1,0,5.0,5.0,5.0,5.0,5.0,3,0,0,0,0,1,0,1,1,0,0,0
flat,shree vardhman flora3.8 â˜…,0.65,4814.0,1350.0,2,2,3,3.0,North,1 to 5 Year Old,1264.73804341985,1168.6623261354666,1350.008338,1,0,0,Sector 90 Gurgaon,1,0,0,0,0,20,5.0,5.0,5.0,5.0,5.0,10,1,1,0,0,1,0,1,0,0,0,0
flat,gls avenue 51,0.39,6077.0,642.0,3,3,3+,6.0,North,1 to 5 Year Old,681.4778281731769,641.743718,701.8247820541702,0,0,1,Sector 92 Gurgaon,0,0,0,0,0,18,5.0,5.0,5.0,5.0,5.0,4,0,1,0,0,1,0,1,0,0,0,0
flat,experion the heartsong3.9 â˜…,0.98,13343.0,734.0,2,3,3,12.0,South-East,1 to 5 Year Old,978.223232,734.43,788.2164334991235,0,1,1,Sector 108 Gurgaon,1,1,1,1,0,6,5.0,5.0,5.0,5.0,5.0,9,1,1,0,0,1,0,1,0,0,0,0
flat,bptp astaire gardens3.7 â˜…,0.975,6587.0,1480.0,3,3,3+,1.0,West,1 to 5 Year Old,1371.8338456544084,1273.2174486055867,1480.03625,1,0,0,Sector 70A Gurgaon,0,0,0,0,1,24,5.0,5.0,5.0,5.0,5.0,12,1,0,0,1,1,0,1,1,0,0,0
flat,shree vardhman flora3.8 â˜…,0.85,4404.0,1930.0,3,4,3,3.0,South-East,1 to 5 Year Old,1742.5500841586495,1450.0,1929.96727,1,0,1,Sector 90 Gurgaon,0,1,1,0,0,22,5.0,5.0,5.0,5.0,5.0,10,1,1,0,0,0,0,0,0,0,0,0
flat,viridian the plaza 106,0.39,5571.0,700.0,1,1,1,7.0,East,1 to 5 Year Old,729.2590322470569,450.0,699.976417,1,0,1,Sector 106 Gurgaon,0,0,0,0,0,20,5.0,5.0,5.0,5.0,5.0,5,0,0,0,1,1,0,0,0,0,0,0
flat,vatika the seven lamps3.8 â˜…,0.885,8850.0,1000.0,2,2,2,14.0,East,1 to 5 Year Old,976.4031912498843,1000.0,1428.0466129999998,1,0,1,Sector 82 Gurgaon,1,0,0,0,0,24,5.0,5.0,5.0,5.0,5.0,10,1,1,0,0,0,1,1,0,0,0,0
flat,vatika the seven lamps3.8 â˜…,0.86,6022.0,1428.0,2,2,2,12.0,East,1 to 5 Year Old,1328.9955247605849,1231.3953996175387,1429.984115,1,0,0,Sector 82 Gurgaon,1,0,0,0,0,26,5.0,5.0,5.0,5.0,5.0,10,1,1,0,0,0,1,1,0,0,0,0
flat,antriksh heights3.7 â˜…,0.85,4927.0,1725.0,3,3,3+,10.0,North,1 to 5 Year Old,1573.668242173384,1470.2636409531208,1725.0226139999995,1,0,0,Sector 84 Gurgaon,1,0,0,0,0,11,5.0,5.0,5.0,5.0,5.0,3,1,0,0,0,0,0,0,0,0,0,0
flat,pyramid urban homes 2,0.415,6905.0,601.0,2,2,1,3.0,West,1 to 5 Year Old,647.7014597761238,600.948537,663.3241547797888,0,0,1,Sector 86 Gurgaon,0,0,0,0,0,11,5.0,5.0,5.0,5.0,5.0,10,1,0,0,0,0,0,1,0,0,0,0
flat,pivotal devaan,0.37,6346.0,583.0,2,2,1,5.0,North-West,1 to 5 Year Old,632.8728102359541,483.0,582.972824,1,0,1,Sector 84 Gurgaon,0,0,0,0,0,14,5.0,5.0,5.0,5.0,5.0,15,4,2,1,0,0,0,1,0,0,0,0
flat,antriksh heights3.7 â˜…,0.88,4821.0,1825.0,3,3,3,16.0,Unknown,1 to 5 Year Old,1656.0496285076597,1550.6906582378283,1825.019245,1,0,0,Sector 84 Gurgaon,0,0,0,1,0,13,5.0,5.0,5.0,5.0,5.0,3,1,0,0,0,0,0,0,0,0,0,0
flat,antriksh heights3.7 â˜…,0.9,4444.0,2025.0,3,3,3,18.0,Unknown,1 to 5 Year Old,1820.812401176212,1711.544692807244,2025.012507,1,0,0,Sector 84 Gurgaon,0,1,0,1,0,12,5.0,5.0,5.0,5.0,5.0,3,1,0,0,0,0,0,0,0,0,0,0
flat,antriksh heights3.7 â˜…,0.6,5000.0,1200.0,2,2,2,14.0,North,1 to 5 Year Old,1141.165963918436,1048.0218002084048,1199.959572,1,0,0,Sector 84 Gurgaon,0,0,0,0,0,11,5.0,5.0,5.0,5.0,5.0,3,1,0,0,0,0,1,0,0,0,0,0
flat,antriksh heights3.7 â˜…,0.92,5041.0,1825.0,3,3,3,2.0,East,1 to 5 Year Old,1656.0496285076597,1550.6906582378283,1825.019245,1,0,0,Sector 84 Gurgaon,1,0,0,1,0,14,5.0,5.0,5.0,5.0,5.0,3,1,0,0,0,0,0,0,0,0,0,0
flat,antriksh heights3.7 â˜…,0.69,5111.0,1350.0,2,2,3+,8.0,West,1 to 5 Year Old,1264.73804341985,1168.6623261354666,1350.008338,1,0,0,Sector 84 Gurgaon,1,0,0,0,0,13,5.0,5.0,5.0,5.0,5.0,3,1,0,0,0,0,0,0,0,0,0,0
flat,sare homes,0.65,4587.0,1417.0,3,3,2,3.0,Unknown,1 to 5 Year Old,1319.9335722638143,1416.959796,1429.58054150894,0,0,1,Sector 92 Gurgaon,0,0,0,0,0,1,5.0,5.0,5.0,5.0,5.0,7,0,0,0,0,0,0,0,0,0,0,0
flat,sare crescent parc3.5 â˜…,0.51,4080.0,1250.0,3,2,2,2.0,North,1 to 5 Year Old,1182.3566570855735,1088.2353088507589,1250.011707,1,0,0,Sector 92 Gurgaon,0,0,0,0,0,14,5.0,5.0,5.0,5.0,5.0,8,0,0,0,0,1,0,0,0,0,0,0
flat,vatika iris floors,0.634,5590.0,1134.0,2,2,3+,2.0,East,1 to 5 Year Old,1086.794248937814,994.9399688004978,1133.976865,1,0,0,Sector 82 Gurgaon,1,0,0,0,0,19,5.0,5.0,5.0,5.0,5.0,6,1,0,0,0,0,0,0,0,0,0,0
flat,bestech park view ananda4.2 â˜…,0.95,6985.0,1360.0,2,2,2,13.0,South-East,1 to 5 Year Old,1150.0,894.0,1360.0187649999998,1,1,1,Sector 81 Gurgaon,0,0,0,0,0,31,5.0,5.0,5.0,5.0,5.0,10,1,1,0,1,1,0,1,0,0,0,0
flat,antriksh heights3.7 â˜…,0.9,4931.0,1825.0,3,3,3,11.0,South,1 to 5 Year Old,1656.0496285076597,1550.6906582378283,1825.019245,1,0,0,Sector 84 Gurgaon,0,0,0,0,0,18,5.0,5.0,5.0,5.0,5.0,3,1,0,0,0,0,0,0,0,0,0,0
flat,antriksh heights3.7 â˜…,0.535,4458.0,1200.0,2,2,3+,17.0,North-West,1 to 5 Year Old,1141.165963918436,1048.0218002084048,1199.959572,1,0,0,Sector 84 Gurgaon,0,0,0,0,0,17,5.0,5.0,5.0,5.0,5.0,3,1,0,0,0,0,1,1,0,0,0,0
flat,vatika emilia floors3.7 â˜…,0.65,6190.0,1050.0,2,2,2,1.0,South,1 to 5 Year Old,950.0,850.0,1050.018445,1,1,1,Sector 83 Gurgaon,0,0,0,0,0,32,5.0,5.0,5.0,5.0,5.0,15,1,1,0,0,1,0,1,0,0,0,0
flat,vatika emilia floors3.7 â˜…,0.6,5714.0,1050.0,2,2,2,1.0,South,1 to 5 Year Old,990.0,950.0,1050.018445,1,1,1,Sector 83 Gurgaon,0,0,0,0,0,31,5.0,5.0,5.0,5.0,5.0,15,1,1,0,0,1,0,1,0,0,0,0
flat,umang winter hills3.9 â˜…,0.75,5588.0,1342.0,2,2,2,7.0,North-East,1 to 5 Year Old,1180.0,1050.0,1342.043052,1,1,1,Sector 77 Gurgaon,0,0,0,0,0,32,5.0,5.0,5.0,5.0,5.0,10,1,1,0,0,1,0,1,0,0,0,0
flat,bestech park view ananda4.2 â˜…,0.95,6985.0,1360.0,2,2,2,14.0,North-East,1 to 5 Year Old,1260.0,894.0,1360.0187649999998,1,1,1,Sector 81 Gurgaon,0,0,0,0,0,31,5.0,5.0,5.0,5.0,5.0,10,1,1,0,1,1,0,1,0,0,0,0
flat,antriksh heights3.7 â˜…,0.9,6206.0,1450.0,3,3,3+,12.0,North-East,1 to 5 Year Old,1525.0,1450.0,1725.0226139999995,1,1,1,Sector 84 Gurgaon,0,0,0,0,0,30,5.0,5.0,5.0,5.0,5.0,3,1,0,0,0,1,0,1,0,0,0,0
flat,antriksh heights3.7 â˜…,0.73,6083.0,1200.0,2,2,3+,4.0,North-West,1 to 5 Year Old,1141.165963918436,870.0,1199.959572,1,0,1,Sector 84 Gurgaon,1,0,1,1,0,28,5.0,5.0,5.0,5.0,5.0,3,1,0,0,0,0,0,0,0,0,0,0
flat,pyramid urban homes 2,0.44,7321.0,601.0,2,2,2,6.0,East,1 to 5 Year Old,647.7014597761238,600.948537,663.3241547797888,0,0,1,Sector 86 Gurgaon,0,0,0,0,0,11,5.0,5.0,5.0,5.0,5.0,10,1,0,0,0,0,0,1,0,0,0,0
flat,antriksh heights3.7 â˜…,0.84,4869.0,1725.0,3,3,3+,8.0,Unknown,0 to 1 Year Old,1573.668242173384,1470.2636409531208,1725.0226139999995,1,0,0,Sector 84 Gurgaon,0,0,0,1,0,13,5.0,5.0,5.0,5.0,5.0,3,1,0,0,0,0,0,1,0,0,0,0
flat,antriksh heights3.7 â˜…,0.79,4579.0,1725.0,3,3,3+,8.0,West,0 to 1 Year Old,1573.668242173384,1470.2636409531208,1725.0226139999995,1,0,0,Sector 84 Gurgaon,0,0,0,0,0,6,5.0,5.0,5.0,5.0,5.0,3,1,0,0,0,0,0,0,0,0,0,0
flat,godrej aria3.8 â˜…,0.96,13296.0,722.0,2,2,3,8.0,North-East,1 to 5 Year Old,747.3829372405976,722.0,1350.977089,1,0,1,Sector 79 Gurgaon,0,0,0,0,0,8,5.0,5.0,5.0,5.0,5.0,11,1,1,0,0,1,0,0,0,0,0,0
flat,shree vardhman flora3.8 â˜…,0.65,5000.0,1300.0,2,2,2,12.0,East,10+ Year Old,1223.547350252712,1128.4488174931128,1299.956203,1,0,0,Sector 90 Gurgaon,1,0,0,0,0,18,5.0,5.0,5.0,5.0,5.0,10,1,1,0,0,1,0,1,0,0,0,0
flat,shree vardhman flora3.8 â˜…,0.64,4923.0,1300.0,2,2,3,6.0,East,10+ Year Old,1223.547350252712,1100.0,1299.956203,1,0,1,Sector 90 Gurgaon,1,0,0,0,0,19,5.0,5.0,5.0,5.0,5.0,10,1,1,0,0,1,0,1,0,0,0,0
flat,vatika xpressions,0.92,7360.0,1250.0,2,2,2,3.0,North,1 to 5 Year Old,1300.0,1250.0,1350.008338,1,1,1,Sector 88B Gurgaon,0,0,0,1,0,30,5.0,5.0,5.0,5.0,5.0,7,2,1,0,0,1,0,1,0,0,0,0
flat,godrej summit3.7 â˜…,0.98,5950.0,1647.0,3,3,3,12.0,East,1 to 5 Year Old,1509.410760832649,1407.5305674710487,1646.984339,1,0,0,Sector 104 Gurgaon,0,0,0,0,1,14,5.0,5.0,5.0,5.0,5.0,15,1,1,0,1,1,1,1,1,0,0,0
flat,godrej summit3.7 â˜…,0.85,5878.0,1446.0,2,2,3+,10.0,East,1 to 5 Year Old,1269.0,777.0,1446.022326,1,1,1,Sector 104 Gurgaon,1,0,0,0,0,14,5.0,5.0,5.0,5.0,5.0,15,1,1,0,1,1,1,1,1,0,0,0
flat,godrej summit3.7 â˜…,0.75,5910.0,1269.0,2,2,3,6.0,East,1 to 5 Year Old,1198.0091204890864,1103.5164421348532,1268.956171,1,0,0,Sector 104 Gurgaon,0,0,0,0,1,14,5.0,5.0,5.0,5.0,5.0,15,1,1,0,1,1,1,1,1,0,0,0
flat,signature global solera3.7 â˜…,0.3,6134.0,489.0,2,2,1,5.0,East,1 to 5 Year Old,555.4343070817349,489.0,602.0249269999999,1,0,1,Sector 107 Gurgaon,0,0,0,0,0,9,5.0,5.0,5.0,5.0,5.0,11,0,1,0,0,1,1,1,1,0,0,0
flat,shree vardhman flora3.8 â˜…,0.9,4615.0,1950.0,3,4,3,4.0,East,1 to 5 Year Old,1759.0263614255043,1651.224429843713,1949.988124,1,0,0,Sector 90 Gurgaon,0,1,0,0,0,31,5.0,5.0,5.0,5.0,5.0,10,1,1,0,0,0,0,0,0,0,0,0
flat,shree vardhman flora3.8 â˜…,0.65,4814.0,1350.0,2,2,3,6.0,West,1 to 5 Year Old,1264.73804341985,1168.6623261354666,1350.008338,1,0,0,Sector 90 Gurgaon,1,0,0,0,0,32,5.0,5.0,5.0,5.0,5.0,10,1,1,0,0,0,0,0,0,0,0,0
flat,shree vardhman flora3.8 â˜…,0.9,4615.0,1950.0,3,4,3,4.0,South-West,1 to 5 Year Old,1759.0263614255043,1651.224429843713,1949.988124,1,0,0,Sector 90 Gurgaon,0,1,0,0,0,31,5.0,5.0,5.0,5.0,5.0,10,1,1,0,0,0,0,0,0,0,0,0
flat,shree vardhman flora3.8 â˜…,0.65,4814.0,1350.0,2,2,3,6.0,East,1 to 5 Year Old,1264.73804341985,1168.6623261354666,1350.008338,1,0,0,Sector 90 Gurgaon,1,0,0,0,0,31,5.0,5.0,5.0,5.0,5.0,10,1,1,0,0,0,0,0,0,0,0,0
flat,shree vardhman flora3.8 â˜…,0.66,5076.0,1300.0,2,2,3,4.0,North-East,1 to 5 Year Old,1223.547350252712,960.0,1299.956203,1,0,1,Sector 90 Gurgaon,1,0,0,0,0,22,5.0,5.0,5.0,5.0,5.0,10,1,1,0,0,1,0,1,0,0,0,0
flat,hsiidc sidco aravali,0.91,3516.0,2588.0,3,3,3+,8.0,East,5 to 10 Year Old,1900.0,2164.348800120149,2587.964477,1,1,0,Sector 1 Imt Manesar,0,1,0,0,0,5,5.0,5.0,5.0,5.0,5.0,12,0,2,0,0,0,0,0,0,0,0,0
flat,the crew bos chs manesar,0.85,3695.0,2300.0,3,3,2,2.0,East,5 to 10 Year Old,2047.36121359547,2300.030152,2258.752587442568,0,0,1,Manesar,0,0,0,0,0,10,5.0,5.0,5.0,5.0,5.0,11,0,1,0,0,0,0,0,0,0,0,0
flat,nagata group housing society,0.85,3695.0,2300.0,3,3,3+,4.0,North,1 to 5 Year Old,2047.36121359547,1932.7189903401904,2300.030152,1,0,0,Sector 1 Gurgaon,0,1,0,0,0,2,5.0,5.0,5.0,5.0,5.0,11,0,1,0,0,0,0,0,0,0,0,0
flat,mapsko casa bella3.8 â˜…,0.8575,8120.0,1056.0,3,3,3,5.0,South,5 to 10 Year Old,1022.5367675970788,1056.0,1429.984115,1,0,1,Sector 82 Gurgaon,1,0,0,0,0,20,5.0,5.0,5.0,5.0,5.0,11,1,0,0,0,0,0,0,0,0,0,0
flat,bestech park view ananda4.2 â˜…,0.8798999999999999,8042.0,1094.0,2,2,3,8.0,West,1 to 5 Year Old,1053.8416944041037,1094.0,1360.0187649999998,1,0,1,Sector 81 Gurgaon,1,0,0,0,0,17,5.0,5.0,5.0,5.0,5.0,10,1,1,0,1,0,1,0,0,0,0,0
flat,bestech park view ananda4.2 â˜…,0.8698999999999999,7951.0,1094.0,2,2,3,8.0,West,1 to 5 Year Old,1300.0,1094.0,1360.0187649999998,1,1,1,Sector 81 Gurgaon,0,0,0,0,0,19,5.0,5.0,5.0,5.0,5.0,10,1,1,0,1,0,0,0,0,0,0,0
flat,raheja vedaanta3.6 â˜…,0.85,4637.0,1833.0,3,3,2,2.0,North-East,1 to 5 Year Old,1500.0,1350.0,1832.984531,1,1,1,Sector 108 Gurgaon,0,1,0,0,0,12,5.0,5.0,5.0,5.0,5.0,0,0,0,0,0,1,0,1,0,0,0,0
flat,shapoorji pallonji joyville gurugram4.0 â˜…,0.96,10491.0,915.0,2,2,2,10.0,East,1 to 5 Year Old,906.37901286575,818.8048009469878,915.039139,1,0,0,Sector 102 Gurgaon,0,0,0,0,0,23,5.0,5.0,5.0,5.0,5.0,13,1,1,0,0,1,0,1,0,0,0,0
flat,signature global solera3.7 â˜…,0.495,8222.0,602.0,2,2,1,8.0,South-West,1 to 5 Year Old,598.0,567.0682368458525,602.0249269999999,1,1,0,Sector 107 Gurgaon,0,0,0,0,1,8,5.0,5.0,5.0,5.0,5.0,11,0,1,0,0,1,0,0,0,0,0,0
flat,ashiana apartment,0.16,2051.0,780.0,2,2,2,1.0,Unknown,5 to 10 Year Old,795.1641413144775,710.2283276126324,779.9521939999998,1,0,0,Sector 23A Gurgaon,0,0,0,0,0,0,5.0,5.0,5.0,5.0,5.0,26,2,2,3,1,0,0,0,0,0,0,0
flat,hcbs sports ville3.6 â˜…,0.2,2666.0,750.0,2,2,1,4.0,Unknown,0 to 1 Year Old,743.0,600.0,750.028552,1,1,1,Sohna,0,0,0,0,0,3,5.0,5.0,5.0,5.0,5.0,5,0,0,0,0,0,0,0,0,0,0,0
flat,orchid island4.2 â˜…,0.715,7891.0,906.0,2,2,1,4.0,Unknown,1 to 5 Year Old,898.9646880956651,905.997463,949.7312601136014,0,0,1,Sector 51 Gurgaon,0,0,0,0,0,5,5.0,5.0,5.0,5.0,5.0,9,1,1,0,1,0,0,0,0,0,0,0
flat,signature global park4.0 â˜…,0.54,6506.0,830.0,2,2,1,2.0,Unknown,1 to 5 Year Old,836.3548344816155,830.004329,878.364243702553,0,0,1,Sohna,0,0,0,0,0,4,5.0,5.0,5.0,5.0,5.0,8,1,1,0,1,0,0,0,0,0,0,0
flat,vipul lavanya3.9 â˜…,0.645,5265.0,1225.0,2,2,2,14.0,Unknown,5 to 10 Year Old,1161.761310502005,776.0,1225.039459,1,0,1,Sector 81 Gurgaon,0,0,0,0,0,17,5.0,5.0,5.0,5.0,5.0,14,0,0,0,0,0,0,0,0,0,0,0
flat,signature global the millennia 3,0.45,7627.0,590.0,2,3,2,8.0,Unknown,Under Construction,638.6395072793534,589.969359,652.9947181939792,0,0,1,Sector 37D Gurgaon,0,0,0,0,0,2,5.0,5.0,5.0,5.0,5.0,12,2,1,0,0,0,0,0,0,0,0,0
flat,avl 36 gurgaon3.7 â˜…,0.45,9000.0,500.0,1,1,1,9.0,Unknown,1 to 5 Year Old,564.4962595785053,485.0326792154506,499.983155,1,0,0,Sector 36A Gurgaon,0,0,0,0,0,0,5.0,5.0,5.0,5.0,5.0,6,0,2,0,0,0,0,0,1,0,0,0
flat,tarc maceo3.8 â˜…,0.9,6870.0,1310.0,2,2,2,13.0,East,1 to 5 Year Old,1231.785488886139,1136.4915192215835,1309.96663,1,0,0,Sector 91 Gurgaon,0,0,0,0,0,12,5.0,5.0,5.0,5.0,5.0,10,1,1,0,0,0,0,0,0,0,1,0
flat,kendriya vihar4.1 â˜…,0.55,9016.0,610.0,1,2,1,0.0,Unknown,10+ Year Old,655.1157845462087,609.990213,671.7755119863604,0,0,1,Sector 56 Gurgaon,0,0,0,0,0,11,5.0,5.0,5.0,5.0,5.0,45,1,5,14,3,0,0,0,1,0,0,0
flat,m3m sky lofts,0.9,13177.0,683.0,1,1,0,6.0,Unknown,0 to 1 Year Old,682.969455,632.2141208464658,740.3254093285516,0,1,0,Sector 71 Gurgaon,0,0,0,0,0,0,5.0,5.0,5.0,5.0,5.0,8,1,1,0,1,0,0,0,0,0,0,0
flat,lotus homz4.0 â˜…,0.5,14838.0,337.0,1,1,1,2.0,Unknown,1 to 5 Year Old,430.21459985363566,336.91007,415.4176767203576,0,0,1,Sector 111 Gurgaon,0,0,0,0,0,13,5.0,5.0,5.0,5.0,5.0,15,3,2,2,1,0,0,0,0,0,1,0
flat,ansal api sushant estate4.1 â˜…,0.29,11600.0,250.0,1,1,0,0.0,Unknown,5 to 10 Year Old,358.5427937428157,250.045397,333.72122372349963,0,0,1,Sector 52 Gurgaon,0,0,0,0,0,8,5.0,5.0,5.0,5.0,5.0,44,2,5,10,0,0,0,0,0,0,0,0
flat,satya the hermitage3.5 â˜…,0.89,6137.0,1450.0,2,3,3,1.0,Unknown,1 to 5 Year Old,1347.1194297541256,1081.0,1450.004969,1,0,1,Sector 103 Gurgaon,0,1,0,0,0,12,5.0,5.0,5.0,5.0,5.0,15,1,1,0,2,0,0,1,0,0,0,0
flat,gls avenue 51,0.5,7812.0,640.0,3,3,1,0.0,Unknown,1 to 5 Year Old,679.8302004464914,597.6305034140415,640.021494,1,0,0,Sector 92 Gurgaon,0,0,0,0,0,0,5.0,5.0,5.0,5.0,5.0,4,0,1,0,0,0,0,0,1,0,0,0
flat,eldeco accolade3.8 â˜…,0.8692,5965.0,1457.0,2,2,3+,10.0,Unknown,1 to 5 Year Old,1352.8861267975249,849.0,1457.001504,1,0,1,Sohna,1,0,0,0,0,13,5.0,5.0,5.0,5.0,5.0,7,1,1,0,0,0,0,0,0,0,0,0
flat,signature global park4.0 â˜…,0.9499,7850.0,1210.0,3,2,3+,3.0,East,0 to 1 Year Old,1209.969999,1056.0645019368758,1235.199325757795,0,1,0,Sohna,0,0,0,0,0,13,5.0,5.0,5.0,5.0,5.0,8,1,1,0,1,1,0,0,0,0,0,0
flat,gls avenue 51,0.42,6562.0,640.0,3,3,1,2.0,Unknown,1 to 5 Year Old,679.8302004464914,640.021494,699.9467026749321,0,0,1,Sector 92 Gurgaon,0,0,0,0,0,4,5.0,5.0,5.0,5.0,5.0,4,0,1,0,0,1,0,0,0,0,0,0
flat,orris carnation residency3.7 â˜…,0.884,5952.0,1485.0,3,3,1,1.0,South,1 to 5 Year Old,1375.952914971122,1277.238799469822,1484.987644,1,0,0,Sector 85 Gurgaon,0,0,0,0,0,12,5.0,5.0,5.0,5.0,5.0,8,2,2,0,0,0,0,0,0,0,0,0
flat,signature global city,0.68,11724.0,580.0,2,2,3,9.0,Unknown,0 to 1 Year Old,630.4013686459259,579.958932,643.6043212977886,0,0,1,Sector 37D Gurgaon,0,0,0,0,1,11,5.0,5.0,5.0,5.0,5.0,10,0,1,0,0,1,0,0,0,0,0,0
flat,rof aalayas3.8 â˜…,0.45,8404.0,535.0,2,2,1,14.0,North,1 to 5 Year Old,593.3297447955018,535.4,596.9658939999999,1,0,1,Sector 102 Gurgaon,0,0,0,0,0,10,5.0,5.0,5.0,5.0,5.0,8,1,1,0,1,0,0,0,0,0,0,0
flat,awho shanti vihar4.0 â˜…,0.8,8888.0,900.0,2,2,3,9.0,East,0 to 1 Year Old,894.0218049156085,550.0,899.9696789999999,1,0,1,Sector 95 Gurgaon,1,0,0,0,0,13,5.0,5.0,5.0,5.0,5.0,8,0,0,0,0,0,0,0,0,0,0,0
flat,signature global park4.0 â˜…,0.85,7863.0,1081.0,3,2,2,4.0,East,0 to 1 Year Old,1080.0,670.0,1081.018477,1,1,1,Sohna,0,0,0,0,0,4,5.0,5.0,5.0,5.0,5.0,8,1,1,0,1,0,0,0,0,0,0,0
flat,breez global hill view,0.35,5600.0,625.0,2,2,2,14.0,Unknown,1 to 5 Year Old,667.47299249635,624.952034,685.8611073306462,0,0,1,Sohna,0,0,0,0,0,17,5.0,5.0,5.0,5.0,5.0,15,1,1,1,0,0,0,0,0,0,0,0
flat,tarc maceo3.8 â˜…,0.96,5413.0,1774.0,2,2,3+,8.0,East,5 to 10 Year Old,1614.035121477179,1509.6728794226274,1404.0431159999998,1,0,0,Sector 91 Gurgaon,0,0,0,0,0,14,5.0,5.0,5.0,5.0,5.0,10,1,1,0,0,0,0,0,0,0,0,0
flat,gls avenue 51,0.5,7812.0,640.0,3,3,1,12.0,Unknown,0 to 1 Year Old,679.8302004464914,640.021494,699.9467026749321,0,0,1,Sector 92 Gurgaon,0,0,0,0,0,18,5.0,5.0,5.0,5.0,5.0,4,0,1,0,0,0,0,0,0,0,0,0
flat,sidhartha ncr one,0.56,4106.0,1364.0,2,2,2,10.0,Unknown,1 to 5 Year Old,1364.001408,1200.0,1379.8114379591298,0,1,1,Sector 95 Gurgaon,0,0,0,0,0,0,5.0,5.0,5.0,5.0,5.0,0,0,0,0,0,0,0,0,0,0,0,0
flat,sidhartha ncr one,0.57,4179.0,1364.0,2,2,2,10.0,Unknown,1 to 5 Year Old,1364.001408,1232.0,1379.8114379591298,0,1,1,Sector 95 Gurgaon,0,0,0,0,0,0,5.0,5.0,5.0,5.0,5.0,0,0,0,0,0,0,0,0,0,0,0,0
flat,shyam apartment,0.66,5739.0,1150.0,3,3,2,2.0,East,1 to 5 Year Old,1150.015076,1135.0,1178.8569443806514,0,1,1,"New Colony, Sector 7",0,0,0,0,0,0,5.0,5.0,5.0,5.0,5.0,50,1,18,2,0,0,0,1,0,0,0,0
flat,apex our homes,0.38,4108.0,925.0,2,2,1,9.0,Unknown,1 to 5 Year Old,925.049566,800.0,967.5730142163636,0,1,1,Sector 37C Gurgaon,0,0,0,0,0,12,5.0,5.0,5.0,5.0,5.0,4,1,1,0,0,0,0,1,0,0,0,0
flat,signature the roselia3.6 â˜…,0.415,6194.0,670.0,2,2,2,12.0,North,0 to 1 Year Old,670.052775,569.25,728.1178933635038,0,1,1,Sector 95A Gurgaon,1,0,0,0,0,16,5.0,5.0,5.0,5.0,5.0,12,0,0,0,0,0,0,0,0,0,0,0
flat,signature global the millennia 3,0.5,7142.0,700.0,3,3,2,2.0,Unknown,Under Construction,729.2590322470569,699.976417,756.2890840520755,0,0,1,Sector 37D Gurgaon,0,0,0,0,0,5,5.0,5.0,5.0,5.0,5.0,12,2,1,0,0,0,0,0,0,0,0,0
flat,sare crescent parc3.5 â˜…,0.8,6033.0,1326.0,3,2,2,3.0,North-East,1 to 5 Year Old,1244.9665106996235,1326.004841,1344.1279297536057,0,0,1,Sector 92 Gurgaon,0,0,0,0,0,3,5.0,5.0,5.0,5.0,5.0,8,0,0,0,0,1,0,1,0,0,0,0
flat,imperia the esfera,0.86,4886.0,1760.0,3,3,2,0.0,Unknown,0 to 1 Year Old,1602.5017273903804,1498.4130970027684,1760.0052889999995,1,0,0,Sector 37C Gurgaon,0,0,0,0,1,6,5.0,5.0,5.0,5.0,5.0,8,2,1,0,0,1,0,0,0,0,0,0
flat,eldeco accolade3.8 â˜…,0.955,6554.0,1457.0,2,2,3,8.0,North-East,Under Construction,1352.8861267975249,849.0,1457.001504,1,0,1,Sohna,1,0,0,0,0,7,5.0,5.0,5.0,5.0,5.0,7,1,1,0,0,0,0,0,0,0,0,0
flat,gls arawali homes3.8 â˜…,0.28,4307.0,650.0,2,2,2,12.0,Unknown,0 to 1 Year Old,688.068339079919,605.6732051425123,650.031921,1,0,0,Sohna,0,0,0,0,0,0,5.0,5.0,5.0,5.0,5.0,6,0,0,0,0,0,0,0,1,0,0,0
flat,laxmi pareena,0.3,6666.0,450.0,2,1,0,12.0,North,1 to 5 Year Old,523.3055664113674,450.038659,521.5291616473112,0,0,1,Sector 99A Gurgaon,0,0,0,0,0,0,5.0,5.0,5.0,5.0,5.0,0,0,0,0,0,0,0,0,0,0,0,0
flat,the new crpf apartments,0.75,5813.0,1290.0,3,3,3,6.0,East,10+ Year Old,1215.3092116192845,1289.945776,1310.3225009273194,0,0,1,Sector 9A Gurgaon,0,0,0,1,0,6,5.0,5.0,5.0,5.0,5.0,49,1,20,5,0,0,0,0,0,0,0,0
flat,pivotal riddhi siddhi,0.4,4444.0,900.0,2,2,2,9.0,Unknown,0 to 1 Year Old,894.0218049156085,587.0,899.9696789999999,1,0,1,Sector 99 Gurgaon,0,0,0,0,0,10,5.0,5.0,5.0,5.0,5.0,8,1,0,0,1,0,0,1,0,1,0,0
flat,gls arawali homes3.8 â˜…,0.26,4513.0,576.0,2,2,2,5.0,East,0 to 1 Year Old,627.1061131925549,575.976289,639.8481625393124,0,0,1,Sohna,0,0,0,0,0,15,5.0,5.0,5.0,5.0,5.0,6,0,0,0,0,0,0,1,1,0,0,0
flat,mvn athens3.7 â˜…,0.24,4210.0,570.0,2,2,1,12.0,Unknown,1 to 5 Year Old,622.1632300124984,541.331591314746,569.948505,1,0,0,Sohna,0,0,0,0,0,7,5.0,5.0,5.0,5.0,5.0,10,0,0,5,0,0,0,0,0,0,0,0
flat,shree vardhman mantra3.7 â˜…,0.56,7000.0,800.0,2,2,1,8.0,Unknown,0 to 1 Year Old,811.6404185813327,799.973048,850.1930530139813,0,0,1,Sector 67 Gurgaon,0,0,0,0,0,13,5.0,5.0,5.0,5.0,5.0,7,1,1,0,1,0,0,0,0,0,0,0
flat,tashee capital gateway,0.9607,6500.0,1478.0,2,2,1,4.0,North,Under Construction,1370.1862179277227,1271.6089082598926,1477.991109,1,0,0,Sector 111 Gurgaon,1,0,0,0,0,9,5.0,5.0,5.0,5.0,5.0,7,2,1,0,0,0,0,0,0,0,0,0
flat,raheja atharva3.6 â˜…,0.79,7931.0,996.0,3,2,2,3.0,Unknown,1 to 5 Year Old,973.1079357965132,996.0,1457.001504,1,0,1,Sector 109 Gurgaon,0,0,0,0,0,9,5.0,5.0,5.0,5.0,5.0,15,5,4,0,0,0,0,0,0,0,0,0
flat,builder floor,0.6,6000.0,1000.0,3,2,1,3.0,East,0 to 1 Year Old,950.0,900.0,999.96631,1,1,1,Lajpat Nagar,0,0,0,0,0,0,5.0,5.0,5.0,5.0,5.0,50,1,15,3,0,0,0,0,0,0,0,0
flat,breez global heights4.2 â˜…,0.42,6420.0,654.0,2,2,2,2.0,Unknown,0 to 1 Year Old,691.36359453329,608.8902858339006,623.014532,1,0,0,Sohna,0,0,0,0,0,12,5.0,5.0,5.0,5.0,5.0,10,1,1,0,0,0,0,1,0,0,0,0
flat,ashiana mulberry,0.95,6485.0,1465.0,2,2,3+,3.0,Unknown,0 to 1 Year Old,1175.97,834.96,1464.96679,1,1,1,Sohna,1,0,0,0,0,14,5.0,5.0,5.0,5.0,5.0,6,1,1,0,0,0,0,1,0,0,0,0
flat,pareena laxmi apartments3.6 â˜…,0.31,5904.0,525.0,2,2,2,6.0,East,0 to 1 Year Old,585.0916061620742,524.955403,591.9571383687405,0,0,1,Sector 99A Gurgaon,0,0,0,0,0,14,5.0,5.0,5.0,5.0,5.0,15,2,1,2,0,0,1,0,0,0,0,0
flat,raheja vedaanta3.6 â˜…,0.7,4651.0,1505.0,2,2,2,12.0,South,1 to 5 Year Old,1505.008498,1293.3242029267635,1512.2160341954168,0,1,0,Sector 108 Gurgaon,0,0,0,0,0,0,5.0,5.0,5.0,5.0,5.0,0,0,0,0,0,0,0,0,0,0,0,0
flat,mvn athens3.7 â˜…,0.25,3671.0,681.0,2,2,1,11.0,Unknown,1 to 5 Year Old,681.031953,581.0,738.4473299493134,0,1,1,Sohna,0,0,0,0,0,11,5.0,5.0,5.0,5.0,5.0,10,0,0,5,0,0,0,0,0,0,0,0
flat,adani aangan galleria,0.42,4941.0,850.0,2,2,2,3.0,Unknown,1 to 5 Year Old,852.8311117484707,766.5272397119278,850.025183,1,0,0,Sector 89 A Gurgaon,0,0,0,0,0,0,5.0,5.0,5.0,5.0,5.0,3,0,0,0,0,0,0,0,0,0,0,0
flat,ramsons kshitij3.7 â˜…,0.19,591.0,3215.0,1,1,1,14.0,East,1 to 5 Year Old,2801.1508985540936,3211.94776,3117.9739034440054,0,0,1,Sector 95 Gurgaon,0,0,0,0,0,8,5.0,5.0,5.0,5.0,5.0,5,0,0,0,0,0,0,0,0,1,0,0
flat,sare crescent parc3.5 â˜…,0.7084999999999999,4933.0,1436.0,3,3,2,6.0,Unknown,1 to 5 Year Old,1335.586035667327,1436.011899,1447.422295611702,0,0,1,Sector 92 Gurgaon,0,0,0,0,0,8,5.0,5.0,5.0,5.0,5.0,8,0,0,0,0,0,0,0,0,0,0,0
flat,breez global heights4.2 â˜…,0.21,5329.0,394.0,1,1,1,2.0,Unknown,1 to 5 Year Old,477.1719900641729,393.95874,468.9429390286439,0,0,1,Sohna,0,0,0,0,0,4,5.0,5.0,5.0,5.0,5.0,10,1,1,0,0,0,0,0,0,0,0,0
flat,signature the roselia3.6 â˜…,0.415,7293.0,569.0,2,2,2,12.0,South,0 to 1 Year Old,670.052775,569.0,633.274884711979,0,1,1,Sector 95A Gurgaon,0,0,0,0,0,16,5.0,5.0,5.0,5.0,5.0,12,0,0,0,0,0,0,0,0,0,0,0
flat,sare homes,0.56,4729.0,1184.0,3,1,3,1.0,East,5 to 10 Year Old,1127.984942104952,1184.029,1210.7842938276997,0,0,1,Sector 92 Gurgaon,0,0,0,0,0,15,5.0,5.0,5.0,5.0,5.0,8,0,0,0,0,0,0,0,0,0,0,0
flat,hcbs sports ville,0.35,4375.0,800.0,2,2,2,8.0,East,1 to 5 Year Old,799.973048,600.0,850.1930530139813,0,1,1,Sector 2 Gurgaon,0,0,0,0,0,6,5.0,5.0,5.0,5.0,5.0,0,0,0,0,0,0,0,0,0,0,0,0
flat,hsiidc sidco aravali,0.9,3477.0,2588.0,3,3,3,2.0,Unknown,10+ Year Old,1900.0,2164.348800120149,2587.964477,1,1,0,Sector 1 Imt Manesar,0,1,0,0,0,4,5.0,5.0,5.0,5.0,5.0,12,0,2,0,0,0,0,1,0,0,0,0
flat,tulip lemon3.9 â˜…,0.6,11407.0,526.0,2,1,1,11.0,Unknown,1 to 5 Year Old,585.915420025417,526.031793,592.8961780583595,0,0,1,Sector 69 Gurgaon,0,0,0,0,0,0,5.0,5.0,5.0,5.0,5.0,0,0,0,0,0,0,0,0,0,0,0,0
flat,sare crescent parc3.5 â˜…,0.87,4971.0,1750.0,4,4,2,2.0,East,5 to 10 Year Old,1594.2635887569531,1490.3703952742976,1749.994862,1,0,0,Sector 92 Gurgaon,0,0,1,0,0,19,5.0,5.0,5.0,5.0,5.0,8,0,0,0,0,0,0,1,0,0,1,0
flat,signature the roselia3.6 â˜…,0.48,7164.0,670.0,2,2,2,6.0,Unknown,1 to 5 Year Old,704.5446163467742,670.052775,728.1178933635038,0,0,1,Sector 95A Gurgaon,0,0,0,0,0,3,5.0,5.0,5.0,5.0,5.0,12,0,0,0,0,0,0,0,0,0,0,0
flat,m3m woodshire4.0 â˜…,0.94,6881.0,1366.0,2,2,3+,1.0,East,5 to 10 Year Old,1277.9190652333336,1181.5306489010195,1366.046549,1,0,0,Sector 107 Gurgaon,0,0,0,0,0,20,5.0,5.0,5.0,5.0,5.0,6,1,0,0,0,0,0,1,0,0,0,0
flat,unitech sunbreeze,0.75,6849.0,1095.0,2,2,2,4.0,Unknown,Under Construction,1054.6655082674465,963.5734320594618,1095.011547,1,0,0,Sector 69 Gurgaon,0,0,0,0,0,0,5.0,5.0,5.0,5.0,5.0,43,0,7,11,0,0,0,0,1,0,0,0
flat,signature andour heights3.8 â˜…,0.65,10172.0,639.0,2,2,1,10.0,South-West,1 to 5 Year Old,679.0063865831487,542.0,639.052743,1,0,1,Sector 71 Gurgaon,0,0,0,0,0,4,5.0,5.0,5.0,5.0,5.0,15,0,1,2,0,0,0,0,0,0,0,0
flat,rwa,0.48,6000.0,800.0,3,2,1,1.0,North-East,0 to 1 Year Old,811.6404185813327,799.973048,850.1930530139813,0,0,1,Sector 7 Gurgaon,0,0,0,0,0,4,5.0,5.0,5.0,5.0,5.0,50,1,22,5,0,1,0,0,0,0,0,0
flat,radhakrishna society,0.55,5000.0,1100.0,2,2,1,1.0,West,5 to 10 Year Old,1058.7845775841602,967.5947829236972,1099.962941,1,0,0,Sector 23A Gurgaon,0,0,0,0,0,4,5.0,5.0,5.0,5.0,5.0,26,2,2,3,1,0,0,1,0,0,0,0
flat,aipl joy square,0.7,10101.0,693.0,1,1,0,7.0,Unknown,1 to 5 Year Old,692.979882,350.0,749.7158062247421,0,1,1,Sector 63A Gurgaon,0,0,0,0,0,0,5.0,5.0,5.0,5.0,5.0,10,0,1,0,1,0,0,0,0,0,0,0
flat,housing board colony,0.3,7317.0,410.0,1,1,2,0.0,South,10+ Year Old,490.353011877657,410.0,509.993582,1,0,1,Sector 51 Gurgaon,0,0,0,0,0,0,5.0,5.0,5.0,5.0,5.0,46,4,3,7,0,0,0,0,0,0,0,0
flat,vatika gurgaon 213.7 â˜…,0.87,6987.0,1245.0,2,2,2,3.0,East,5 to 10 Year Old,1178.23758776886,1084.2139579865234,1244.952674,1,0,0,Sector 83 Gurgaon,0,0,0,0,0,6,5.0,5.0,5.0,5.0,5.0,10,1,0,0,1,0,0,1,0,0,0,0
flat,imperia the esfera,0.9,6272.0,1435.0,3,3,3,9.0,East,1 to 5 Year Old,1435.043148,1100.0,1446.483255922083,0,1,1,Sector 37C Gurgaon,0,0,0,0,0,0,5.0,5.0,5.0,5.0,5.0,8,2,1,0,0,0,0,1,0,0,0,0
flat,chd avenue 713.6 â˜…,0.95,7917.0,1200.0,2,2,0,5.0,South,1 to 5 Year Old,1199.959572,1048.0218002084048,1225.8089288616045,0,1,0,Sector 71 Gurgaon,0,0,0,0,0,0,5.0,5.0,5.0,5.0,5.0,15,0,2,1,0,0,0,0,0,0,0,0
flat,ansal heights 86,0.95,5621.0,1690.0,3,2,1,6.0,Unknown,0 to 1 Year Old,1544.8347569563875,1690.0399389999998,1685.9383767749423,0,0,1,Sector 86 Gurgaon,0,0,0,0,0,3,5.0,5.0,5.0,5.0,5.0,4,1,1,0,0,1,0,0,0,0,0,0
flat,shree vardhman flora3.8 â˜…,0.7,4615.0,1517.0,2,2,3,9.0,North-East,0 to 1 Year Old,1402.3149585980905,1302.9754450009286,1351.94584,1,0,0,Sector 90 Gurgaon,1,0,0,0,1,8,5.0,5.0,5.0,5.0,5.0,10,1,1,0,0,0,0,0,0,0,0,0
flat,hcbs sports ville3.6 â˜…,0.2,4219.0,474.0,1,1,1,3.0,East,0 to 1 Year Old,474.042156,464.1216547214266,544.0661141981685,0,1,0,Sohna,0,0,0,0,0,12,5.0,5.0,5.0,5.0,5.0,5,0,0,0,0,1,0,0,0,0,0,0
flat,sare crescent parc3.5 â˜…,0.5,5000.0,1000.0,2,2,3,2.0,Unknown,5 to 10 Year Old,976.4031912498843,887.1677656389894,999.96631,1,0,0,Sector 92 Gurgaon,0,0,0,0,0,7,5.0,5.0,5.0,5.0,5.0,8,0,0,0,0,0,0,0,1,0,0,0
flat,avl 36 gurgaon3.7 â˜…,0.65,8953.0,726.0,2,2,2,7.0,Unknown,1 to 5 Year Old,750.6781926939686,666.7977382788902,726.025055,1,0,0,Sector 36A Gurgaon,0,0,0,0,0,16,5.0,5.0,5.0,5.0,5.0,7,0,2,0,0,0,1,0,0,0,0,0
flat,tulip lemon3.9 â˜…,0.6,10000.0,600.0,2,1,1,12.0,Unknown,1 to 5 Year Old,646.8776459127811,599.979786,662.3851150901697,0,0,1,Sector 69 Gurgaon,0,0,0,0,0,5,5.0,5.0,5.0,5.0,5.0,34,0,6,9,0,1,0,0,0,0,0,0
flat,signature global synera3.4 â˜…,0.48,8026.0,598.0,2,2,1,14.0,Unknown,1 to 5 Year Old,645.2300181860955,498.0,598.042284,1,0,1,Sector 81 Gurgaon,0,0,0,0,0,3,5.0,5.0,5.0,5.0,5.0,10,1,1,0,0,1,0,0,0,0,0,0
flat,smart world gems,0.9,8159.0,1103.0,2,2,2,3.0,Unknown,Under Construction,1061.2560191741886,970.0075934422384,1102.976833,1,0,0,Sector 89 Gurgaon,1,0,0,0,1,18,5.0,5.0,5.0,5.0,5.0,14,1,1,0,1,0,0,0,0,0,0,0
flat,viridian the plaza 106,0.46,6571.0,700.0,1,1,1,18.0,Unknown,0 to 1 Year Old,729.2590322470569,699.976417,756.2890840520755,0,0,1,Sector 106 Gurgaon,0,0,0,0,0,16,5.0,5.0,5.0,5.0,5.0,5,0,0,0,1,0,0,0,0,0,0,0
flat,huda housing board society,0.45,9745.0,462.0,1,1,0,0.0,North-West,5 to 10 Year Old,533.1913327714805,461.77131,532.7976379227398,0,0,1,Sector 52 Gurgaon,0,0,0,1,0,8,5.0,5.0,5.0,5.0,5.0,45,2,6,11,1,0,0,1,1,0,0,0
flat,signature the serenas,0.45,8474.0,531.0,2,2,1,10.0,Unknown,0 to 1 Year Old,590.0344893421308,530.9831869999999,597.5913765064547,0,0,1,Sohna,0,0,0,0,0,4,5.0,5.0,5.0,5.0,5.0,7,1,1,0,0,0,0,0,0,0,0,0
flat,signature global orchard avenue3.6 â˜…,0.4,5479.0,730.0,2,2,0,0.0,Unknown,1 to 5 Year Old,730.0076979999999,670.0148189702785,784.4602747406473,0,1,0,Sector 93 Gurgaon,0,0,0,0,0,0,5.0,5.0,5.0,5.0,5.0,8,2,0,0,0,0,0,0,0,0,0,0
flat,trisara our homes 3,0.4029999999999999,4478.0,900.0,2,2,2,1.0,Unknown,1 to 5 Year Old,899.9696789999999,602.0,944.0970219758872,0,1,1,Sohna,0,0,0,0,0,0,5.0,5.0,5.0,5.0,5.0,13,1,1,1,1,0,0,0,0,0,0,0
flat,signature global park4.0 â˜…,0.54,6388.0,845.0,2,2,3,4.0,East,0 to 1 Year Old,848.7120424317568,528.3,845.2890669999999,1,0,1,Sohna,0,0,0,0,0,7,5.0,5.0,5.0,5.0,5.0,8,1,1,0,1,1,0,1,0,0,0,0
flat,hcbs sports ville3.6 â˜…,0.22,3142.0,700.0,1,1,1,1.0,Unknown,0 to 1 Year Old,729.2590322470569,699.976417,756.2890840520755,0,0,1,Sohna,0,0,0,0,0,15,5.0,5.0,5.0,5.0,5.0,5,0,0,0,0,0,0,0,0,0,1,0
flat,gls arawali homes3.8 â˜…,0.29,6035.0,481.0,2,2,2,9.0,East,1 to 5 Year Old,548.8437961749928,480.500496,550.6393920255018,0,0,1,Sohna,0,0,0,0,0,10,5.0,5.0,5.0,5.0,5.0,6,0,0,0,0,0,0,1,0,0,0,0
flat,global hill view,0.325,4271.0,761.0,2,2,0,11.0,Unknown,1 to 5 Year Old,761.00773,694.9471943285379,813.570505118838,0,1,0,Sector 11 Gurgaon,0,0,0,0,0,0,5.0,5.0,5.0,5.0,5.0,0,0,0,0,0,0,0,0,0,0,0,0
flat,zara aavaas,0.2,6645.0,301.0,1,1,1,3.0,North-East,1 to 5 Year Old,300.958644,324.9829148188822,381.6122478940715,0,1,0,Sector 104 Gurgaon,0,0,0,0,0,0,5.0,5.0,5.0,5.0,5.0,10,1,1,0,0,0,0,0,0,0,0,0
flat,signature global city,0.8,8421.0,950.0,2,2,2,2.0,Unknown,Under Construction,935.2124980827464,846.9542569966355,950.021814,1,0,0,Sector 37D Gurgaon,0,0,0,0,0,7,5.0,5.0,5.0,5.0,5.0,10,0,1,0,0,0,0,0,0,0,0,0
flat,signature global park4.0 â˜…,0.87,7190.0,1210.0,3,2,3,4.0,Unknown,1 to 5 Year Old,1209.969999,870.0,1235.199325757795,0,1,1,Sohna,0,0,0,0,0,0,5.0,5.0,5.0,5.0,5.0,8,1,1,0,1,0,0,1,0,0,0,0
flat,eldeco accolade3.8 â˜…,0.78,6170.0,1264.0,2,2,2,3.0,Unknown,1 to 5 Year Old,1193.8900511723728,1099.495091270618,1264.004777,1,0,0,Sohna,0,0,0,0,0,13,5.0,5.0,5.0,5.0,5.0,7,1,1,0,0,0,0,0,0,0,0,0
flat,chd avenue 713.6 â˜…,0.95,7929.0,1198.0,2,2,2,5.0,South,5 to 10 Year Old,1139.5183361917504,1046.413259862711,1198.02207,1,0,0,Sector 71 Gurgaon,0,0,0,0,0,27,5.0,5.0,5.0,5.0,5.0,15,0,2,1,0,0,1,1,0,0,0,0
flat,housing board colony,0.3,41666.0,72.0,1,1,0,0.0,Unknown,5 to 10 Year Old,211.9039260678048,72.010491,166.57215897130737,0,0,1,Sector 51 Gurgaon,1,0,0,0,0,2,5.0,5.0,5.0,5.0,5.0,46,4,3,7,0,1,0,1,0,0,0,0
flat,sare green parc phase 3,0.79,6086.0,1298.0,3,2,2,15.0,North,0 to 1 Year Old,1221.8997225260264,1126.8402771474186,1298.018701,1,0,0,Sector 92 Gurgaon,0,0,0,0,0,5,5.0,5.0,5.0,5.0,5.0,11,1,0,0,1,1,0,0,0,0,0,0
flat,sare crescent parc royal greens phase 1,0.79,6086.0,1298.0,3,2,2,15.0,Unknown,0 to 1 Year Old,1221.8997225260264,1126.8402771474186,1298.018701,1,0,0,Sector 92 Gurgaon,0,0,0,0,0,4,5.0,5.0,5.0,5.0,5.0,8,0,0,0,0,1,0,0,0,0,0,0
flat,sare homes,0.58,4098.0,1415.0,3,3,3,3.0,North-East,0 to 1 Year Old,1318.2859445371291,1220.9398873705263,1415.022294,1,0,0,Sector 92 Gurgaon,0,0,0,0,0,8,5.0,5.0,5.0,5.0,5.0,8,0,0,0,0,0,0,1,0,0,0,0
flat,sare green parc 2,0.75,4745.0,1581.0,3,3,3,2.0,East,1 to 5 Year Old,1415.0,1350.0,1453.987612,1,1,1,Sector 92 Gurgaon,0,0,0,0,1,8,5.0,5.0,5.0,5.0,5.0,7,0,0,0,0,0,0,1,0,0,0,0
flat,signature global park4.0 â˜…,0.75,6938.0,1081.0,3,2,3+,4.0,East,0 to 1 Year Old,1043.132114180648,1081.018477,1114.0632057969365,0,0,1,Sohna,0,0,0,0,0,16,5.0,5.0,5.0,5.0,5.0,8,1,1,0,1,0,0,0,0,0,0,0
flat,signature global superbia,0.4,6728.0,595.0,2,2,3,2.0,Unknown,Under Construction,642.7585765960673,594.490197,657.6899166420744,0,0,1,Sector 95 Gurgaon,0,0,0,0,0,0,5.0,5.0,5.0,5.0,5.0,9,1,1,0,1,0,0,0,0,0,0,0
flat,orris aster court,0.9,5671.0,1587.0,3,3,3,8.0,North-East,1 to 5 Year Old,1459.9819290320834,1359.274357100224,1587.029416,1,0,0,Sector 85 Gurgaon,0,0,0,0,0,8,5.0,5.0,5.0,5.0,5.0,6,0,0,0,1,0,0,0,0,0,0,0
flat,aipl club residences,0.95,10215.0,930.0,2,2,1,11.0,North-East,0 to 1 Year Old,930.00096,730.0,972.2682126644588,0,1,1,Sector 70A Gurgaon,0,0,0,0,0,21,5.0,5.0,5.0,5.0,5.0,11,1,1,0,0,0,0,0,0,0,0,0
flat,floor type society,0.4,6666.0,600.0,2,2,1,1.0,East,1 to 5 Year Old,646.8776459127811,599.979786,662.3851150901697,0,0,1,Near Pataudi Chowk,0,0,0,0,0,2,5.0,5.0,5.0,5.0,5.0,50,1,22,1,0,0,0,0,0,0,0,0
flat,sare green parc phase 3,0.7,5279.0,1326.0,3,2,2,4.0,Unknown,1 to 5 Year Old,1325.0,1320.0,1326.004841,1,1,1,Sector 92 Gurgaon,0,0,0,0,0,10,5.0,5.0,5.0,5.0,5.0,11,1,0,0,1,0,0,0,0,0,0,0
flat,pivotal devaan apartments,0.39,6500.0,600.0,2,2,0,5.0,North,1 to 5 Year Old,646.8776459127811,500.0,599.979786,1,0,1,Sector 84 Gurgaon,0,0,0,0,0,0,5.0,5.0,5.0,5.0,5.0,10,0,1,0,0,0,0,0,0,0,0,0
flat,signature global park4.0 â˜…,0.56,6812.0,822.0,2,2,3,3.0,South,0 to 1 Year Old,829.7643235748734,822.039043,870.8519261856005,0,0,1,Sohna,0,0,0,0,0,14,5.0,5.0,5.0,5.0,5.0,8,1,1,0,1,0,0,0,0,0,0,0
flat,signature global city 92,0.99,9074.0,1091.0,3,2,3,1.0,Unknown,Under Construction,1091.028904,960.3563513680734,1123.453602693127,0,1,0,Sector 92 Gurgaon,0,0,0,0,0,5,5.0,5.0,5.0,5.0,5.0,10,1,1,0,0,0,0,0,0,0,0,0
flat,pyramid urban,0.6,8571.0,700.0,2,2,2,14.0,Unknown,0 to 1 Year Old,729.2590322470569,645.8867137848662,699.976417,1,0,0,Sector 67A Gurgaon,0,0,0,0,0,3,5.0,5.0,5.0,5.0,5.0,11,3,0,0,0,0,0,0,1,0,0,0
flat,supertech araville,0.715,5522.0,1295.0,2,2,0,9.0,Unknown,Under Construction,1295.004809,1124.4274666288773,1315.0176993754148,0,1,0,Sector 79 Gurgaon,0,0,0,0,0,0,5.0,5.0,5.0,5.0,5.0,4,0,0,0,0,0,0,0,0,0,0,0
flat,apna enclave,0.58,6105.0,950.0,2,2,2,2.0,North-East,10+ Year Old,900.0,744.0,950.021814,1,1,1,Sector 3 Gurgaon,0,0,0,0,0,10,5.0,5.0,5.0,5.0,5.0,49,2,12,4,0,0,0,1,0,0,0,0
flat,raheja maheshwara,0.48,4367.0,1099.0,2,2,2,11.0,Unknown,Under Construction,1057.960763720817,966.79051275085,1098.99419,1,0,0,Sohna,0,0,0,0,0,9,5.0,5.0,5.0,5.0,5.0,9,3,1,0,0,0,0,0,0,0,0,0
flat,vipul lavanya3.9 â˜…,0.75,5966.0,1257.0,2,2,2,7.0,Unknown,5 to 10 Year Old,1188.123354128973,1257.008242,1279.3341911698906,0,0,1,Sector 81 Gurgaon,0,0,0,0,0,6,5.0,5.0,5.0,5.0,5.0,16,0,0,0,0,0,0,0,0,0,0,0
flat,signature global park4.0 â˜…,0.58,7056.0,822.0,2,2,2,3.0,Unknown,1 to 5 Year Old,822.039043,600.0,870.8519261856005,0,1,1,Sohna,0,0,0,0,0,0,5.0,5.0,5.0,5.0,5.0,8,1,1,0,1,0,0,0,0,0,0,0
flat,ansal heights 86,0.64,4706.0,1360.0,2,2,1,3.0,Unknown,0 to 1 Year Old,1360.0187649999998,1176.7050278639374,1376.0552792006536,0,1,0,Sector 86 Gurgaon,0,0,0,0,0,11,5.0,5.0,5.0,5.0,5.0,4,1,1,0,0,0,0,0,0,0,0,0
flat,orris aster court,0.93,5671.0,1640.0,3,3,3,8.0,Unknown,1 to 5 Year Old,1587.029416,1250.0,1638.9863922939896,0,1,1,Sector 85 Gurgaon,0,0,0,0,0,0,5.0,5.0,5.0,5.0,5.0,6,0,0,0,1,0,0,0,0,0,0,0
flat,supertech hues,0.8,6779.0,1180.0,2,2,3+,14.0,Unknown,0 to 1 Year Old,1180.046357,1031.9363967514632,1207.0281350692233,0,1,0,Sector 68 Gurgaon,0,0,0,0,0,5,5.0,5.0,5.0,5.0,5.0,22,0,6,7,0,1,0,0,0,0,1,0
flat,signature global synera3.4 â˜…,0.31,7434.0,417.0,1,1,1,13.0,North,1 to 5 Year Old,496.1197089210563,320.0,416.993486,1,0,1,Sector 81 Gurgaon,0,0,0,0,0,23,5.0,5.0,5.0,5.0,5.0,10,1,1,0,0,1,0,1,0,0,0,0
flat,"new colony, gurgaon",0.8,8100.0,988.0,3,2,1,4.0,North-East,1 to 5 Year Old,966.5174248897712,989.955883,1026.732514662364,0,0,1,New Colony,0,0,0,0,0,12,5.0,5.0,5.0,5.0,5.0,50,1,18,2,0,0,0,1,0,0,0,0
flat,pyramid urban,0.7,11844.0,591.0,2,2,1,14.0,North,0 to 1 Year Old,639.4633211426963,591.0457489999999,653.9337578835982,0,0,1,Sector 67A Gurgaon,0,0,0,0,0,7,5.0,5.0,5.0,5.0,5.0,11,3,0,0,0,0,0,0,0,0,0,0
flat,avl 36 gurgaon3.7 â˜…,0.4,10204.0,392.0,1,1,1,4.0,West,1 to 5 Year Old,475.5243623374874,392.021238,467.0648596494058,0,0,1,Sector 36A Gurgaon,0,0,0,0,0,6,5.0,5.0,5.0,5.0,5.0,6,0,2,0,0,0,0,0,0,0,0,0
flat,signature global grand iva3.9 â˜…,0.5,6667.0,750.0,2,2,0,10.0,North,1 to 5 Year Old,750.028552,605.0,803.2410685330284,0,1,1,Sector 103 Gurgaon,0,0,0,0,0,0,5.0,5.0,5.0,5.0,5.0,12,4,2,0,0,0,0,0,0,0,0,0
flat,pivotal riddhi siddhi,0.72,947.0,7603.0,2,2,2,12.0,Unknown,1 to 5 Year Old,6416.046130902117,6197.763716948242,7238.480061492431,0,0,0,Sector 99 Gurgaon,0,0,1,0,0,6,5.0,5.0,5.0,5.0,5.0,8,1,0,0,1,0,0,0,0,0,0,0
flat,pivotal devaan,0.35,7246.0,483.0,2,2,2,4.0,East,1 to 5 Year Old,550.4914239016784,482.976193,552.51747140474,0,0,1,Sector 84 Gurgaon,0,0,0,0,0,6,5.0,5.0,5.0,5.0,5.0,15,4,2,1,0,1,0,0,0,0,0,0
flat,511 sarahah tower,0.6,8333.0,720.0,2,2,1,0.0,Unknown,0 to 1 Year Old,745.7353095139121,719.997271,775.0698778444566,0,0,1,Subhash Nagar,0,0,0,1,0,0,5.0,5.0,5.0,5.0,5.0,50,2,18,2,0,1,0,0,0,0,0,0
flat,signature global grand iva3.9 â˜…,0.5,6250.0,800.0,2,2,2,10.0,Unknown,1 to 5 Year Old,811.6404185813327,605.0,799.973048,1,0,1,Sector 103 Gurgaon,0,0,0,0,0,2,5.0,5.0,5.0,5.0,5.0,12,4,2,0,0,0,0,0,0,0,0,0
flat,kendriya vihar4.1 â˜…,0.47,7768.0,605.0,1,1,1,3.0,Unknown,10+ Year Old,650.9967152294948,605.038819,667.080313538265,0,0,1,Sector 56 Gurgaon,0,0,0,0,0,9,5.0,5.0,5.0,5.0,5.0,45,1,5,14,3,0,0,0,0,0,0,0
flat,ild greens4.1 â˜…,0.95,5066.0,1875.0,3,3,3+,0.0,Unknown,0 to 1 Year Old,1697.240321674798,1590.9041668801824,1874.963741,1,0,0,Sector 37C Gurgaon,0,0,0,0,0,0,5.0,5.0,5.0,5.0,5.0,9,1,1,0,0,0,0,0,1,0,0,0
flat,signature global city 81,0.825,8639.0,955.0,2,2,3,2.0,East,1 to 5 Year Old,954.973208,565.0,995.7442049049351,0,1,1,Sector 81 Gurgaon,0,0,0,0,0,0,5.0,5.0,5.0,5.0,5.0,13,0,0,0,0,0,0,0,0,0,0,0
flat,supertech new soft launch,0.84,7119.0,1180.0,2,2,2,7.0,East,1 to 5 Year Old,1180.046357,1031.9363967514632,1207.0281350692233,0,1,0,Sector 68 Gurgaon,0,0,0,0,0,0,5.0,5.0,5.0,5.0,5.0,26,0,6,9,0,0,0,0,0,0,0,0
flat,trisara our homes 3,0.35,5564.0,629.0,2,2,1,2.0,North,0 to 1 Year Old,670.7682479497211,629.0423159999999,689.6172660891224,0,0,1,Sohna,0,0,0,0,0,12,5.0,5.0,5.0,5.0,5.0,13,1,1,1,1,0,0,0,0,0,0,0
flat,smart world gems,0.97,8794.0,1103.0,2,2,3+,2.0,East,Under Construction,1102.976833,970.0075934422384,1134.7220789685557,0,1,0,Sector 89 Gurgaon,0,0,0,0,0,8,5.0,5.0,5.0,5.0,5.0,14,1,1,0,1,0,0,0,0,0,0,0
flat,sare green parc 2,0.61,4837.0,1261.0,3,2,2,6.0,Unknown,Under Construction,1191.4186095823443,1097.0822807520767,1260.990885,1,0,0,Sector 92 Gurgaon,0,0,0,0,1,0,5.0,5.0,5.0,5.0,5.0,7,0,0,0,0,0,0,0,0,0,0,0
flat,signature global park4.0 â˜…,0.75,6938.0,1081.0,2,2,0,1.0,Unknown,1 to 5 Year Old,1081.018477,952.3136496396028,1114.0632057969365,0,1,0,Sohna,0,0,0,0,0,0,5.0,5.0,5.0,5.0,5.0,8,1,1,0,1,0,0,0,0,0,0,0
flat,breez global heights4.2 â˜…,0.46,4842.0,950.0,2,2,2,4.0,North-East,1 to 5 Year Old,800.0,700.0,950.021814,1,1,1,Sohna,0,0,0,0,0,17,5.0,5.0,5.0,5.0,5.0,10,1,1,0,0,0,0,0,0,0,0,0
flat,shri ram apartments,0.32,3368.0,950.0,2,2,1,4.0,Unknown,1 to 5 Year Old,935.2124980827464,950.021814,991.04900645684,0,0,1,Laxman Vihar,0,0,0,0,0,2,5.0,5.0,5.0,5.0,5.0,49,1,12,5,0,0,0,0,0,0,0,0
flat,breez global hill view,0.42,7174.0,585.0,2,2,1,18.0,Unknown,1 to 5 Year Old,634.5204379626398,585.448521,648.2995197458839,0,0,1,Sohna,0,0,0,0,0,8,5.0,5.0,5.0,5.0,5.0,15,1,1,1,0,0,0,0,0,0,0,0
flat,bsf chs,0.95,5937.0,1600.0,3,3,3,13.0,Unknown,10+ Year Old,1470.6915092555391,1599.946096,1601.4248047092274,0,0,1,Gwal Pahari,0,0,0,0,0,6,5.0,5.0,5.0,5.0,5.0,9,1,1,0,0,0,0,1,0,0,0,0
flat,hsiidc sidco shivalik apartments3.8 â˜…,0.85,5102.0,1666.0,3,2,2,5.0,Unknown,5 to 10 Year Old,1525.0632242361612,1422.8117007551432,1666.036442,1,0,0,Sector 1 Imt Manesar,0,0,0,0,0,0,5.0,5.0,5.0,5.0,5.0,12,0,2,0,0,0,0,0,1,0,0,0
flat,tarc maceo3.8 â˜…,0.95,5954.0,1596.0,2,2,2,10.0,East,1 to 5 Year Old,1467.3962538021683,1366.5127886558478,1309.96663,1,0,0,Sector 91 Gurgaon,0,0,0,0,0,13,5.0,5.0,5.0,5.0,5.0,10,1,1,0,0,0,0,0,0,0,0,0
flat,dnha group housing society,0.75,4518.0,1660.0,3,2,2,5.0,Unknown,5 to 10 Year Old,1520.1203410561047,1417.9860797180606,1660.008658,1,0,0,IMT Manesar,0,0,0,0,0,0,5.0,5.0,5.0,5.0,5.0,18,0,4,0,0,0,0,0,0,0,0,0
flat,nbcc heights3.9 â˜…,0.75,6578.0,1140.0,2,2,2,6.0,Unknown,5 to 10 Year Old,1091.7371321178705,999.7655898375804,1140.004649,1,0,0,Sector 89 Gurgaon,0,0,0,0,0,0,5.0,5.0,5.0,5.0,5.0,15,2,4,3,0,0,0,0,1,0,0,0
flat,supertech hill town,0.75,6250.0,1200.0,2,2,2,17.0,North,Under Construction,1141.165963918436,1048.0218002084048,1199.959572,1,0,0,Sector-2 Sohna,1,0,0,1,1,13,5.0,5.0,5.0,5.0,5.0,8,1,1,0,0,0,0,1,0,0,0,0
flat,vatika city homes3.9 â˜…,0.75,5660.0,1325.0,2,2,2,3.0,West,1 to 5 Year Old,1244.1426968362807,1148.5555718142896,1325.0360899999998,1,0,0,Sector 83 Gurgaon,0,0,0,0,0,9,5.0,5.0,5.0,5.0,5.0,15,3,4,0,0,0,0,1,0,0,0,0
flat,raheja vedaanta3.6 â˜…,0.7,4522.0,1548.0,2,2,3,1.0,West,1 to 5 Year Old,1547.956459,1200.0,1552.5947408490365,0,1,1,Sector 108 Gurgaon,0,0,0,0,0,0,5.0,5.0,5.0,5.0,5.0,0,0,0,0,0,0,0,1,0,0,0,0
flat,ashiana anmol3.5 â˜…,0.9,7059.0,1275.0,2,2,2,8.0,Unknown,1 to 5 Year Old,1274.983955,1039.0,1296.2369055830336,0,1,1,Sohna,0,0,0,0,0,0,5.0,5.0,5.0,5.0,5.0,13,1,1,0,0,0,0,0,0,0,0,0
flat,sidhartha ncr one phase 14.2 â˜…,0.6,4800.0,1250.0,2,2,3,10.0,North-East,1 to 5 Year Old,1250.011707,1088.2353088507589,1272.7609133425572,0,1,0,Sector 95 Gurgaon,0,0,0,0,0,0,5.0,5.0,5.0,5.0,5.0,0,0,0,0,0,0,0,0,0,0,0,0
flat,ramprastha the edge towers3.5 â˜…,0.75,5319.0,1410.0,2,2,3,19.0,Unknown,5 to 10 Year Old,1409.963261,1216.9185365062913,1423.0072636816064,0,1,0,Sector 37D Gurgaon,0,0,0,0,0,0,5.0,5.0,5.0,5.0,5.0,15,3,1,3,0,0,0,0,0,0,0,0
flat,trisara our homes 3,0.395,6561.0,602.0,2,2,1,0.0,South,0 to 1 Year Old,648.5252736394666,602.0249269999999,664.2631944694078,0,0,1,Sohna,0,0,0,0,0,15,5.0,5.0,5.0,5.0,5.0,13,1,1,1,1,1,0,0,0,0,0,0
flat,ashiana anmol3.5 â˜…,0.99,8215.0,1205.0,2,2,2,6.0,East,Under Construction,1145.2850332351495,900.0,1205.018605,1,0,1,Sohna,0,0,0,0,0,8,5.0,5.0,5.0,5.0,5.0,13,1,1,0,0,0,0,0,0,0,0,0
flat,umang monsoon breeze,0.69,5390.0,1280.0,2,2,2,11.0,Unknown,5 to 10 Year Old,1207.0710729858563,1280.042988,1300.932104031129,0,0,1,Sector 78 Gurgaon,0,0,0,0,0,10,5.0,5.0,5.0,5.0,5.0,7,0,0,1,1,0,0,0,0,0,0,0
flat,signature global park 4,0.85,11333.0,750.0,3,2,3,1.0,Unknown,0 to 1 Year Old,770.4497254141949,750.028552,803.2410685330284,0,0,1,Sector 36 Sohna,0,0,0,0,0,5,5.0,5.0,5.0,5.0,5.0,12,2,1,0,1,0,0,0,0,0,0,0
flat,hcbs sports ville3.6 â˜…,0.32,4301.0,744.0,2,2,1,3.0,Unknown,1 to 5 Year Old,744.000768,681.2746013901376,797.6068303953141,0,1,0,Sohna,0,0,0,0,0,18,5.0,5.0,5.0,5.0,5.0,5,0,0,0,0,0,0,0,0,0,0,0
flat,raheja the vedaanta floors,0.7,4521.0,1548.0,2,2,3,1.0,Unknown,5 to 10 Year Old,1427.8531883617156,1547.956459,1552.5947408490365,0,0,1,Sector 108 Gurgaon,0,0,0,0,0,0,5.0,5.0,5.0,5.0,5.0,8,1,0,1,1,0,0,1,0,0,0,0
flat,kamal residence,0.4,7633.0,524.0,2,2,1,0.0,North-East,0 to 1 Year Old,584.2677922987315,523.9866519999999,591.0180986791213,0,0,1,Sohna,0,0,0,0,1,3,5.0,5.0,5.0,5.0,5.0,0,0,0,0,0,0,0,0,0,0,0,0
flat,rof ananda,0.38,5899.0,644.0,2,2,2,5.0,Unknown,1 to 5 Year Old,683.1254558998625,644.111776,703.7028614334083,0,0,1,Sector 95 Gurgaon,1,0,0,0,0,13,5.0,5.0,5.0,5.0,5.0,15,0,0,0,1,1,0,0,0,0,0,0
flat,gls arawali homes3.8 â˜…,0.26,4513.0,576.0,2,2,2,4.0,Unknown,1 to 5 Year Old,627.1061131925549,575.976289,639.8481625393124,0,0,1,Sohna,0,0,0,0,0,8,5.0,5.0,5.0,5.0,5.0,6,0,0,0,0,0,0,0,0,0,0,0
flat,avl 36 gurgaon3.7 â˜…,0.5,8333.0,600.0,1,1,1,5.0,Unknown,1 to 5 Year Old,599.979786,500.0,662.3851150901697,0,1,1,Sector 36A Gurgaon,0,0,0,0,0,0,5.0,5.0,5.0,5.0,5.0,0,0,0,0,0,0,0,0,0,0,0,0
flat,eldeco accolade3.8 â˜…,0.85,6724.0,1264.0,2,2,3,10.0,Unknown,0 to 1 Year Old,1193.8900511723728,730.0,1264.004777,1,0,1,Sohna,0,0,0,0,0,12,5.0,5.0,5.0,5.0,5.0,7,1,1,0,0,0,0,0,0,0,0,0
flat,adarsh nagar,0.65,6190.0,1050.0,3,3,1,1.0,North-West,0 to 1 Year Old,1017.5938844170224,1050.018445,1084.9529754187456,0,0,1,Adarsh Nagar,0,0,0,0,0,7,5.0,5.0,5.0,5.0,5.0,50,1,16,2,0,0,0,1,0,0,0,0
flat,g l s arawali homes,0.26,4513.0,576.0,2,2,2,1.0,Unknown,5 to 10 Year Old,627.1061131925549,546.1572123518285,575.976289,1,0,0,Sohna,0,0,0,0,0,0,5.0,5.0,5.0,5.0,5.0,0,0,0,0,0,0,0,0,0,0,0,0
flat,gls arawali homes3.8 â˜…,0.35,6076.0,576.0,2,2,2,12.0,Unknown,0 to 1 Year Old,627.1061131925549,546.1572123518285,575.976289,1,0,0,Sohna,0,0,0,0,0,9,5.0,5.0,5.0,5.0,5.0,6,0,0,0,0,0,0,0,1,0,0,0
flat,piedmont taksila heights3.6 â˜…,0.9,5855.0,1537.0,3,3,3,9.0,South-West,5 to 10 Year Old,1536.977281,1319.0608484578702,1542.2653042632269,0,1,0,Sector 37C Gurgaon,0,0,0,0,0,15,5.0,5.0,5.0,5.0,5.0,29,0,14,0,0,0,1,0,0,0,0,0
flat,suncity avenue 76,0.75,10204.0,735.0,2,2,2,11.0,Unknown,Under Construction,758.0925174640535,674.0361698345139,734.9590919999999,1,0,0,Sector 76 Gurgaon,0,0,0,0,0,0,5.0,5.0,5.0,5.0,5.0,6,1,1,0,0,0,0,0,1,0,0,0
flat,ild greens,0.79,4476.0,1765.0,4,4,2,7.0,Unknown,1 to 5 Year Old,1764.956683,1502.434447867004,1756.366353496372,0,1,0,Sector 37A Gurgaon,0,0,0,0,0,0,5.0,5.0,5.0,5.0,5.0,23,0,11,0,0,0,0,0,0,0,0,0
flat,sare crescent parc royal greens phase 1,0.5,5000.0,1000.0,2,2,3,2.0,North-East,1 to 5 Year Old,999.96631,999.0,1038.0009909377927,0,1,1,Sector 92 Gurgaon,0,0,0,0,0,0,5.0,5.0,5.0,5.0,5.0,8,0,0,0,0,0,0,1,0,0,0,0
flat,signature global park4.0 â˜…,0.5479999999999999,7355.0,745.0,2,2,3,4.0,East,0 to 1 Year Old,766.330656097481,744.9695189999999,798.5458700849331,0,0,1,Sohna,0,0,0,0,0,13,5.0,5.0,5.0,5.0,5.0,8,1,1,0,1,1,0,1,0,0,0,0
flat,lotus homz4.0 â˜…,0.7,10057.0,696.0,2,2,2,8.0,East,1 to 5 Year Old,725.9637767936858,695.9937739999999,752.5329252935993,0,0,1,Sector 111 Gurgaon,0,0,0,0,0,11,5.0,5.0,5.0,5.0,5.0,15,3,2,2,1,0,0,1,0,0,0,0
flat,rof ananda,0.55,5500.0,1000.0,3,2,2,14.0,East,0 to 1 Year Old,976.4031912498843,745.0,999.96631,1,0,1,Sector 95 Gurgaon,1,0,0,0,0,5,5.0,5.0,5.0,5.0,5.0,15,0,0,0,1,0,0,0,0,0,0,0
flat,rof ananda,0.55,8527.0,645.0,3,2,2,14.0,East,0 to 1 Year Old,683.9492697632052,645.0,999.96631,1,0,1,Sector 95 Gurgaon,1,0,0,0,0,12,5.0,5.0,5.0,5.0,5.0,15,0,0,0,1,0,0,0,1,0,0,0
flat,ansal height 86,0.8,5882.0,1360.0,2,2,0,1.0,Unknown,1 to 5 Year Old,1360.0187649999998,1176.7050278639374,1376.0552792006536,0,1,0,Sector 86 Gurgaon,0,0,0,0,0,0,5.0,5.0,5.0,5.0,5.0,11,0,0,0,0,0,0,0,0,0,0,0
flat,ramsons kshitij,0.35,5495.0,637.0,2,2,0,5.0,Unknown,1 to 5 Year Old,637.007602,595.2176928955002,697.1295836060749,0,1,0,Sector 95 Gurgaon,0,0,0,0,0,0,5.0,5.0,5.0,5.0,5.0,3,0,0,0,0,0,0,0,0,0,0,0
flat,vipul lavanya3.9 â˜…,0.6,6666.0,900.0,2,2,1,0.0,Unknown,Under Construction,894.0218049156085,806.7407483542817,899.9696789999999,1,0,0,Sector 81 Gurgaon,0,0,0,0,0,0,5.0,5.0,5.0,5.0,5.0,16,0,0,0,0,0,0,0,1,0,0,0
flat,breez global heights4.2 â˜…,0.46,6478.0,710.0,2,2,2,6.0,East,1 to 5 Year Old,737.4971708804845,709.9868439999999,765.6794809482661,0,0,1,Sohna,0,0,0,0,0,8,5.0,5.0,5.0,5.0,5.0,10,1,1,0,0,0,0,0,0,0,0,0
flat,vipul lavanya3.9 â˜…,0.6,6666.0,900.0,2,2,1,0.0,East,1 to 5 Year Old,894.0218049156085,899.9696789999999,944.0970219758872,0,0,1,Sector 81 Gurgaon,0,0,0,0,0,8,5.0,5.0,5.0,5.0,5.0,14,0,0,0,0,0,0,0,0,0,0,0
flat,ashiana anmol,0.93,7294.0,1275.0,2,2,2,9.0,Unknown,Under Construction,1000.0,875.0,1274.983955,1,1,1,Sohna,0,0,0,0,1,7,5.0,5.0,5.0,5.0,5.0,0,0,0,0,0,0,0,0,0,0,0,0
flat,shree vardhman flora3.8 â˜…,0.7,5177.0,1352.0,2,2,3,9.0,East,0 to 1 Year Old,1266.385671146535,1170.2708664811607,1351.94584,1,0,0,Sector 90 Gurgaon,1,0,0,0,0,15,5.0,5.0,5.0,5.0,5.0,10,1,1,0,0,0,0,0,0,0,0,0
flat,mvn athens3.7 â˜…,0.25,5198.0,481.0,2,2,0,0.0,Unknown,1 to 5 Year Old,481.038691,469.7515459313562,550.6393920255018,0,1,0,Sohna,0,0,0,0,0,6,5.0,5.0,5.0,5.0,5.0,10,0,0,5,0,0,0,0,0,0,0,0
flat,sare crescent parc3.5 â˜…,0.9,4260.0,2113.0,4,5,3+,3.0,Unknown,1 to 5 Year Old,1893.3080211503743,1782.3204680177869,1994.981226,1,0,0,Sector 92 Gurgaon,0,1,0,0,0,0,5.0,5.0,5.0,5.0,5.0,8,0,0,0,0,0,0,0,1,0,0,0
flat,shree vardhman flora3.8 â˜…,0.96,5120.0,1875.0,3,4,3,3.0,North,0 to 1 Year Old,1697.240321674798,1590.9041668801824,1874.963741,1,0,0,Sector 90 Gurgaon,0,1,0,0,0,17,5.0,5.0,5.0,5.0,5.0,10,1,1,0,0,0,0,0,0,0,0,0
flat,ashray apartment,0.64,7529.0,850.0,2,2,1,3.0,North,5 to 10 Year Old,852.8311117484707,850.025183,897.1450374949342,0,0,1,Carterpuri Village,0,0,0,0,0,7,5.0,5.0,5.0,5.0,5.0,43,3,6,11,1,0,0,1,0,0,0,0
flat,m3m woodshire4.0 â˜…,0.9,6590.0,1366.0,2,2,3+,10.0,Unknown,1 to 5 Year Old,1277.9190652333336,1181.5306489010195,1366.046549,1,0,0,Sector 107 Gurgaon,0,0,0,0,1,0,5.0,5.0,5.0,5.0,5.0,6,1,0,0,0,1,0,1,1,0,1,0
flat,rof aalayas3.8 â˜…,0.45,6000.0,750.0,1,1,2,6.0,Unknown,1 to 5 Year Old,750.028552,686.10022242722,803.2410685330284,0,1,0,Sector 102 Gurgaon,0,0,0,0,0,0,5.0,5.0,5.0,5.0,5.0,8,1,1,0,1,0,0,1,0,0,0,0
flat,global hill view,0.36,5150.0,699.0,2,2,0,15.0,Unknown,1 to 5 Year Old,699.007666,645.0824436120191,755.3500443624564,0,1,0,Sector 11 Gurgaon,0,0,0,0,0,0,5.0,5.0,5.0,5.0,5.0,0,0,0,0,0,0,0,0,0,0,0,0
flat,gls arawali homes3.8 â˜…,0.32,6722.0,476.0,2,1,0,0.0,Unknown,1 to 5 Year Old,475.979658,465.7301950671208,545.9441935774066,0,1,0,Sohna,0,0,0,0,0,0,5.0,5.0,5.0,5.0,5.0,6,0,0,0,0,0,0,0,0,0,0,0
flat,sidhartha ncr greens4.3 â˜…,0.56,5656.0,990.0,2,2,3,13.0,Unknown,0 to 1 Year Old,968.1650526164568,879.1250639105186,989.955883,1,0,0,Sector 95 Gurgaon,0,0,0,0,0,4,5.0,5.0,5.0,5.0,5.0,4,0,0,0,0,0,0,0,0,0,0,0
flat,gls arawali homes3.8 â˜…,0.3,6243.0,481.0,2,2,2,4.0,East,1 to 5 Year Old,548.8437961749928,480.53,567.042252,1,0,1,Sohna,0,0,0,0,0,21,5.0,5.0,5.0,5.0,5.0,6,0,0,0,0,0,0,1,0,0,0,0
flat,ganga apartment,0.74,6040.0,1225.0,3,3,2,0.0,North-East,1 to 5 Year Old,1161.761310502005,1225.039459,1249.2849211020807,0,0,1,Shanti Nagar,0,0,0,0,0,9,5.0,5.0,5.0,5.0,5.0,50,1,24,2,0,1,0,0,0,0,0,0
flat,lotus homz4.0 â˜…,0.36,8888.0,405.0,1,1,1,10.0,Unknown,1 to 5 Year Old,486.23394256094326,405.045557,479.2723756144535,0,0,1,Sector 111 Gurgaon,0,0,0,0,0,7,5.0,5.0,5.0,5.0,5.0,15,3,2,2,1,1,0,0,0,0,0,0
flat,shreeram apartment ii,0.21,4666.0,450.0,1,1,1,2.0,Unknown,1 to 5 Year Old,523.3055664113674,450.038659,521.5291616473112,0,0,1,Laxman Vihar Phase 2,0,0,0,0,0,2,5.0,5.0,5.0,5.0,5.0,49,1,15,5,0,0,0,0,0,0,0,0
flat,zara aavaas,0.255,7807.0,327.0,1,1,2,0.0,North-East,1 to 5 Year Old,300.958644,345.89393931290624,406.027279824167,0,1,0,Sector 104 Gurgaon,0,0,0,0,0,16,5.0,5.0,5.0,5.0,5.0,10,1,1,0,0,0,0,0,0,0,0,0
flat,the roselia 2,0.45,6475.0,695.0,2,2,2,19.0,North,1 to 5 Year Old,695.0250229999999,595.0,751.5938856039802,0,1,1,Sector 95A Gurgaon,0,0,0,0,0,0,5.0,5.0,5.0,5.0,5.0,0,0,0,0,0,0,0,0,0,0,0,0
flat,signature global solera3.7 â˜…,0.6,8000.0,750.0,3,2,2,8.0,Unknown,1 to 5 Year Old,750.028552,650.0,803.2410685330284,0,1,1,Sector 107 Gurgaon,0,0,0,0,0,0,5.0,5.0,5.0,5.0,5.0,11,0,1,0,0,0,0,0,0,0,0,0
flat,signature global solera3.7 â˜…,0.4,6644.0,602.0,2,2,1,7.0,Unknown,1 to 5 Year Old,648.5252736394666,548.0,602.0249269999999,1,0,1,Sector 107 Gurgaon,0,0,0,0,0,0,5.0,5.0,5.0,5.0,5.0,11,0,1,0,0,0,0,0,0,0,0,0
flat,mvn athens sohna gurgaon,0.28,5833.0,480.0,2,2,1,2.0,Unknown,1 to 5 Year Old,548.0199823116501,479.962301,549.7003523358828,0,0,1,Sector-5 Sohna,0,0,0,0,0,7,5.0,5.0,5.0,5.0,5.0,0,0,0,0,0,0,0,0,0,0,0,0
flat,ashiana mulberry,0.74,6016.0,1230.0,2,2,3+,12.0,Unknown,1 to 5 Year Old,1165.880379818719,1229.990853,1253.980119550176,0,0,1,Sohna,0,0,0,0,0,12,5.0,5.0,5.0,5.0,5.0,6,1,1,0,0,1,0,0,0,0,0,0
flat,ace palm floors,0.9704,7863.0,1234.0,2,2,2,1.0,Unknown,0 to 1 Year Old,1169.17563527209,1233.973496,1257.7362783086523,0,0,1,Sector 89 Gurgaon,1,0,0,0,0,5,5.0,5.0,5.0,5.0,5.0,15,2,1,2,0,1,0,0,0,0,0,0
flat,umang winter hills3.9 â˜…,0.86,6408.0,1342.0,2,2,2,16.0,Unknown,0 to 1 Year Old,1258.1475325131078,1162.22816475269,1342.043052,1,0,0,Sector 77 Gurgaon,0,0,0,0,0,13,5.0,5.0,5.0,5.0,5.0,10,1,1,0,0,0,0,1,1,0,0,0
flat,ansal valley view estate,0.6,6452.0,930.0,2,2,0,9.0,Unknown,1 to 5 Year Old,930.00096,830.868853539694,972.2682126644588,0,1,0,Gurgaon Faridabad Road,0,0,0,0,0,0,5.0,5.0,5.0,5.0,5.0,22,2,2,6,0,0,0,0,0,0,0,0
flat,signature global solera3.7 â˜…,0.25,7862.0,318.0,1,1,0,0.0,Unknown,1 to 5 Year Old,317.965606,338.6555077572825,397.5759226175955,0,1,0,Sector 107 Gurgaon,0,0,0,0,0,0,5.0,5.0,5.0,5.0,5.0,11,0,1,0,0,0,0,0,0,0,0,0
flat,signature global synera3.4 â˜…,0.48,8450.0,568.0,2,2,1,7.0,South-East,1 to 5 Year Old,620.5156022858127,568.0,657.028456,1,0,1,Sector 81 Gurgaon,0,0,0,0,0,12,5.0,5.0,5.0,5.0,5.0,10,1,1,0,0,1,0,1,0,0,0,0
flat,ild greens4.1 â˜…,0.95,9223.0,1030.0,2,2,3+,11.0,South-West,1 to 5 Year Old,1001.1176071501671,1030.0,1339.997911,1,0,1,Sector 37C Gurgaon,0,0,1,1,0,21,5.0,5.0,5.0,5.0,5.0,9,1,1,0,0,0,0,0,0,0,0,0
flat,rof ananda,0.365,5658.0,645.0,2,2,2,10.0,East,0 to 1 Year Old,683.9492697632052,644.972888,704.6419011230273,0,0,1,Sector 95 Gurgaon,1,0,0,0,0,12,5.0,5.0,5.0,5.0,5.0,15,0,0,0,1,1,0,1,0,0,0,0
flat,breez global heights,0.24,5825.0,412.0,1,1,1,8.0,Unknown,0 to 1 Year Old,492.00063960434255,412.042092,485.8456534417869,0,0,1,Sector 36 Gurgaon,0,0,0,0,0,10,5.0,5.0,5.0,5.0,5.0,15,0,5,0,0,0,0,0,0,0,0,0
flat,global height,0.45,6338.0,710.0,2,2,2,6.0,East,1 to 5 Year Old,737.4971708804845,709.9868439999999,765.6794809482661,0,0,1,Sohna,0,0,0,0,0,8,5.0,5.0,5.0,5.0,5.0,0,0,0,0,0,1,0,0,0,0,0,0
flat,signature global the millennia,0.65,10906.0,596.0,2,2,3,0.0,Unknown,0 to 1 Year Old,643.5823904594101,596.0,650.031921,1,0,1,Sector 37D Gurgaon,0,0,0,0,0,7,5.0,5.0,5.0,5.0,5.0,15,0,2,0,0,0,0,1,0,0,0,0
flat,aashirwad residency,0.9,11250.0,800.0,3,2,2,4.0,Unknown,5 to 10 Year Old,811.6404185813327,799.973048,850.1930530139813,0,0,1,Sector 5 chowk Gurgaon,0,0,0,0,1,5,5.0,5.0,5.0,5.0,5.0,0,0,0,0,0,0,0,1,0,0,0,0
flat,smart world gems,0.9,8145.0,1105.0,2,2,2,1.0,Unknown,1 to 5 Year Old,1105.021974,971.6161337879324,1136.600158347794,0,1,0,Sector 89 Gurgaon,0,0,0,0,0,0,5.0,5.0,5.0,5.0,5.0,14,1,1,0,1,0,0,0,0,0,0,0
flat,pyramid urban homes 2,0.5,9698.0,516.0,2,2,2,6.0,Unknown,10+ Year Old,577.6772813919895,515.5908099999999,583.5057811621689,0,0,1,Sector 86 Gurgaon,0,0,0,0,0,3,5.0,5.0,5.0,5.0,5.0,10,1,0,0,0,1,0,1,0,0,0,0
flat,breez global hill view,0.35,5319.0,658.0,2,2,2,18.0,Unknown,0 to 1 Year Old,657.997207,554.17,716.8494170880751,0,1,1,Sohna,0,0,0,0,0,4,5.0,5.0,5.0,5.0,5.0,15,1,1,1,0,0,0,0,0,0,0,0
flat,hcbs sports ville3.6 â˜…,0.25,4166.0,600.0,1,1,1,12.0,Unknown,1 to 5 Year Old,599.979786,565.4596965001583,662.3851150901697,0,1,0,Sohna,0,0,0,0,0,7,5.0,5.0,5.0,5.0,5.0,5,0,0,0,0,0,0,0,0,0,0,0
flat,eden landmark,0.5,3847.0,1300.0,2,2,0,7.0,Unknown,Under Construction,1299.956203,1128.4488174931128,1319.71289782351,0,1,0,Manesar,0,0,0,0,0,0,5.0,5.0,5.0,5.0,5.0,9,0,2,0,0,0,0,0,0,0,0,0
flat,pivotal devaan,0.27,7964.0,339.0,1,1,1,13.0,North-East,1 to 5 Year Old,431.8622275803212,339.0,438.951842,1,0,1,Sector 84 Gurgaon,0,0,0,0,0,8,5.0,5.0,5.0,5.0,5.0,15,4,2,1,0,0,0,0,0,0,0,0
flat,signature global solera 2,0.5,8928.0,560.0,2,2,2,13.0,Unknown,0 to 1 Year Old,613.9250913790708,560.045717,624.8235275054075,0,0,1,Sector 107 Gurgaon,0,0,0,0,0,2,5.0,5.0,5.0,5.0,5.0,3,0,0,0,0,1,0,0,0,0,0,0
flat,signature global park 4,0.82,7585.0,1081.0,3,2,3,2.0,Unknown,0 to 1 Year Old,1043.132114180648,1081.018477,1114.0632057969365,0,0,1,Sector 36 Sohna,0,0,0,0,0,4,5.0,5.0,5.0,5.0,5.0,12,2,1,0,1,0,1,0,0,0,0,0
flat,irwo westend towers3.9 â˜…,0.65,12059.0,539.0,1,1,2,3.0,Unknown,10+ Year Old,596.6250002488728,538.948473,605.1036940234072,0,0,1,Sector 47 Gurgaon,0,0,0,0,0,11,5.0,5.0,5.0,5.0,5.0,45,3,4,5,0,1,0,1,0,0,0,0
flat,afnhb jalvayu vihar,0.85,12859.0,661.0,2,2,1,2.0,West,10+ Year Old,697.1302915766894,661.011099,719.6665361569322,0,0,1,Sector 30 Gurgaon,0,0,0,0,1,9,5.0,5.0,5.0,5.0,5.0,50,2,3,14,0,0,0,0,0,0,0,0
flat,signature global park 4,0.72,6660.0,1081.0,3,2,3,3.0,Unknown,Under Construction,1043.132114180648,952.3136496396028,1081.018477,1,0,0,Sector 36 Sohna,0,0,0,0,0,0,5.0,5.0,5.0,5.0,5.0,0,0,0,0,0,0,0,0,0,0,0,0
flat,satya element one,0.87,19333.0,450.0,1,1,1,2.0,Unknown,1 to 5 Year Old,523.3055664113674,450.038659,521.5291616473112,0,0,1,Sector 49 Gurgaon,0,0,0,0,0,5,5.0,5.0,5.0,5.0,5.0,15,3,0,2,0,1,0,0,0,0,0,0
flat,breez global heights 88a,0.5,8375.0,597.0,3,2,2,2.0,Unknown,Under Construction,644.4062043227528,596.9658939999999,659.5679960213125,0,0,1,Sector 88A Gurgaon,0,0,0,0,0,4,5.0,5.0,5.0,5.0,5.0,9,1,1,0,0,0,0,0,0,0,0,0
flat,signature global city 92,0.99,6622.0,1495.0,3,2,3,1.0,East,0 to 1 Year Old,1384.1910536045498,1494.9980709999998,1502.8256372992264,0,0,1,Sector 92 Gurgaon,0,0,0,0,1,6,5.0,5.0,5.0,5.0,5.0,10,1,1,0,0,0,0,0,0,0,1,0
flat,pyramid pride,0.5,6578.0,760.0,2,2,1,8.0,North,Under Construction,778.6878640476224,760.0389789999999,812.631465429219,0,0,1,Sector 76 Gurgaon,0,0,0,0,0,15,5.0,5.0,5.0,5.0,5.0,8,1,1,0,0,0,0,0,0,0,0,0
flat,orris carnation residency3.7 â˜…,0.9,6428.0,1400.0,3,3,2,12.0,Unknown,1 to 5 Year Old,1402.0,1400.0,1484.987644,1,1,1,Sector 85 Gurgaon,0,0,0,0,0,21,5.0,5.0,5.0,5.0,5.0,8,2,2,0,0,0,1,0,0,0,0,0
flat,trisara our homes 3,0.36,5980.0,602.0,2,2,1,1.0,Unknown,0 to 1 Year Old,648.5252736394666,450.0,602.0249269999999,1,0,1,Sohna,0,0,0,0,0,8,5.0,5.0,5.0,5.0,5.0,13,1,1,1,1,0,0,0,1,0,0,0
flat,kendriya vihar,0.65,8609.0,755.0,1,1,1,0.0,Unknown,5 to 10 Year Old,774.5687947309086,754.9799459999999,807.9362669811237,0,0,1,Sector 56 Gurgaon,0,0,0,0,0,25,5.0,5.0,5.0,5.0,5.0,45,1,5,14,3,0,0,1,0,0,0,0
flat,ansal heights 86,0.67,5100.0,1314.0,2,2,1,10.0,Unknown,1 to 5 Year Old,1235.0807443395106,1139.7085999129715,1360.0187649999998,1,0,0,Sector 86 Gurgaon,0,0,0,0,0,18,5.0,5.0,5.0,5.0,5.0,4,1,1,0,0,0,0,0,0,0,0,0
flat,breez global heights4.2 â˜…,0.25,7002.0,357.0,1,1,1,1.0,Unknown,1 to 5 Year Old,446.6908771204908,357.0,413.979594,1,0,1,Sohna,0,0,0,0,0,10,5.0,5.0,5.0,5.0,5.0,10,1,1,0,0,0,0,0,1,0,0,0
flat,kendriya vihar4.1 â˜…,0.58,9586.0,605.0,1,1,1,1.0,Unknown,10+ Year Old,650.9967152294948,605.038819,667.080313538265,0,0,1,Sector 56 Gurgaon,0,0,0,0,0,11,5.0,5.0,5.0,5.0,5.0,45,1,5,14,3,0,1,1,0,0,0,0
flat,om apartment dayanand colony,0.255,4373.0,583.0,1,1,1,3.0,North-East,1 to 5 Year Old,632.8728102359541,582.972824,646.4214403666458,0,0,1,Sector 5 Gurgaon,0,0,0,0,0,2,5.0,5.0,5.0,5.0,5.0,49,2,12,5,0,0,0,0,0,0,0,0
flat,pyramid urban homes 2,0.6,8000.0,750.0,3,2,2,2.0,East,Under Construction,770.4497254141949,750.028552,803.2410685330284,0,0,1,Sector 86 Gurgaon,0,0,0,0,0,3,5.0,5.0,5.0,5.0,5.0,10,1,0,0,0,0,0,0,0,0,0,0
flat,pyramid urban homes 2,0.5,8319.0,601.0,2,2,1,2.0,East,1 to 5 Year Old,647.7014597761238,600.948537,663.3241547797888,0,0,1,Sector 86 Gurgaon,0,0,0,0,0,6,5.0,5.0,5.0,5.0,5.0,10,1,0,0,0,0,0,0,0,0,0,0
flat,greenopolis,0.65,5195.0,1251.0,2,2,2,15.0,Unknown,Under Construction,1183.1804709489163,1250.980458,1273.6999530321762,0,0,1,Sector 89 Gurgaon,0,0,0,0,0,6,5.0,5.0,5.0,5.0,5.0,7,0,0,0,0,0,0,0,0,0,0,0
flat,breez global hill view,0.32,5776.0,554.0,2,2,2,19.0,North,1 to 5 Year Old,608.9822081990142,554.017933,619.189289367693,0,0,1,Sohna,0,0,0,0,0,5,5.0,5.0,5.0,5.0,5.0,15,1,1,1,0,0,0,1,0,1,0,0
flat,satya the hermitage3.5 â˜…,0.8,5517.0,1450.0,2,2,0,10.0,Unknown,1 to 5 Year Old,1450.004969,1249.0893434201744,1460.5688512663687,0,1,0,Sector 103 Gurgaon,0,0,0,0,0,0,5.0,5.0,5.0,5.0,5.0,15,1,1,0,2,0,0,0,0,0,0,0
flat,imperia the esfera,0.95,5703.0,1666.0,2,2,0,17.0,Unknown,Under Construction,1577.9877399999998,1422.8117007551432,1663.401424224085,0,1,0,Sector 37C Gurgaon,0,1,0,0,0,0,5.0,5.0,5.0,5.0,5.0,8,2,1,0,0,0,0,0,0,0,0,0
flat,hcbs sports ville3.6 â˜…,0.298,4011.0,743.0,2,2,2,3.0,Unknown,1 to 5 Year Old,743.032017,621.0,796.667790705695,0,1,1,Sohna,0,0,0,0,0,0,5.0,5.0,5.0,5.0,5.0,5,0,0,0,0,0,0,0,0,0,0,0
flat,adani aangan arcade,0.5,7763.0,644.0,2,2,1,4.0,Unknown,1 to 5 Year Old,671.990277,644.0,703.7028614334083,0,1,1,Sector 89 A Gurgaon,0,0,0,0,0,11,5.0,5.0,5.0,5.0,5.0,6,1,1,0,0,0,1,0,0,0,0,0
flat,adani aangan galleria,0.25,5000.0,500.0,1,1,1,6.0,Unknown,0 to 1 Year Old,430.0,410.0,499.983155,1,1,1,Sector 89 A Gurgaon,0,0,0,0,0,13,5.0,5.0,5.0,5.0,5.0,3,0,0,0,0,0,0,0,0,0,0,0
flat,shree vardhman flora3.8 â˜…,0.8,5925.0,1350.0,2,3,2,0.0,Unknown,1 to 5 Year Old,1350.008338,1168.6623261354666,1366.664882304463,0,1,0,Sector 90 Gurgaon,0,0,0,0,0,0,5.0,5.0,5.0,5.0,5.0,10,1,1,0,0,0,0,0,0,0,0,0
flat,spectrum centre,0.62,9538.0,650.0,1,1,0,6.0,Unknown,1 to 5 Year Old,650.031921,605.6732051425123,709.3370995711226,0,1,0,Sector 82A Gurgaon,0,0,0,0,0,0,5.0,5.0,5.0,5.0,5.0,11,0,0,0,0,0,0,0,0,0,0,0
flat,smart world gems,0.88,7978.0,1103.0,2,2,0,2.0,Unknown,1 to 5 Year Old,1102.976833,970.0075934422384,1134.7220789685557,0,1,0,Sector 89 Gurgaon,0,0,0,0,0,0,5.0,5.0,5.0,5.0,5.0,14,1,1,0,1,0,0,0,0,0,0,0
flat,vatika india next4.1 â˜…,0.8,6426.0,1245.0,2,2,3,9.0,Unknown,1 to 5 Year Old,1178.23758776886,1244.952674,1268.065714894462,0,0,1,Sector 82 Gurgaon,0,0,0,0,0,0,5.0,5.0,5.0,5.0,5.0,8,1,1,0,0,0,0,0,0,0,0,0
flat,sare green parc,0.85,6741.0,1261.0,3,2,2,14.0,Unknown,1 to 5 Year Old,1260.990885,1097.0822807520767,1283.0903499283668,0,1,0,Sector 92 Gurgaon,0,0,0,0,0,0,5.0,5.0,5.0,5.0,5.0,50,1,5,8,2,0,0,0,0,0,0,0
flat,ss residency,0.48,5333.0,900.0,3,2,2,2.0,Unknown,5 to 10 Year Old,894.0218049156085,899.9696789999999,944.0970219758872,0,0,1,Dayanand Colony,0,0,0,0,0,8,5.0,5.0,5.0,5.0,5.0,50,1,15,3,0,0,0,1,0,0,0,0
flat,imperia elvedor,0.55,8221.0,669.0,1,1,0,5.0,Unknown,1 to 5 Year Old,668.9763849999999,620.9543384266068,727.1788536738848,0,1,0,Sector 37C Gurgaon,0,0,0,0,0,0,5.0,5.0,5.0,5.0,5.0,0,0,0,0,0,0,0,1,0,0,0,0
flat,hcbs sports ville3.6 â˜…,0.32,5517.0,580.0,2,2,1,7.0,Unknown,0 to 1 Year Old,630.4013686459259,579.958932,643.6043212977886,0,0,1,Sohna,0,0,0,0,0,6,5.0,5.0,5.0,5.0,5.0,5,0,0,0,0,0,0,1,0,0,0,0
flat,ansal heights 86,0.82,6029.0,1360.0,2,2,1,12.0,Unknown,0 to 1 Year Old,1300.0,1000.0,1360.0187649999998,1,1,1,Sector 86 Gurgaon,0,0,0,0,0,8,5.0,5.0,5.0,5.0,5.0,4,1,1,0,0,1,0,0,0,0,0,0
flat,zara aavaas,0.4,7029.0,569.0,2,2,1,14.0,Unknown,1 to 5 Year Old,621.3394161491556,540.5273211418989,568.979754,1,0,0,Sector 104 Gurgaon,0,0,0,0,0,7,5.0,5.0,5.0,5.0,5.0,10,1,1,0,0,0,0,1,0,0,0,0
flat,antriksh heights3.7 â˜…,0.945,7000.0,1350.0,3,2,3+,10.0,Unknown,0 to 1 Year Old,1264.73804341985,1168.6623261354666,1350.008338,1,0,0,Sector 84 Gurgaon,1,0,0,0,0,16,5.0,5.0,5.0,5.0,5.0,3,1,0,0,0,0,0,0,0,0,0,0
flat,sare green parc,0.75,4820.0,1556.0,3,2,2,16.0,Unknown,1 to 5 Year Old,1556.029384,1261.0,1560.107058365989,0,1,1,Sector 92 Gurgaon,0,0,0,0,0,0,5.0,5.0,5.0,5.0,5.0,50,1,5,8,2,0,0,0,0,0,0,0
flat,signature global park4.0 â˜…,0.65,7907.0,822.0,2,1,2,3.0,Unknown,Under Construction,829.7643235748734,822.039043,870.8519261856005,0,0,1,Sohna,0,0,0,0,0,18,5.0,5.0,5.0,5.0,5.0,8,1,1,0,1,0,0,1,0,0,0,0
flat,maxworth city residences,0.9,7083.0,1271.0,2,2,3,9.0,East,0 to 1 Year Old,1199.656748215772,1105.1249824805475,1199.959572,1,0,0,Sector 10A Gurgaon,0,0,0,0,1,9,5.0,5.0,5.0,5.0,5.0,49,0,26,0,0,0,0,1,0,0,0,0
flat,vatika xpressions,0.92,6815.0,1350.0,2,2,3,3.0,Unknown,Under Construction,1350.008338,1120.0,1366.664882304463,0,1,1,Sector 88B Gurgaon,0,0,0,0,0,5,5.0,5.0,5.0,5.0,5.0,7,2,1,0,0,0,0,0,0,0,0,0
flat,signature global park4.0 â˜…,0.68,8252.0,824.0,2,2,2,3.0,Unknown,Under Construction,831.4119513015589,823.976545,872.7300055648386,0,0,1,Sohna,0,0,0,0,0,17,5.0,5.0,5.0,5.0,5.0,8,1,1,0,1,0,0,1,0,0,0,0
flat,samaspurkunj,0.55,5238.0,1050.0,2,2,0,5.0,Unknown,1 to 5 Year Old,1017.5938844170224,1050.018445,1084.9529754187456,0,0,1,Samaspur,0,0,0,0,0,6,5.0,5.0,5.0,5.0,5.0,47,3,4,7,0,0,0,0,0,0,0,0
flat,m3m woodshire4.0 â˜…,0.8,5856.0,1366.0,2,2,3+,14.0,Unknown,0 to 1 Year Old,1277.9190652333336,1181.5306489010195,1366.046549,1,0,0,Sector 107 Gurgaon,0,0,0,0,0,11,5.0,5.0,5.0,5.0,5.0,6,1,0,0,0,1,0,1,0,0,0,0
flat,conscient habitat3.6 â˜…,0.35,6422.0,545.0,2,2,1,3.0,North-East,1 to 5 Year Old,601.5678834289295,544.976257,610.7379321611215,0,0,1,Sector 99A Gurgaon,0,0,0,0,0,9,5.0,5.0,5.0,5.0,5.0,0,0,0,0,0,0,0,0,0,0,0,0
flat,sare crescent parc3.5 â˜…,0.49,4909.0,998.0,2,2,2,2.0,Unknown,1 to 5 Year Old,974.7555635231988,998.028808,1036.1229115585547,0,0,1,Sector 92 Gurgaon,0,0,0,0,0,17,5.0,5.0,5.0,5.0,5.0,8,0,0,0,0,0,0,0,0,0,0,0
flat,signature global grand iva3.9 â˜…,0.3,8290.0,362.0,1,2,2,5.0,Unknown,0 to 1 Year Old,450.80994643720464,361.882318,438.893668960834,0,0,1,Sector 103 Gurgaon,0,0,0,0,0,6,5.0,5.0,5.0,5.0,5.0,12,4,2,0,0,0,0,0,0,0,0,0
flat,zara aavaas,0.65,8519.0,763.0,3,2,2,7.0,Unknown,Under Construction,781.1593056376506,763.052871,815.4485844980761,0,0,1,Sector 104 Gurgaon,0,0,0,0,0,12,5.0,5.0,5.0,5.0,5.0,10,1,1,0,0,0,0,0,0,0,0,0
flat,signature global city 92,0.78,7722.0,1010.0,2,2,3,2.0,Unknown,Under Construction,984.641329883312,700.0,1009.976737,1,0,1,Sector 92 Gurgaon,0,0,0,0,1,5,5.0,5.0,5.0,5.0,5.0,10,1,1,0,0,0,0,0,0,0,0,0
flat,ramsons kshitij3.7 â˜…,0.33,3911.0,844.0,2,2,1,14.0,South,0 to 1 Year Old,847.8882285684141,761.7016186748453,767.035514,1,0,0,Sector 95 Gurgaon,0,0,0,0,1,12,5.0,5.0,5.0,5.0,5.0,3,0,0,0,0,0,1,0,0,0,0,0
flat,om appartments,0.4,4444.0,900.0,3,2,1,3.0,Unknown,1 to 5 Year Old,894.0218049156085,899.9696789999999,944.0970219758872,0,0,1,Ashok Vihar Phase 2,0,0,0,0,0,1,5.0,5.0,5.0,5.0,5.0,49,1,12,5,0,0,0,0,1,0,0,0
flat,the pearl apartmen,0.43,5584.0,770.0,2,2,1,2.0,Unknown,1 to 5 Year Old,786.92600268105,770.0494060000001,822.0218623254095,0,0,1,Patel Nagar,0,0,0,0,0,5,5.0,5.0,5.0,5.0,5.0,50,2,15,5,0,1,0,0,0,0,0,0
flat,signature global solera3.7 â˜…,0.38,6333.0,600.0,2,2,2,3.0,East,1 to 5 Year Old,646.8776459127811,600.0,650.031921,1,0,1,Sector 107 Gurgaon,0,0,0,0,0,4,5.0,5.0,5.0,5.0,5.0,11,0,1,0,0,0,1,1,0,0,0,0
flat,avl 36 gurgaon3.7 â˜…,0.75,7500.0,1000.0,2,2,2,5.0,North-East,1 to 5 Year Old,976.4031912498843,727.0,999.96631,1,0,1,Sector 36A Gurgaon,0,0,0,0,0,5,5.0,5.0,5.0,5.0,5.0,7,0,2,0,0,1,0,0,0,0,0,0
flat,breez global hill view,0.35,6315.0,554.0,2,2,2,14.0,West,0 to 1 Year Old,608.9822081990142,554.1255719999999,619.189289367693,0,0,1,Sohna,0,0,0,0,0,10,5.0,5.0,5.0,5.0,5.0,15,1,1,1,0,0,0,0,0,0,0,0
flat,umang monsoon breeze,0.75,6053.0,1239.0,2,2,1,5.0,East,1 to 5 Year Old,1239.0325289999998,1100.0,1262.4314767567475,0,1,1,Sector 78 Gurgaon,0,0,0,0,0,0,5.0,5.0,5.0,5.0,5.0,7,0,0,1,1,0,0,0,0,0,0,0
flat,sare green parc phase 3,0.95,4856.0,1956.0,4,3,3,4.0,North,5 to 10 Year Old,1763.969244605561,1656.0500508807957,1956.015908,1,0,0,Sector 92 Gurgaon,0,0,0,0,0,10,5.0,5.0,5.0,5.0,5.0,11,1,0,0,1,1,0,0,0,0,0,0
flat,lavanya apartments,0.9,5056.0,1780.0,3,3,0,7.0,Unknown,1 to 5 Year Old,1780.026143,1514.49850045971,1770.4519488406577,0,1,0,Sector 81 Gurgaon,0,0,0,0,0,0,5.0,5.0,5.0,5.0,5.0,16,0,0,0,0,0,0,0,0,0,0,0
flat,signature global orchard avenue3.6 â˜…,0.85,14237.0,597.0,2,2,0,10.0,Unknown,1 to 5 Year Old,596.9658939999999,563.0468859816172,659.5679960213125,0,1,0,Sector 93 Gurgaon,0,0,0,0,0,0,5.0,5.0,5.0,5.0,5.0,8,2,0,0,0,0,0,0,0,0,0,0
flat,zara aavaas,0.22,7302.0,301.0,1,2,2,2.0,Unknown,0 to 1 Year Old,400.5573007732964,301.28156099999995,381.6122478940715,0,0,1,Sector 104 Gurgaon,0,0,0,0,0,11,5.0,5.0,5.0,5.0,5.0,10,1,1,0,0,0,0,0,0,0,0,0
flat,signature global the millennia,0.6,9230.0,650.0,2,2,3,7.0,Unknown,0 to 1 Year Old,688.068339079919,596.12,650.031921,1,0,1,Sector 37D Gurgaon,0,0,0,0,0,7,5.0,5.0,5.0,5.0,5.0,15,0,2,0,0,0,0,0,0,0,0,0
flat,zara aavaas,0.2,6644.0,301.0,1,2,2,3.0,Unknown,0 to 1 Year Old,400.5573007732964,300.958644,381.6122478940715,0,0,1,Surat Nagar 1,0,0,0,0,0,0,5.0,5.0,5.0,5.0,5.0,10,1,1,0,0,0,0,0,0,0,0,0
flat,apartment,0.75,4687.0,1600.0,3,4,3,2.0,East,5 to 10 Year Old,1470.6915092555391,1599.946096,1601.4248047092274,0,0,1,Sector 92 Gurgaon,1,0,0,0,0,20,5.0,5.0,5.0,5.0,5.0,8,0,0,0,0,0,0,0,0,0,0,0
flat,shapoorji pallonji joyville gurugram,0.95,10383.0,915.0,2,2,2,14.0,North-West,1 to 5 Year Old,915.039139,858.0,958.1826173201728,0,1,1,Sector 102 Gurgaon,0,0,0,0,0,0,5.0,5.0,5.0,5.0,5.0,0,0,0,0,0,0,0,0,0,0,0,0
flat,shapoorji pallonji joyville gurugram,0.95,10383.0,915.0,2,2,2,14.0,Unknown,1 to 5 Year Old,915.039139,675.0,958.1826173201728,0,1,1,Sector 102 Gurgaon,0,0,0,0,0,0,5.0,5.0,5.0,5.0,5.0,0,0,0,0,0,0,0,0,0,0,0,0
flat,ramsons kshitij3.7 â˜…,0.4,5839.0,685.0,3,2,2,6.0,Unknown,1 to 5 Year Old,716.9018242969155,685.014596,742.2034887077897,0,0,1,Sector 95 Gurgaon,0,0,0,0,0,0,5.0,5.0,5.0,5.0,5.0,0,0,0,0,0,0,0,0,0,0,0,0
flat,dnha cghs,0.85,3864.0,2200.0,3,3,0,5.0,Unknown,1 to 5 Year Old,2200.033521,1852.2919730554825,2164.8486184806616,0,1,0,Sector 1 Gurgaon,0,0,0,0,0,0,5.0,5.0,5.0,5.0,5.0,27,2,2,3,1,0,0,0,0,0,0,0
flat,breeze global heights,0.4,6421.0,623.0,2,2,2,4.0,Unknown,1 to 5 Year Old,623.014532,599.0,683.9830279514081,0,1,1,Sector 33 Gurgaon,0,0,0,0,0,0,5.0,5.0,5.0,5.0,5.0,48,1,19,2,0,0,0,0,0,0,0,0
flat,mvn athens3.7 â˜…,0.24,7056.0,340.0,1,1,1,12.0,West,1 to 5 Year Old,432.686041443664,340.13924000000003,418.2347957892148,0,0,1,Sohna,0,0,0,0,0,10,5.0,5.0,5.0,5.0,5.0,10,0,0,5,0,0,0,0,0,0,1,0
flat,signature the roselia3.6 â˜…,0.45,7908.0,569.0,2,2,2,2.0,East,0 to 1 Year Old,621.3394161491556,568.979754,633.274884711979,0,0,1,Sector 95A Gurgaon,0,0,0,0,0,5,5.0,5.0,5.0,5.0,5.0,12,0,0,0,0,0,0,0,0,0,0,0
flat,sbr apartment,0.68,4456.0,1526.0,3,3,3,2.0,Unknown,5 to 10 Year Old,1525.998103,1310.213876556552,1531.935867677417,0,1,0,Sector 1A IMT Manesar,0,0,0,0,0,0,5.0,5.0,5.0,5.0,5.0,11,0,2,0,0,0,0,0,0,0,0,0
flat,silverglades the melia,0.75,5555.0,1350.0,2,2,2,4.0,Unknown,5 to 10 Year Old,1350.008338,1168.6623261354666,1366.664882304463,0,1,0,Sohna,0,0,0,0,0,0,5.0,5.0,5.0,5.0,5.0,8,1,1,0,0,0,0,0,0,0,0,0
flat,signature global orchard avenue3.6 â˜…,0.4,7359.0,544.0,2,2,2,11.0,Unknown,0 to 1 Year Old,600.7440695655866,543.57695,609.7988924715025,0,0,1,Sector 93 Gurgaon,0,0,0,0,0,6,5.0,5.0,5.0,5.0,5.0,8,2,0,0,0,1,0,0,0,0,0,0
flat,smart world gems,0.95,8600.0,1105.0,2,2,2,4.0,Unknown,Under Construction,1062.9036469008738,1102.976833,1136.600158347794,0,0,1,Sector 89 Gurgaon,1,1,0,0,0,9,5.0,5.0,5.0,5.0,5.0,14,1,1,0,1,0,0,0,0,0,0,0
flat,signature global solera 2,0.37,6680.0,554.0,2,2,2,9.0,Unknown,0 to 1 Year Old,608.9822081990142,553.802655,619.189289367693,0,0,1,Sector 107 Gurgaon,0,0,0,0,0,6,5.0,5.0,5.0,5.0,5.0,3,0,0,0,0,1,0,1,0,0,0,0
flat,surendra avenue 69,0.75,6818.0,1100.0,2,2,2,4.0,Unknown,5 to 10 Year Old,1099.962941,967.5947829236972,1131.9049598996985,0,1,0,Sector 69 Gurgaon,0,0,0,0,0,0,5.0,5.0,5.0,5.0,5.0,43,0,7,11,0,0,0,0,0,0,0,0
flat,krishna apartment,0.35,4117.0,850.0,2,2,1,2.0,Unknown,1 to 5 Year Old,850.025183,750.0,897.1450374949342,0,1,1,New Palam Vihar Phase 2,0,0,0,0,0,3,5.0,5.0,5.0,5.0,5.0,19,1,4,1,1,0,0,1,0,0,0,0
flat,global hill view,0.35,4861.0,720.0,2,2,2,10.0,East,0 to 1 Year Old,658.0,554.17,703.95906,1,1,1,Sector-11 sohna,0,0,0,0,0,21,5.0,5.0,5.0,5.0,5.0,0,0,0,0,0,0,0,0,1,0,0,0
flat,gls arawali homes3.8 â˜…,0.35,7000.0,500.0,2,2,2,5.0,Unknown,1 to 5 Year Old,556.0,500.0,567.042252,1,1,1,Sohna,0,0,0,0,0,5,5.0,5.0,5.0,5.0,5.0,6,0,0,0,0,1,0,0,0,0,0,0
flat,godrej summit3.7 â˜…,0.82,9854.0,832.0,2,2,3,12.0,Unknown,1 to 5 Year Old,838.002462208301,752.0503766006804,880.2423230817911,0,0,0,Sector 104 Gurgaon,1,0,0,0,0,22,5.0,5.0,5.0,5.0,5.0,15,1,1,0,1,0,0,0,0,0,0,0
flat,ashiana anmol3.5 â˜…,0.88,11125.0,791.0,2,2,2,13.0,East,1 to 5 Year Old,804.2260938112479,791.0,1274.983955,1,0,1,Sohna,0,0,0,0,0,24,5.0,5.0,5.0,5.0,5.0,13,1,1,0,0,1,0,0,0,0,1,0
flat,signature global park4.0 â˜…,0.55,6690.0,822.0,2,2,3,3.0,East,1 to 5 Year Old,829.7643235748734,822.039043,870.8519261856005,0,0,1,Sohna,0,0,0,0,0,0,5.0,5.0,5.0,5.0,5.0,8,1,1,0,1,0,0,0,0,0,0,0
flat,mvn athens3.7 â˜…,0.26,5397.0,482.0,2,2,1,5.0,Unknown,1 to 5 Year Old,549.6676100383356,481.684525,551.5784317151209,0,0,1,Sohna,0,0,0,0,0,15,5.0,5.0,5.0,5.0,5.0,10,0,0,5,0,0,0,0,0,0,0,0
flat,signature global city 81,0.89,8279.0,1075.0,2,2,2,3.0,North,Under Construction,1038.1892310005912,1074.990693,1108.428967659222,0,0,1,Sector 81 Gurgaon,0,0,0,0,1,4,5.0,5.0,5.0,5.0,5.0,7,1,0,0,0,0,0,0,0,0,0,0
flat,ansal heights 86,0.9,5325.0,1690.0,3,3,2,10.0,Unknown,0 to 1 Year Old,1690.0399389999998,1442.114184903473,1685.9383767749423,0,1,0,Sector 86 Gurgaon,0,0,0,0,0,5,5.0,5.0,5.0,5.0,5.0,4,1,1,0,0,0,0,0,0,0,0,0
flat,smart world gems,0.95,8903.0,1067.0,2,2,2,1.0,East,Under Construction,1031.5987200938491,578.0,1067.025407,1,0,1,Sector 89 Gurgaon,1,0,0,0,0,21,5.0,5.0,5.0,5.0,5.0,14,1,1,0,1,0,0,0,0,0,0,0
flat,green court3.7 â˜…,0.47,6811.0,690.0,2,2,1,0.0,East,0 to 1 Year Old,721.0208936136294,689.9659899999999,746.8986871558849,0,0,1,Sector 90 Gurgaon,0,0,0,0,0,8,5.0,5.0,5.0,5.0,5.0,15,3,2,2,0,0,0,1,0,0,0,0
flat,supertech araville,0.95,6209.0,1530.0,2,2,3,7.0,North-East,0 to 1 Year Old,1413.0245388215462,1313.4309572479406,1529.9807459999995,1,0,0,Sector 79 Gurgaon,1,0,0,0,0,8,5.0,5.0,5.0,5.0,5.0,4,0,0,0,0,0,0,0,0,0,0,0
flat,ild greens4.1 â˜…,0.9,5614.0,1603.0,3,3,3,0.0,North-East,Under Construction,1500.0,1372.1426798657772,1602.9599879999998,1,1,0,Sector 37C Gurgaon,0,0,0,0,0,13,5.0,5.0,5.0,5.0,5.0,9,1,1,0,0,0,0,0,0,0,0,0
flat,antriksh heights3.7 â˜…,0.85,5556.0,1530.0,2,2,3,10.0,North-West,0 to 1 Year Old,1413.0245388215462,1313.4309572479406,1350.008338,1,0,0,Sector 84 Gurgaon,1,0,0,0,1,5,5.0,5.0,5.0,5.0,5.0,3,1,0,0,0,0,0,0,1,0,0,0
flat,maxworth city residences,0.9,7083.0,1271.0,2,2,3,9.0,East,0 to 1 Year Old,1199.656748215772,1105.1249824805475,1199.959572,1,0,0,Sector 10A Gurgaon,0,0,0,0,1,9,5.0,5.0,5.0,5.0,5.0,49,0,26,0,0,0,0,1,0,0,0,0
flat,signature global park4.0 â˜…,0.68,8252.0,824.0,2,2,2,3.0,Unknown,Under Construction,831.4119513015589,823.976545,872.7300055648386,0,0,1,Sohna,0,0,0,0,0,17,5.0,5.0,5.0,5.0,5.0,8,1,1,0,1,0,0,1,0,0,0,0
flat,samaspurkunj,0.55,5238.0,1050.0,2,2,0,5.0,Unknown,1 to 5 Year Old,1017.5938844170224,1050.018445,1084.9529754187456,0,0,1,Samaspur,0,0,0,0,0,6,5.0,5.0,5.0,5.0,5.0,47,3,4,7,0,0,0,0,0,0,0,0
flat,m3m woodshire4.0 â˜…,0.9,6588.0,1366.0,2,2,3+,14.0,Unknown,0 to 1 Year Old,1277.9190652333336,1181.5306489010195,1366.046549,1,0,0,Sector 107 Gurgaon,0,0,0,0,0,11,5.0,5.0,5.0,5.0,5.0,6,1,0,0,0,1,0,1,0,0,0,0
flat,conscient habitat3.6 â˜…,0.35,6422.0,545.0,2,2,1,3.0,North-East,1 to 5 Year Old,601.5678834289295,544.976257,610.7379321611215,0,0,1,Sector 99A Gurgaon,0,0,0,0,0,9,5.0,5.0,5.0,5.0,5.0,0,0,0,0,0,0,0,0,0,0,0,0
flat,sare crescent parc3.5 â˜…,0.49,4909.0,998.0,2,2,2,2.0,Unknown,1 to 5 Year Old,974.7555635231988,998.028808,1036.1229115585547,0,0,1,Sector 92 Gurgaon,0,0,0,0,0,17,5.0,5.0,5.0,5.0,5.0,8,0,0,0,0,0,0,0,0,0,0,0
flat,gls avenue 51,0.45,7614.0,591.0,2,2,1,10.0,Unknown,0 to 1 Year Old,646.049278,591.0,653.9337578835982,0,1,1,Sector 92 Gurgaon,1,0,0,0,0,4,5.0,5.0,5.0,5.0,5.0,4,0,1,0,0,0,0,0,0,0,0,0
flat,signature global grand iva3.9 â˜…,0.3,8290.0,362.0,1,2,2,5.0,Unknown,0 to 1 Year Old,450.80994643720464,361.882318,438.893668960834,0,0,1,Sector 103 Gurgaon,0,0,0,0,0,6,5.0,5.0,5.0,5.0,5.0,12,4,2,0,0,0,0,0,0,0,0,0
flat,signature global city 92,0.78,11142.0,700.0,2,2,3,2.0,Unknown,Under Construction,729.2590322470569,700.0,1009.976737,1,0,1,Sector 92 Gurgaon,0,0,0,0,1,5,5.0,5.0,5.0,5.0,5.0,10,1,1,0,0,0,0,0,0,0,0,0
flat,ramsons kshitij3.7 â˜…,0.33,3911.0,844.0,2,2,1,14.0,South,0 to 1 Year Old,847.8882285684141,761.7016186748453,767.035514,1,0,0,Sector 95 Gurgaon,0,0,0,0,1,12,5.0,5.0,5.0,5.0,5.0,3,0,0,0,0,0,1,0,0,0,0,0
flat,om appartments,0.4,4444.0,900.0,3,2,1,3.0,Unknown,1 to 5 Year Old,894.0218049156085,899.9696789999999,944.0970219758872,0,0,1,Ashok Vihar Phase 2,0,0,0,0,0,1,5.0,5.0,5.0,5.0,5.0,49,1,12,5,0,0,0,0,1,0,0,0
flat,avl 36 gurgaon3.7 â˜…,0.75,7500.0,1000.0,2,2,2,5.0,North-East,1 to 5 Year Old,976.4031912498843,727.0,999.96631,1,0,1,Sector 36A Gurgaon,0,0,0,0,0,5,5.0,5.0,5.0,5.0,5.0,7,0,2,0,0,1,0,0,0,0,0,0
flat,breez global hill view,0.35,6315.0,554.0,2,2,2,14.0,West,0 to 1 Year Old,608.9822081990142,554.1255719999999,619.189289367693,0,0,1,Sohna,0,0,0,0,0,10,5.0,5.0,5.0,5.0,5.0,15,1,1,1,0,0,0,0,0,0,0,0
flat,umang monsoon breeze,0.75,6053.0,1239.0,2,2,1,5.0,East,1 to 5 Year Old,1239.0325289999998,1100.0,1262.4314767567475,0,1,1,Sector 78 Gurgaon,0,0,0,0,0,0,5.0,5.0,5.0,5.0,5.0,7,0,0,1,1,0,0,0,0,0,0,0
flat,sare green parc phase 3,0.95,4856.0,1956.0,4,3,3,4.0,North,5 to 10 Year Old,1763.969244605561,1656.0500508807957,1956.015908,1,0,0,Sector 92 Gurgaon,0,0,0,0,0,10,5.0,5.0,5.0,5.0,5.0,11,1,0,0,1,1,0,0,0,0,0,0
flat,lavanya apartments,0.9,5056.0,1780.0,3,3,0,7.0,Unknown,1 to 5 Year Old,1780.026143,1514.49850045971,1770.4519488406577,0,1,0,Sector 81 Gurgaon,0,0,0,0,0,0,5.0,5.0,5.0,5.0,5.0,16,0,0,0,0,0,0,0,0,0,0,0
flat,signature global orchard avenue3.6 â˜…,0.85,14237.0,597.0,2,2,0,10.0,Unknown,1 to 5 Year Old,596.9658939999999,563.0468859816172,659.5679960213125,0,1,0,Sector 93 Gurgaon,0,0,0,0,0,0,5.0,5.0,5.0,5.0,5.0,8,2,0,0,0,0,0,0,0,0,0,0
flat,zara aavaas,0.22,7302.0,301.0,1,2,2,2.0,Unknown,0 to 1 Year Old,400.5573007732964,301.28156099999995,381.6122478940715,0,0,1,Sector 104 Gurgaon,0,0,0,0,0,11,5.0,5.0,5.0,5.0,5.0,10,1,1,0,0,0,0,0,0,0,0,0
flat,signature global the millennia,0.6,9230.0,650.0,2,2,3,7.0,Unknown,0 to 1 Year Old,688.068339079919,596.12,650.031921,1,0,1,Sector 37D Gurgaon,0,0,0,0,0,7,5.0,5.0,5.0,5.0,5.0,15,0,2,0,0,0,0,0,0,0,0,0
flat,zara aavaas,0.2,6644.0,301.0,1,2,2,3.0,Unknown,0 to 1 Year Old,400.5573007732964,300.958644,381.6122478940715,0,0,1,Surat Nagar 1,0,0,0,0,0,0,5.0,5.0,5.0,5.0,5.0,10,1,1,0,0,0,0,0,0,0,0,0
flat,smart world gems,0.86,7796.0,1103.0,2,3,2,4.0,North-East,Under Construction,1061.2560191741886,1102.976833,1134.7220789685557,0,0,1,Sector 89 Gurgaon,1,1,0,1,0,13,5.0,5.0,5.0,5.0,5.0,14,1,1,0,1,0,0,1,0,0,0,0
flat,apartment,0.75,4687.0,1600.0,3,4,3,2.0,East,5 to 10 Year Old,1470.6915092555391,1599.946096,1601.4248047092274,0,0,1,Sector 92 Gurgaon,1,0,0,0,0,20,5.0,5.0,5.0,5.0,5.0,8,0,0,0,0,0,0,0,0,0,0,0
flat,shapoorji pallonji joyville gurugram,0.95,10383.0,915.0,2,2,2,14.0,North-West,1 to 5 Year Old,915.039139,858.0,958.1826173201728,0,1,1,Sector 102 Gurgaon,0,0,0,0,0,0,5.0,5.0,5.0,5.0,5.0,0,0,0,0,0,0,0,0,0,0,0,0
flat,shapoorji pallonji joyville gurugram,0.95,10383.0,915.0,2,2,2,14.0,Unknown,1 to 5 Year Old,915.039139,675.0,958.1826173201728,0,1,1,Sector 102 Gurgaon,0,0,0,0,0,0,5.0,5.0,5.0,5.0,5.0,0,0,0,0,0,0,0,0,0,0,0,0
flat,ramsons kshitij3.7 â˜…,0.4,5839.0,685.0,3,2,2,6.0,Unknown,1 to 5 Year Old,716.9018242969155,685.014596,742.2034887077897,0,0,1,Sector 95 Gurgaon,0,0,0,0,0,0,5.0,5.0,5.0,5.0,5.0,0,0,0,0,0,0,0,0,0,0,0,0
flat,gls avenue 51,0.45,6000.0,750.0,3,3,1,10.0,North-East,1 to 5 Year Old,770.4497254141949,750.028552,803.2410685330284,0,0,1,Sector 92 Gurgaon,0,0,0,0,0,0,5.0,5.0,5.0,5.0,5.0,4,0,1,0,0,0,0,0,0,0,0,0
flat,breeze global heights,0.4,6421.0,623.0,2,2,2,4.0,Unknown,1 to 5 Year Old,623.014532,599.0,683.9830279514081,0,1,1,Sector 33 Gurgaon,0,0,0,0,0,0,5.0,5.0,5.0,5.0,5.0,48,1,19,2,0,0,0,0,0,0,0,0
flat,breez global heights4.2 â˜…,0.4,6694.0,598.0,2,2,2,7.0,Unknown,1 to 5 Year Old,645.2300181860955,597.53,950.021814,1,0,1,Sohna,0,0,0,0,0,10,5.0,5.0,5.0,5.0,5.0,10,1,1,0,0,0,0,0,0,0,0,0
flat,mvn athens3.7 â˜…,0.24,7056.0,340.0,1,1,1,12.0,West,1 to 5 Year Old,432.686041443664,340.13924000000003,418.2347957892148,0,0,1,Sohna,0,0,0,0,0,10,5.0,5.0,5.0,5.0,5.0,10,0,0,5,0,0,0,0,0,0,1,0
flat,signature the roselia3.6 â˜…,0.45,7908.0,569.0,2,2,2,2.0,East,0 to 1 Year Old,621.3394161491556,568.979754,633.274884711979,0,0,1,Sector 95A Gurgaon,0,0,0,0,0,5,5.0,5.0,5.0,5.0,5.0,12,0,0,0,0,0,0,0,0,0,0,0
flat,silverglades the melia,0.75,5555.0,1350.0,2,2,2,4.0,Unknown,5 to 10 Year Old,1350.008338,1168.6623261354666,1366.664882304463,0,1,0,Sohna,0,0,0,0,0,0,5.0,5.0,5.0,5.0,5.0,8,1,1,0,0,0,0,0,0,0,0,0
flat,signature global orchard avenue3.6 â˜…,0.4,7359.0,544.0,2,2,2,11.0,Unknown,0 to 1 Year Old,600.7440695655866,543.57695,609.7988924715025,0,0,1,Sector 93 Gurgaon,0,0,0,0,0,6,5.0,5.0,5.0,5.0,5.0,8,2,0,0,0,1,0,0,0,0,0,0
flat,smart world gems,0.95,8600.0,1105.0,2,2,2,4.0,Unknown,Under Construction,1062.9036469008738,1102.976833,1136.600158347794,0,0,1,Sector 89 Gurgaon,1,1,0,0,0,9,5.0,5.0,5.0,5.0,5.0,14,1,1,0,1,0,0,0,0,0,0,0
flat,surendra avenue 69,0.75,6818.0,1100.0,2,2,2,4.0,Unknown,5 to 10 Year Old,1099.962941,967.5947829236972,1131.9049598996985,0,1,0,Sector 69 Gurgaon,0,0,0,0,0,0,5.0,5.0,5.0,5.0,5.0,43,0,7,11,0,0,0,0,0,0,0,0
flat,gls arawali homes3.8 â˜…,0.35,7000.0,500.0,2,2,2,5.0,Unknown,1 to 5 Year Old,556.0,500.0,567.042252,1,1,1,Sohna,0,0,0,0,0,5,5.0,5.0,5.0,5.0,5.0,6,0,0,0,0,1,0,0,0,0,0,0
flat,godrej summit3.7 â˜…,0.82,9854.0,832.0,2,2,3,12.0,Unknown,1 to 5 Year Old,838.002462208301,752.0503766006804,880.2423230817911,0,0,0,Sector 104 Gurgaon,1,0,0,0,0,22,5.0,5.0,5.0,5.0,5.0,15,1,1,0,1,0,0,0,0,0,0,0
flat,ashiana anmol3.5 â˜…,0.88,11125.0,791.0,2,2,2,13.0,East,1 to 5 Year Old,804.2260938112479,791.0,1274.983955,1,0,1,Sohna,0,0,0,0,0,24,5.0,5.0,5.0,5.0,5.0,13,1,1,0,0,1,0,0,0,0,1,0
flat,mvn athens3.7 â˜…,0.26,5397.0,482.0,2,2,1,5.0,Unknown,1 to 5 Year Old,549.6676100383356,481.684525,551.5784317151209,0,0,1,Sohna,0,0,0,0,0,15,5.0,5.0,5.0,5.0,5.0,10,0,0,5,0,0,0,0,0,0,0,0
flat,gls arawali homes3.8 â˜…,0.27,4687.0,576.0,2,2,2,1.0,East,0 to 1 Year Old,627.1061131925549,575.976289,639.8481625393124,0,0,1,Sohna,0,0,0,0,0,8,5.0,5.0,5.0,5.0,5.0,6,0,0,0,0,0,0,0,0,0,0,0
flat,signature global city 81,0.89,8279.0,1075.0,2,2,2,3.0,North,Under Construction,1038.1892310005912,1074.990693,1108.428967659222,0,0,1,Sector 81 Gurgaon,0,0,0,0,1,4,5.0,5.0,5.0,5.0,5.0,7,1,0,0,0,0,0,0,0,0,0,0
flat,ansal heights 86,0.9,5325.0,1690.0,3,3,2,10.0,Unknown,0 to 1 Year Old,1690.0399389999998,1442.114184903473,1685.9383767749423,0,1,0,Sector 86 Gurgaon,0,0,0,0,0,5,5.0,5.0,5.0,5.0,5.0,4,1,1,0,0,0,0,0,0,0,0,0
flat,smart world gems,0.95,8903.0,1067.0,2,2,2,1.0,East,Under Construction,1031.5987200938491,578.0,1067.025407,1,0,1,Sector 89 Gurgaon,1,0,0,0,0,21,5.0,5.0,5.0,5.0,5.0,14,1,1,0,1,0,0,0,0,0,0,0
flat,green court3.7 â˜…,0.47,6811.0,690.0,2,2,1,0.0,East,0 to 1 Year Old,721.0208936136294,689.9659899999999,746.8986871558849,0,0,1,Sector 90 Gurgaon,0,0,0,0,0,8,5.0,5.0,5.0,5.0,5.0,15,3,2,2,0,0,0,1,0,0,0,0
flat,mvn athens3.7 â˜…,0.27,5901.0,458.0,2,2,1,0.0,Unknown,1 to 5 Year Old,529.8960773181094,457.46575,529.0414791642636,0,0,1,Sohna,0,0,0,0,0,11,5.0,5.0,5.0,5.0,5.0,10,0,0,5,0,0,0,0,0,0,0,0
flat,supertech araville,0.95,6209.0,1530.0,2,2,3,7.0,North-East,0 to 1 Year Old,1413.0245388215462,1313.4309572479406,1529.9807459999995,1,0,0,Sector 79 Gurgaon,1,0,0,0,0,8,5.0,5.0,5.0,5.0,5.0,4,0,0,0,0,0,0,0,0,0,0,0
flat,ild greens4.1 â˜…,0.9,5614.0,1603.0,3,3,3,0.0,North-East,Under Construction,1500.0,1372.1426798657772,1602.9599879999998,1,1,0,Sector 37C Gurgaon,0,0,0,0,0,13,5.0,5.0,5.0,5.0,5.0,9,1,1,0,0,0,0,0,0,0,0,0
flat,antriksh heights3.7 â˜…,0.85,5556.0,1530.0,2,2,3,10.0,North-West,0 to 1 Year Old,1413.0245388215462,1313.4309572479406,1350.008338,1,0,0,Sector 84 Gurgaon,1,0,0,0,1,5,5.0,5.0,5.0,5.0,5.0,3,1,0,0,0,0,0,0,1,0,0,0
flat,chd avenue 713.6 â˜…,0.82,7083.0,1158.0,2,2,2,6.0,Unknown,5 to 10 Year Old,1106.56578165804,1014.2424529488276,1199.959572,1,0,0,Sector 71 Gurgaon,0,0,0,0,0,0,5.0,5.0,5.0,5.0,5.0,15,0,2,1,0,0,0,0,0,0,0,1
flat,gls arawali homes3.8 â˜…,0.28,5982.0,468.0,2,2,2,3.0,Unknown,1 to 5 Year Old,538.134215951537,468.0143719999999,538.4318760604542,0,0,1,Sohna,0,0,0,0,0,7,5.0,5.0,5.0,5.0,5.0,6,0,0,0,0,0,0,0,0,0,0,0
flat,trisara our homes 3,0.21,4339.0,484.0,1,1,0,2.0,Unknown,1 to 5 Year Old,484.052583,472.1643564498974,553.456511094359,0,1,0,Sohna,0,0,0,0,0,0,5.0,5.0,5.0,5.0,5.0,13,1,1,1,1,0,0,0,0,0,0,0
flat,trisara our homes 3,0.38,6312.0,602.0,2,2,2,1.0,Unknown,1 to 5 Year Old,602.0249269999999,567.0682368458525,664.2631944694078,0,1,0,Sohna,0,0,0,0,0,0,5.0,5.0,5.0,5.0,5.0,13,1,1,1,1,0,0,0,0,0,0,0
flat,smart world gems,0.85,7706.0,1103.0,2,2,2,2.0,North-East,Under Construction,1061.2560191741886,1102.976833,1134.7220789685557,0,0,1,Sector 89 Gurgaon,1,0,0,0,0,0,5.0,5.0,5.0,5.0,5.0,14,1,1,0,1,0,1,0,0,0,0,0
flat,ashok vihar phase 2,0.28,4307.0,650.0,2,2,1,3.0,North,1 to 5 Year Old,688.068339079919,550.0,650.031921,1,0,1,Ashok Vihar Phase 2,0,0,0,0,0,11,5.0,5.0,5.0,5.0,5.0,49,1,12,5,0,0,0,0,0,0,0,0
flat,supertech araville,0.8,5266.0,1519.0,2,2,2,12.0,Unknown,0 to 1 Year Old,1403.9625863247757,1519.001568,1525.3625898500836,0,0,1,Sector 79 Gurgaon,1,0,0,0,0,8,5.0,5.0,5.0,5.0,5.0,4,0,0,0,0,0,0,0,0,0,0,0
flat,mrg world ultimus,0.5,6983.0,716.0,2,2,2,1.0,North-East,Under Construction,742.440054060541,716.0146279999999,771.3137190859804,0,0,1,Sector 90 Gurgaon,0,0,0,0,0,4,5.0,5.0,5.0,5.0,5.0,9,1,1,0,1,0,0,0,0,0,0,0
flat,assotech blith,0.92,6739.0,1365.0,2,2,3+,22.0,Unknown,Under Construction,1277.0952513699913,1180.726378728173,1364.970159,1,0,0,Sector 99 Gurgaon,0,0,0,0,0,8,5.0,5.0,5.0,5.0,5.0,11,1,1,0,1,0,0,0,0,0,0,0
flat,supertech araville,0.715,6061.0,1180.0,2,2,3+,17.0,North,0 to 1 Year Old,1124.6896866515808,1250.0,1295.004809,1,0,1,Sector 79 Gurgaon,0,0,0,0,1,9,5.0,5.0,5.0,5.0,5.0,4,0,0,0,0,0,0,1,0,0,0,0
flat,ansal housing highland park,0.875,6429.0,1361.0,2,2,3,3.0,Unknown,0 to 1 Year Old,1273.79999591662,1177.5092980367845,1360.987516,1,0,0,Sector 103 Gurgaon,0,0,0,0,0,9,5.0,5.0,5.0,5.0,5.0,18,0,6,4,0,0,0,0,0,0,0,0
flat,ild grand,0.66,5038.0,1310.0,2,2,3+,14.0,Unknown,1 to 5 Year Old,1309.96663,1136.4915192215835,1329.103294719701,0,1,0,Sector 37C Gurgaon,0,0,0,0,0,0,5.0,5.0,5.0,5.0,5.0,6,1,1,0,0,0,0,0,0,0,0,0
flat,unitech vistas,0.5256000000000001,4800.0,1095.0,2,2,2,9.0,Unknown,Under Construction,1054.6655082674465,963.5734320594618,1095.011547,1,0,0,Sector 70 Gurgaon,0,0,0,0,1,4,5.0,5.0,5.0,5.0,5.0,4,1,0,0,0,0,1,0,1,0,0,0
flat,ramprastha the edge towers3.5 â˜…,0.8,5797.0,1380.0,2,2,3,2.0,North-East,1 to 5 Year Old,1300.0,1200.0,1380.039619,1,1,1,Sector 37D Gurgaon,0,0,0,0,0,14,5.0,5.0,5.0,5.0,5.0,15,3,1,3,0,0,0,0,0,0,0,0
flat,sapphire eighty three,0.65,9286.0,700.0,1,1,0,6.0,Unknown,1 to 5 Year Old,699.976417,645.8867137848662,756.2890840520755,0,1,0,Sector 83 Gurgaon,0,0,0,0,0,0,5.0,5.0,5.0,5.0,5.0,11,0,1,0,0,0,0,0,0,0,0,0
flat,sare crescent parc3.5 â˜…,0.82,5384.0,1523.0,3,3,3+,12.0,West,1 to 5 Year Old,1522.984211,1307.801066038011,1529.1187486085598,0,1,0,Sector 92 Gurgaon,0,0,0,0,0,0,5.0,5.0,5.0,5.0,5.0,0,0,0,0,0,0,0,0,0,0,0,0
flat,ansal housing highland park,0.8,5878.0,1361.0,2,2,2,9.0,South-East,1 to 5 Year Old,1360.987516,1300.0,1376.9943188902726,0,1,1,Sector 103 Gurgaon,0,0,0,0,0,0,5.0,5.0,5.0,5.0,5.0,0,0,0,0,0,0,0,1,0,0,0,0
flat,sidhartha ncr one phase 14.2 â˜…,0.46,4646.0,990.0,2,2,0,6.0,Unknown,1 to 5 Year Old,989.955883,879.1250639105186,1028.6105940416023,0,1,0,Sector 95 Gurgaon,0,0,0,0,0,0,5.0,5.0,5.0,5.0,5.0,0,0,0,0,0,0,0,0,0,0,0,0
flat,ramsons kshitij3.7 â˜…,0.3,3158.0,950.0,2,2,1,11.0,Unknown,1 to 5 Year Old,950.021814,552.0,991.04900645684,0,1,1,Sector 95 Gurgaon,0,0,0,0,0,0,5.0,5.0,5.0,5.0,5.0,0,0,0,0,0,0,0,0,0,0,0,0
flat,sobha smriti apartments,0.5,8333.0,600.0,1,1,2,3.0,Unknown,1 to 5 Year Old,646.8776459127811,599.979786,662.3851150901697,0,0,1,Sector 56 Gurgaon,0,0,0,0,0,0,5.0,5.0,5.0,5.0,5.0,48,1,6,13,4,0,0,0,0,0,0,0
flat,supertech araville,0.9,6950.0,1295.0,2,2,0,12.0,Unknown,1 to 5 Year Old,1295.004809,1124.4274666288773,1315.0176993754148,0,1,0,Sector 79 Gurgaon,0,0,0,0,0,0,5.0,5.0,5.0,5.0,5.0,0,0,0,0,0,0,0,0,0,0,0,0
flat,signature global park4.0 â˜…,0.65,7299.0,891.0,2,2,3,1.0,Unknown,0 to 1 Year Old,822.039043,520.0,935.6456647693155,0,1,1,Sohna,0,0,0,0,0,0,5.0,5.0,5.0,5.0,5.0,8,1,1,0,1,0,0,1,0,0,0,0
flat,ild greens4.1 â˜…,0.75,5245.0,1430.0,2,2,3+,13.0,East,1 to 5 Year Old,1429.984115,1233.0039399632328,1441.7880574739877,0,1,0,Sector 37C Gurgaon,0,0,0,0,0,0,5.0,5.0,5.0,5.0,5.0,9,1,1,0,0,0,0,0,0,0,0,0
flat,sare crescent parc3.5 â˜…,0.66,4977.0,1326.0,3,2,2,15.0,North,1 to 5 Year Old,1244.9665106996235,1326.004841,1344.1279297536057,0,0,1,Sector 92 Gurgaon,0,0,0,0,0,7,5.0,5.0,5.0,5.0,5.0,8,0,0,0,0,0,0,0,0,0,0,0
flat,hcbs sports ville,0.27,3600.0,750.0,2,2,2,2.0,North-East,0 to 1 Year Old,770.4497254141949,600.0,750.028552,1,0,1,Sector-35 Sohna,0,0,0,0,0,12,5.0,5.0,5.0,5.0,5.0,0,0,0,0,0,0,0,0,0,0,0,0
flat,smart world gems,0.9,8159.0,1103.0,2,2,2,2.0,East,Under Construction,1061.2560191741886,970.0075934422384,1102.976833,1,0,0,Sector 89 Gurgaon,1,0,0,0,1,9,5.0,5.0,5.0,5.0,5.0,14,1,1,0,1,0,0,0,0,0,0,0
flat,suncity avenue 76,0.55,7422.0,741.0,2,2,2,9.0,North-East,Under Construction,763.03540064411,740.986876,794.7897113264569,0,0,1,Sector 76 Gurgaon,0,0,0,0,0,5,5.0,5.0,5.0,5.0,5.0,6,1,1,0,0,0,1,0,0,0,0,0
flat,raheja sampada,0.7,4453.0,1572.0,3,3,0,7.0,Unknown,1 to 5 Year Old,1571.959956,1347.2103045075178,1575.1316933998935,0,1,0,Sector 92 Gurgaon,0,0,0,0,0,0,5.0,5.0,5.0,5.0,5.0,14,1,1,1,0,0,0,0,0,0,0,0
flat,gls arawali homes3.8 â˜…,0.3,5291.0,567.0,2,2,0,10.0,Unknown,1 to 5 Year Old,567.042252,538.9187807962048,631.3968053327409,0,1,0,Sohna,0,0,0,0,0,0,5.0,5.0,5.0,5.0,5.0,6,0,0,0,0,0,0,0,0,0,0,0
flat,sare crescent parc3.5 â˜…,0.95,5013.0,1895.0,4,5,3+,13.0,North,1 to 5 Year Old,1894.984595,1500.0,1878.4415131468493,0,1,1,Sector 92 Gurgaon,0,0,0,0,0,0,5.0,5.0,5.0,5.0,5.0,0,0,0,0,0,0,0,0,0,0,0,0
flat,sare crescent parc royal greens phase 1,0.75,4325.0,1734.0,4,4,3+,3.0,East,1 to 5 Year Old,1733.956651,1477.5020725087445,1727.256123118181,0,1,0,Sector 92 Gurgaon,0,0,0,0,0,15,5.0,5.0,5.0,5.0,5.0,8,0,0,0,0,0,0,0,0,0,0,0
flat,satya element one,0.94,14009.0,671.0,1,2,2,2.0,East,1 to 5 Year Old,705.3684302101169,671.021526,729.0569330531229,0,0,1,Sector 49 Gurgaon,0,0,0,0,0,0,5.0,5.0,5.0,5.0,5.0,15,3,0,2,0,0,0,0,0,0,0,0
flat,shree vardhman flora3.8 â˜…,0.7,5325.0,1315.0,2,2,3,9.0,East,0 to 1 Year Old,1350.0,1140.5128700858188,1351.94584,1,1,0,Sector 90 Gurgaon,1,0,0,0,0,0,5.0,5.0,5.0,5.0,5.0,10,1,1,0,0,0,0,0,0,0,0,0
flat,ild grand centra,0.95,5220.0,1820.0,3,1,0,0.0,Unknown,1 to 5 Year Old,1819.960212,1546.669307373593,1808.01353642542,0,1,0,Sector 37C Gurgaon,0,0,0,0,0,0,5.0,5.0,5.0,5.0,5.0,0,0,0,0,0,0,0,0,0,0,0,0
flat,umang monsoon breeze,0.7,5719.0,1224.0,2,2,2,5.0,Unknown,1 to 5 Year Old,1223.963069,1067.3242843567348,1248.3458814124615,0,1,0,Sector 78 Gurgaon,0,0,0,0,0,0,5.0,5.0,5.0,5.0,5.0,7,0,0,1,1,0,0,0,0,0,0,0
flat,Independent,0.6,3692.0,1625.0,2,2,0,5.0,Unknown,Under Construction,1625.025983,1389.8366236684128,1624.9007969497038,0,1,0,Sector 78 Gurgaon,0,0,0,0,0,0,5.0,5.0,5.0,5.0,5.0,0,0,0,0,0,0,0,0,0,0,0,0
flat,signature global city 81,0.8,14652.0,546.0,2,2,2,4.0,North,Under Construction,602.3916972922722,546.052647,611.6769718507406,0,0,1,Sector 81 Gurgaon,1,0,0,0,0,6,5.0,5.0,5.0,5.0,5.0,7,1,0,0,0,0,0,0,0,0,0,0
flat,mvn athens3.7 â˜…,0.25,5189.0,482.0,2,2,1,0.0,North,1 to 5 Year Old,549.6676100383356,481.684525,551.5784317151209,0,0,1,Sohna,0,0,0,1,0,16,5.0,5.0,5.0,5.0,5.0,10,0,0,5,0,0,0,1,0,0,0,0
flat,shree vardhman flora3.8 â˜…,0.95,6333.0,1500.0,3,3,3,9.0,South-East,1 to 5 Year Old,1388.3101229212634,1499.949465,1507.5208357473216,0,0,1,Sector 90 Gurgaon,0,1,0,0,0,16,5.0,5.0,5.0,5.0,5.0,10,1,1,0,0,0,0,0,0,0,0,0
flat,ramsons kshitij3.7 â˜…,0.45,4591.0,980.0,2,2,1,2.0,Unknown,1 to 5 Year Old,959.9269139830292,871.0823621820479,979.945456,1,0,0,Sector 95 Gurgaon,1,0,0,0,0,17,5.0,5.0,5.0,5.0,5.0,3,0,0,0,0,0,0,1,1,0,0,0
flat,breez global heights4.2 â˜…,0.26,6598.0,394.0,1,1,1,6.0,Unknown,0 to 1 Year Old,477.1719900641729,393.95874,468.9429390286439,0,0,1,Sohna,0,0,0,0,0,5,5.0,5.0,5.0,5.0,5.0,10,1,1,0,0,0,0,0,0,0,0,0
flat,shri ram apartments,0.46,5111.0,900.0,2,2,1,1.0,East,1 to 5 Year Old,894.0218049156085,899.9696789999999,944.0970219758872,0,0,1,Laxman Vihar,0,0,0,0,0,11,5.0,5.0,5.0,5.0,5.0,49,1,13,5,0,0,0,0,0,0,0,0
flat,sare homes,0.8,4694.0,1704.0,4,4,3,1.0,North-East,5 to 10 Year Old,1556.368151043186,1704.033009,1699.0849324296094,0,0,1,Sector 92 Gurgaon,0,0,0,0,0,12,5.0,5.0,5.0,5.0,5.0,8,0,0,0,0,0,0,1,0,0,0,0
flat,silverglades the melia,0.78,5777.0,1350.0,2,2,3,9.0,Unknown,Under Construction,1264.73804341985,1168.6623261354666,1350.008338,1,0,0,Sohna,1,0,0,0,0,15,5.0,5.0,5.0,5.0,5.0,8,1,1,0,0,0,0,0,0,0,0,0
flat,sare crescent parc royal greens phase 1,0.65,4512.0,1441.0,3,3,3,1.0,East,5 to 10 Year Old,1339.7051049840406,1241.8509118645509,1440.425098,1,0,0,Sector 92 Gurgaon,0,0,0,0,0,15,5.0,5.0,5.0,5.0,5.0,8,0,0,0,0,0,0,0,0,0,0,0
flat,smriti apartment,0.52,10666.0,488.0,1,1,1,1.0,Unknown,10+ Year Old,554.6104932183921,475.3814371412857,524.955403,1,0,0,Sector 56 Gurgaon,0,0,0,0,0,5,5.0,5.0,5.0,5.0,5.0,48,1,5,13,4,0,1,1,0,0,0,0
flat,signature global park4.0 â˜…,0.54,7200.0,750.0,2,2,2,4.0,North-East,Under Construction,770.4497254141949,750.028552,803.2410685330284,0,0,1,Sohna,0,0,0,0,0,20,5.0,5.0,5.0,5.0,5.0,8,1,1,0,1,0,0,1,0,0,0,0
flat,mvn athens3.7 â˜…,0.21,4666.0,450.0,1,1,1,11.0,Unknown,0 to 1 Year Old,523.3055664113674,450.038659,521.5291616473112,0,0,1,Sohna,0,0,0,0,0,2,5.0,5.0,5.0,5.0,5.0,10,0,0,5,0,0,0,0,0,0,0,0
flat,awho shanti vihar4.0 â˜…,0.82,9879.0,830.0,2,2,3+,13.0,East,0 to 1 Year Old,836.3548344816155,830.0,1399.952834,1,0,1,Sector 95 Gurgaon,1,0,0,0,0,18,5.0,5.0,5.0,5.0,5.0,8,0,0,0,0,1,0,1,0,0,0,0
flat,sare homes,0.95,4250.0,2235.0,4,3,2,16.0,East,0 to 1 Year Old,1983.0,1900.0,2000.040259,1,1,1,Sector 92 Gurgaon,0,0,0,0,0,16,5.0,5.0,5.0,5.0,5.0,8,0,0,0,0,0,0,1,0,0,0,0
flat,pareena mi casa,0.92,7389.0,1245.0,2,2,3,5.0,West,Under Construction,1178.23758776886,1084.2139579865234,1244.952674,1,0,0,Sector 68 Gurgaon,0,0,0,0,1,10,5.0,5.0,5.0,5.0,5.0,15,1,1,0,1,0,0,1,0,0,0,0
flat,ansal heights 86,0.78,5735.0,1360.0,2,2,2,8.0,North,0 to 1 Year Old,1360.0187649999998,1176.7050278639374,1376.0552792006536,0,1,0,Sector 86 Gurgaon,0,0,0,0,0,12,5.0,5.0,5.0,5.0,5.0,4,1,1,0,0,0,0,1,0,0,0,0
flat,pivotal riddhi siddhi,0.5,8517.0,587.0,2,1,2,7.0,Unknown,Under Construction,636.1680656893252,586.955467,650.177599125122,0,0,1,Sector 99 Gurgaon,0,0,0,0,0,4,5.0,5.0,5.0,5.0,5.0,8,1,0,0,1,0,0,0,0,0,0,0
flat,sare homes,0.95,4871.0,1950.0,4,3,3,13.0,Unknown,0 to 1 Year Old,1759.0263614255043,1651.224429843713,1949.988124,1,0,0,Sector 92 Gurgaon,0,0,0,0,0,0,5.0,5.0,5.0,5.0,5.0,8,0,0,0,0,0,0,0,1,0,0,0
flat,shyam apartment,0.26,3714.0,700.0,2,1,2,2.0,Unknown,1 to 5 Year Old,729.2590322470569,530.0,699.976417,1,0,1,Ashok Vihar,0,0,0,0,0,0,5.0,5.0,5.0,5.0,5.0,50,0,32,5,0,0,0,0,0,0,0,0
flat,city shri ram apartments 1,0.22,3666.0,600.0,2,1,1,1.0,Unknown,1 to 5 Year Old,646.8776459127811,565.4596965001583,599.979786,1,0,0,Sector 110 Gurgaon,0,0,0,0,0,0,5.0,5.0,5.0,5.0,5.0,28,1,5,1,1,0,0,0,1,0,0,0
flat,maruti kunj,0.8,5161.0,1550.0,3,2,0,0.0,Unknown,10+ Year Old,1429.5008160884013,1329.516360704882,1550.0016,1,0,0,Bhondsi,0,0,0,0,0,1,5.0,5.0,5.0,5.0,5.0,0,0,0,0,0,0,0,1,0,0,0,0
flat,palam vihar extension west zone rwa,0.2,4000.0,500.0,1,1,1,1.0,Unknown,5 to 10 Year Old,564.4962595785053,499.983155,568.4811461282641,0,0,1,Palam Vihar Extension,0,0,0,0,1,0,5.0,5.0,5.0,5.0,5.0,43,3,5,8,1,0,0,0,0,0,0,0
flat,sare crescent parc3.5 â˜…,0.9,4278.0,2104.0,4,5,3+,14.0,North-East,1 to 5 Year Old,1885.8936963802892,1775.0820364621632,1870.012347,1,0,0,Sector 92 Gurgaon,0,1,0,0,1,9,5.0,5.0,5.0,5.0,5.0,8,0,0,0,0,0,0,0,0,0,1,1
flat,gls arawali homes3.8 â˜…,0.3,5291.0,567.0,2,2,2,10.0,Unknown,1 to 5 Year Old,619.6917884224702,467.0,567.042252,1,0,1,Sohna,0,0,0,0,0,8,5.0,5.0,5.0,5.0,5.0,6,0,0,0,0,0,0,0,0,0,0,0
flat,breez global heights4.2 â˜…,0.39,4105.0,950.0,2,2,2,3.0,Unknown,1 to 5 Year Old,720.0,610.0,950.021814,1,1,1,Sohna,0,0,0,0,0,0,5.0,5.0,5.0,5.0,5.0,10,1,1,0,0,0,0,0,1,0,0,0
flat,sare homes,0.95,4750.0,2000.0,4,3,2,17.0,East,0 to 1 Year Old,1983.0,1900.0,2000.040259,1,1,1,Sector 92 Gurgaon,0,0,0,0,0,2,5.0,5.0,5.0,5.0,5.0,8,0,0,0,0,0,0,1,0,0,0,0
flat,vidya apartment,0.22,4210.0,523.0,2,2,1,1.0,North-West,1 to 5 Year Old,569.948505,550.0,590.0790589895023,0,1,1,Ashok Vihar Phase 3 Extension,0,0,0,0,1,7,5.0,5.0,5.0,5.0,5.0,47,1,10,5,0,0,0,1,0,0,0,0
flat,takshila heights sector 37 c,0.67,5583.0,1200.0,2,2,2,3.0,Unknown,1 to 5 Year Old,1141.165963918436,1048.0218002084048,1199.959572,1,0,0,New Gurgaon,0,0,0,0,0,5,5.0,5.0,5.0,5.0,5.0,6,0,2,0,0,1,0,0,0,0,0,0
flat,saroop garden,0.95,2638.0,3601.0,2,2,1,1.0,Unknown,0 to 1 Year Old,3119.1430498043983,3599.9863549999995,3480.443223636961,0,0,1,saroop garden rajendra park,0,0,0,0,1,0,5.0,5.0,5.0,5.0,5.0,50,1,22,1,0,0,0,0,0,0,0,0
flat,bestech park view residency3.9 â˜…,0.55,8461.0,650.0,1,1,2,7.0,North,5 to 10 Year Old,688.068339079919,605.6732051425123,650.031921,1,0,0,Palam Vihar,0,0,0,0,0,6,5.0,5.0,5.0,5.0,5.0,10,1,1,0,1,0,0,0,0,0,0,0
flat,bajrang apartments,0.38,4470.0,850.0,2,2,2,1.0,Unknown,5 to 10 Year Old,852.8311117484707,850.025183,897.1450374949342,0,0,1,Dayanand Colony,0,0,0,0,0,0,5.0,5.0,5.0,5.0,5.0,50,1,13,5,0,0,0,0,1,0,0,0
flat,signature global park 4,0.72,6428.0,1120.0,3,2,3,2.0,Unknown,Under Construction,1075.2608548510152,1119.983795,1150.6857536920795,0,0,1,Sector 36 Sohna,0,0,0,0,0,0,5.0,5.0,5.0,5.0,5.0,12,2,1,0,1,0,0,1,0,0,0,0
flat,elan mercado,0.85,12408.0,685.0,1,1,1,15.0,Unknown,1 to 5 Year Old,716.9018242969155,685.014596,742.2034887077897,0,0,1,Sector 80 Gurgaon,0,0,0,0,0,11,5.0,5.0,5.0,5.0,5.0,15,5,1,0,0,0,0,0,0,0,0,0
flat,avl 36 gurgaon3.7 â˜…,0.365,8990.0,406.0,1,1,1,7.0,West,1 to 5 Year Old,487.057756424286,402.0,406.014308,1,0,1,Sector 36A Gurgaon,0,0,0,0,0,18,5.0,5.0,5.0,5.0,5.0,6,0,2,0,0,0,0,0,0,0,0,0
flat,vipul lavanya3.9 â˜…,0.6445000000000001,5261.0,1225.0,2,2,3,12.0,East,1 to 5 Year Old,1161.761310502005,1225.039459,1249.2849211020807,0,0,1,Sector 81 Gurgaon,0,0,0,0,0,15,5.0,5.0,5.0,5.0,5.0,16,0,0,0,0,0,0,0,0,0,0,0
flat,ss radiance residency,0.6,5660.0,1060.0,3,3,2,3.0,North-East,1 to 5 Year Old,1025.8320230504498,1060.028872,1094.3433723149362,0,0,1,Adarsh Nagar,0,0,0,0,0,7,5.0,5.0,5.0,5.0,5.0,50,1,15,4,0,0,0,0,0,0,0,0
flat,apna enclave,0.6,6667.0,900.0,2,2,1,1.0,North-East,1 to 5 Year Old,899.9696789999999,700.0,944.0970219758872,0,1,1,Sector 4 Urban Estate,0,0,0,0,0,0,5.0,5.0,5.0,5.0,5.0,49,2,14,5,0,0,0,1,0,0,0,0
flat,silverglades the melia,0.91,6800.0,1338.0,2,2,3,1.0,Unknown,0 to 1 Year Old,1254.8522770597365,1159.0110840613015,1350.008338,1,0,0,Sohna,1,0,0,0,0,15,5.0,5.0,5.0,5.0,5.0,8,1,1,0,0,0,0,0,0,0,0,0
flat,zara aavaas,0.49,6577.0,745.0,3,2,2,7.0,Unknown,Under Construction,766.330656097481,645.0,744.9695189999999,1,0,1,Sector 104 Gurgaon,0,0,0,0,0,16,5.0,5.0,5.0,5.0,5.0,10,1,1,0,0,0,0,1,0,0,0,0
flat,rk tower,0.95,9595.0,990.0,2,2,1,1.0,South-East,1 to 5 Year Old,968.1650526164568,989.955883,1028.6105940416023,0,0,1,Palam Vihar,0,0,0,0,0,15,5.0,5.0,5.0,5.0,5.0,26,2,3,2,1,0,0,1,0,1,0,0
flat,breez global hill view,0.3,5124.0,585.0,2,2,1,11.0,North,0 to 1 Year Old,634.5204379626398,585.448521,648.2995197458839,0,0,1,Sohna,0,0,0,0,0,16,5.0,5.0,5.0,5.0,5.0,15,1,1,1,0,0,0,0,0,0,0,0
flat,avl 36 gurgaon3.7 â˜…,0.371,10539.0,352.0,1,1,1,3.0,North,1 to 5 Year Old,442.57180780377706,366.0006936340832,351.97953,1,0,0,Sector 36A Gurgaon,0,0,0,0,0,14,5.0,5.0,5.0,5.0,5.0,6,0,2,0,0,0,0,0,0,0,0,0
flat,corona gracieux,0.75,5660.0,1325.0,2,2,3,13.0,Unknown,1 to 5 Year Old,1244.1426968362807,1148.5555718142896,1325.0360899999998,1,0,0,Sector 76 Gurgaon,0,0,0,0,0,0,5.0,5.0,5.0,5.0,5.0,4,1,0,0,0,0,0,0,0,0,0,0
flat,my home,0.22,4400.0,500.0,2,2,1,1.0,Unknown,0 to 1 Year Old,564.4962595785053,499.983155,568.4811461282641,0,0,1,New Palam Vihar,0,0,0,0,0,0,5.0,5.0,5.0,5.0,5.0,15,1,5,1,1,0,0,0,0,0,0,0
flat,breez global hill view,0.32,5470.0,585.0,2,2,1,17.0,Unknown,0 to 1 Year Old,999.96631,585.0,648.2995197458839,0,1,1,Sohna,0,0,0,0,0,8,5.0,5.0,5.0,5.0,5.0,15,1,1,1,0,0,0,0,0,0,0,0
flat,ansal heights 86,0.74,5441.0,1360.0,2,2,1,11.0,Unknown,Under Construction,1272.9761820532772,1176.7050278639374,1360.0187649999998,1,0,0,Sector 86 Gurgaon,0,0,0,0,1,8,5.0,5.0,5.0,5.0,5.0,4,1,1,0,0,0,0,0,0,0,0,0
flat,smriti apartment,0.6,10000.0,600.0,1,1,1,2.0,Unknown,5 to 10 Year Old,646.8776459127811,565.4596965001583,599.979786,1,0,0,Sector 56 Gurgaon,0,0,0,0,0,8,5.0,5.0,5.0,5.0,5.0,48,1,5,13,4,0,0,0,0,0,0,0
flat,uphaar homes,0.45,4736.0,950.0,3,2,1,1.0,Unknown,1 to 5 Year Old,935.2124980827464,950.021814,991.04900645684,0,0,1,Sector 105 Gurgaon,0,0,0,0,0,8,5.0,5.0,5.0,5.0,5.0,34,1,8,4,0,0,0,0,0,0,0,0
flat,pareena laxmi apartments3.6 â˜…,0.3,5424.0,553.0,2,1,2,5.0,North,0 to 1 Year Old,608.1583943356715,470.0,553.049182,1,0,1,Sector 99A Gurgaon,0,0,0,0,0,11,5.0,5.0,5.0,5.0,5.0,15,2,1,2,0,0,0,0,0,0,0,0
flat,vatika independent floors3.8 â˜…,0.67,5826.0,1150.0,2,2,3,2.0,Unknown,5 to 10 Year Old,1150.015076,1007.808291566051,1178.8569443806514,0,1,0,Sector 82 Gurgaon,0,0,0,0,0,10,5.0,5.0,5.0,5.0,5.0,8,1,1,0,0,0,1,0,0,0,0,0
flat,lotus elise,0.95,6551.0,1450.0,2,3,3,7.0,Unknown,1 to 5 Year Old,1347.1194297541256,1450.004969,1460.5688512663687,0,0,1,Sector 99 Gurgaon,0,1,0,0,0,0,5.0,5.0,5.0,5.0,5.0,7,1,1,0,0,0,0,0,0,0,0,0
flat,nul,0.56,6054.0,925.0,2,2,1,11.0,Unknown,10+ Year Old,914.6171514991776,925.049566,967.5730142163636,0,0,1,Valley View Estate,0,0,0,0,0,0,5.0,5.0,5.0,5.0,5.0,20,2,2,5,0,0,0,1,0,0,0,1
flat,godrej summit3.7 â˜…,0.85,6896.0,1233.0,2,2,3,12.0,Unknown,1 to 5 Year Old,1168.3518214087471,1450.004969,1256.7972386190331,0,0,1,Sector 104 Gurgaon,1,0,0,0,1,12,5.0,5.0,5.0,5.0,5.0,15,1,1,0,1,0,0,0,0,0,0,0
flat,ansal heights 86,0.78,5735.0,1360.0,2,2,1,8.0,East,0 to 1 Year Old,1272.9761820532772,1176.7050278639374,1360.0187649999998,1,0,0,Sector 86 Gurgaon,0,0,0,0,0,11,5.0,5.0,5.0,5.0,5.0,4,1,1,0,0,1,0,0,0,0,0,0
flat,signature global park4.0 â˜…,0.79,7308.0,1081.0,3,2,3+,4.0,Unknown,Under Construction,1043.132114180648,952.3136496396028,1081.018477,1,0,0,Sohna,0,0,0,0,0,17,5.0,5.0,5.0,5.0,5.0,8,1,1,0,1,0,0,1,0,0,0,0
flat,pareena laxmi apartments3.6 â˜…,0.32,5786.0,553.0,2,2,2,11.0,Unknown,0 to 1 Year Old,608.1583943356715,453.5,553.049182,1,0,1,Sector 99A Gurgaon,0,0,0,0,0,11,5.0,5.0,5.0,5.0,5.0,15,2,1,2,0,1,0,1,0,0,0,0
flat,pyramid elite,0.45,7846.0,574.0,2,2,1,12.0,Unknown,Under Construction,625.4584854658694,573.500592,637.9700831600743,0,0,1,Sector 86 Gurgaon,0,0,0,0,0,6,5.0,5.0,5.0,5.0,5.0,8,1,1,0,0,0,0,0,0,0,0,0
flat,shri ram apartments,0.36,3789.0,950.0,2,2,1,4.0,Unknown,1 to 5 Year Old,935.2124980827464,950.021814,991.04900645684,0,0,1,Laxman Vihar,0,0,0,0,0,1,5.0,5.0,5.0,5.0,5.0,49,1,12,5,0,0,0,0,0,0,0,0
flat,signature global rosellia,0.45,8754.0,514.0,2,2,2,14.0,Unknown,0 to 1 Year Old,576.0296536653038,513.976225,581.6277017829308,0,0,1,Sector 95A Gurgaon,0,0,0,0,0,4,5.0,5.0,5.0,5.0,5.0,0,0,0,0,0,0,0,0,0,0,0,0
flat,raheja revanta,0.9888,6100.0,1621.0,2,2,3,14.0,East,Under Construction,1487.991600385737,1386.6195429770246,1621.04334,1,0,0,Sector 78 Gurgaon,0,0,0,0,1,7,5.0,5.0,5.0,5.0,5.0,10,1,0,0,0,0,0,1,1,0,0,0
flat,sidhartha ncr one phase 14.2 â˜…,0.55,4867.0,1130.0,2,2,2,14.0,Unknown,0 to 1 Year Old,1083.498993484443,1129.994222,1160.0761505882704,0,0,1,Sector 95 Gurgaon,1,0,0,0,0,14,5.0,5.0,5.0,5.0,5.0,4,0,0,0,0,0,0,0,0,0,0,0
flat,divya apartments,0.6,7594.0,790.0,2,2,0,2.0,South-West,1 to 5 Year Old,789.962621,750.0,840.8026561177907,0,1,1,Dayanand Colony,0,0,0,0,0,4,5.0,5.0,5.0,5.0,5.0,50,1,11,5,0,1,0,1,1,0,0,0
flat,rof ananda,0.46,6318.0,728.0,2,2,2,11.0,North-West,0 to 1 Year Old,752.3258204206542,727.962557,782.5821953614092,0,0,1,Sector 95 Gurgaon,1,0,0,0,0,16,5.0,5.0,5.0,5.0,5.0,15,0,0,0,1,0,0,0,0,0,0,0
flat,rof ananda,0.38,6919.0,549.0,2,2,1,4.0,Unknown,0 to 1 Year Old,604.8631388823004,549.174178,614.4940909195979,0,0,1,Sector 95 Gurgaon,0,0,0,0,0,0,5.0,5.0,5.0,5.0,5.0,15,0,0,0,1,0,1,0,0,0,0,0
flat,uphaar residency 2,0.42,5600.0,750.0,3,2,1,0.0,East,5 to 10 Year Old,770.4497254141949,750.028552,803.2410685330284,0,0,1,Sector 105 Gurgaon,0,0,0,0,1,2,5.0,5.0,5.0,5.0,5.0,36,2,9,4,0,1,0,0,0,0,0,0
flat,gls arawali homes3.8 â˜…,0.28,4938.0,567.0,2,2,2,3.0,East,1 to 5 Year Old,500.0,467.0,567.042252,1,1,1,Sohna,0,0,0,0,0,7,5.0,5.0,5.0,5.0,5.0,6,0,0,0,0,0,0,1,0,0,0,0
flat,adani aangan arcade,0.45,7200.0,625.0,2,2,1,3.0,Unknown,0 to 1 Year Old,667.47299249635,624.952034,685.8611073306462,0,0,1,Sector 88A Gurgaon,0,0,0,0,0,3,5.0,5.0,5.0,5.0,5.0,6,1,1,0,0,0,1,0,0,0,0,0
flat,raheja navodaya3.6 â˜…,0.85,5407.0,1572.0,3,3,0,0.0,East,1 to 5 Year Old,1447.624721081942,1347.2103045075178,1571.959956,1,0,0,Sector 92 Gurgaon,0,0,0,0,0,14,5.0,5.0,5.0,5.0,5.0,11,1,1,2,0,0,0,0,0,0,0,0
flat,bhemerlei,0.6884999999999999,5100.0,1350.0,2,2,2,3.0,Unknown,Under Construction,1350.008338,1168.6623261354666,1366.664882304463,0,1,0,Sohna Road,0,0,0,0,0,0,5.0,5.0,5.0,5.0,5.0,47,3,6,5,0,0,0,0,0,0,0,0
flat,valley view estate,0.38,6089.0,624.0,1,1,1,11.0,Unknown,5 to 10 Year Old,666.6491786330073,584.7621806484883,623.9832829999999,1,0,0,Valley View Estate,0,0,0,0,0,7,5.0,5.0,5.0,5.0,5.0,15,2,2,1,0,0,0,0,0,0,0,0
flat,earth copia,0.7,4673.0,1498.0,2,2,2,4.0,East,1 to 5 Year Old,1498.0119629999997,1287.694311716834,1505.6427563680834,0,1,0,Sector 112 Gurgaon,0,0,0,0,0,11,5.0,5.0,5.0,5.0,5.0,8,1,2,1,1,0,0,0,1,0,0,0
flat,assotech blith,0.82,6007.0,1365.0,2,2,3,0.0,Unknown,1 to 5 Year Old,1364.970159,1180.726378728173,1380.7504776487488,0,1,0,Sector 99 Gurgaon,0,0,0,0,0,0,5.0,5.0,5.0,5.0,5.0,4,0,2,0,0,0,0,0,0,0,0,0
flat,satya element one,0.8,11111.0,720.0,1,1,1,0.0,Unknown,1 to 5 Year Old,719.997271,661.9721172418077,775.0698778444566,0,1,0,Sector 49 Gurgaon,0,0,0,0,0,0,5.0,5.0,5.0,5.0,5.0,44,3,2,7,0,0,0,1,0,0,0,0
flat,proxima tower,0.6,4602.0,1304.0,2,2,3,5.0,Unknown,Under Construction,1226.8426057060828,1131.665898184501,1304.046485,1,0,0,Sector 37C Gurgaon,1,0,0,1,0,9,5.0,5.0,5.0,5.0,5.0,19,0,8,0,0,0,0,0,1,0,0,0
flat,hcbs sports ville3.6 â˜…,0.2689999999999999,4345.0,619.0,2,2,2,10.0,Unknown,1 to 5 Year Old,619.031889,580.7408297842528,680.2268691929319,0,1,0,Sohna,0,0,0,0,0,7,5.0,5.0,5.0,5.0,5.0,5,0,0,0,0,0,0,0,0,0,0,0
flat,greenopolis,0.8,6168.0,1297.0,2,2,2,6.0,South,Under Construction,1221.0759086626836,1297.04995,1316.8957787546528,0,0,1,Sector 89 Gurgaon,0,0,0,0,0,7,5.0,5.0,5.0,5.0,5.0,7,0,0,0,0,0,1,1,0,0,0,0
flat,green court,0.38,5507.0,690.0,2,2,1,7.0,Unknown,Under Construction,721.0208936136294,689.9659899999999,746.8986871558849,0,0,1,New Gurgaon,0,0,0,0,0,6,5.0,5.0,5.0,5.0,5.0,50,1,4,11,0,0,0,0,1,0,0,0
flat,ganga apartment,0.55,3352.0,1641.0,2,2,1,3.0,North-East,5 to 10 Year Old,1000.0,800.0,1700.050366,1,1,1,Shanti Nagar,0,0,0,0,0,13,5.0,5.0,5.0,5.0,5.0,50,1,24,2,0,0,0,0,0,1,0,0
flat,gls arawali homes3.8 â˜…,0.265,4600.0,576.0,2,2,2,5.0,Unknown,0 to 1 Year Old,627.1061131925549,546.1572123518285,575.976289,1,0,0,Sohna,0,0,0,0,0,8,5.0,5.0,5.0,5.0,5.0,6,0,0,0,0,1,0,0,1,0,0,0
flat,shree balaji appartment,0.4,5000.0,800.0,2,2,2,1.0,Unknown,1 to 5 Year Old,811.6404185813327,726.3137310695739,799.973048,1,0,0,Sector 33 Gurgaon,0,0,0,0,0,0,5.0,5.0,5.0,5.0,5.0,47,1,19,0,0,0,0,1,0,0,0,0
flat,rof ananda,0.26,6842.0,380.0,1,1,1,8.0,North,0 to 1 Year Old,465.6385959773743,379.96566999999993,455.7963833739771,0,0,1,Sector 95 Gurgaon,0,0,0,0,0,8,5.0,5.0,5.0,5.0,5.0,15,0,0,0,1,0,0,0,0,0,0,0
flat,tulsiani easy in homes,0.4,7920.0,505.0,2,2,3,9.0,Unknown,Under Construction,568.6153288952191,505.042188,573.1763445763593,0,0,1,Sohna,0,0,0,0,0,7,5.0,5.0,5.0,5.0,5.0,6,0,0,0,1,0,0,0,0,0,0,0
flat,eldeco accolade3.8 â˜…,0.95,6178.0,1538.0,2,2,3+,8.0,South,Under Construction,1050.0,849.0,1457.001504,1,1,1,Sohna,1,0,0,0,1,12,5.0,5.0,5.0,5.0,5.0,7,1,1,0,0,0,0,0,0,0,0,0
flat,mittal cosmos executive apartments3.8 â˜…,0.75,6550.0,1145.0,2,2,2,15.0,Unknown,10+ Year Old,1100.0,1003.7869407018156,1144.956043,1,1,0,Sector 2 Gurgaon,0,0,0,0,0,7,5.0,5.0,5.0,5.0,5.0,4,1,1,0,1,0,0,1,0,0,0,0
flat,gls arawali homes3.8 â˜…,0.35,6076.0,576.0,2,2,2,11.0,Unknown,1 to 5 Year Old,627.1061131925549,480.53,575.976289,1,0,1,Sohna,0,0,0,0,0,12,5.0,5.0,5.0,5.0,5.0,6,0,0,0,0,1,0,1,0,0,0,0
flat,umang monsoon breeze,0.95,5491.0,1730.0,3,3,2,9.0,East,1 to 5 Year Old,1729.974008,1474.284991817356,1723.4999643597048,0,1,0,Sector 78 Gurgaon,0,0,0,0,0,11,5.0,5.0,5.0,5.0,5.0,7,0,0,1,1,0,0,0,0,0,0,0
flat,rof ananda,0.26,6032.0,431.0,1,1,1,8.0,North,0 to 1 Year Old,507.65310300785495,380.44,430.986556,1,0,1,Sector 95 Gurgaon,0,0,0,0,0,8,5.0,5.0,5.0,5.0,5.0,15,0,0,0,1,0,0,0,0,0,0,0
flat,apna enclave,0.8,6153.0,1300.0,3,3,1,0.0,Unknown,10+ Year Old,1000.0,1128.4488174931128,1299.956203,1,1,0,Ashok Vihar,0,0,0,0,0,0,5.0,5.0,5.0,5.0,5.0,49,2,14,5,0,0,0,0,0,0,0,0
flat,unitech sunbreeze,0.7353000000000001,5500.0,1337.0,3,3,1,10.0,Unknown,Under Construction,1254.0284631963937,1158.2068138884545,1336.984019,1,0,0,Sector 69 Gurgaon,0,1,0,0,0,11,5.0,5.0,5.0,5.0,5.0,43,0,7,11,0,0,0,0,0,0,0,0
flat,hcbs sports ville3.6 â˜…,0.22,4603.0,478.0,1,1,1,9.0,East,1 to 5 Year Old,477.809521,321.6,547.8222729566447,0,1,1,Sohna,0,0,0,0,0,7,5.0,5.0,5.0,5.0,5.0,5,0,0,0,0,0,0,0,0,0,0,0
flat,mittal surya vihar,0.8,7079.0,1130.0,2,2,2,6.0,Unknown,10+ Year Old,1083.498993484443,1129.994222,1160.0761505882704,0,0,1,Sector 21 Gurgaon,0,0,0,0,0,0,5.0,5.0,5.0,5.0,5.0,17,1,1,4,0,1,0,0,0,0,0,0
flat,breez global heights4.2 â˜…,0.285,7142.0,399.0,1,1,1,4.0,Unknown,0 to 1 Year Old,481.2910593808867,399.017773,473.6381374767392,0,0,1,Sohna,0,0,0,0,0,5,5.0,5.0,5.0,5.0,5.0,10,1,1,0,0,0,0,0,0,0,0,0
flat,mvn athens3.7 â˜…,0.25,5189.0,482.0,2,2,1,3.0,East,1 to 5 Year Old,549.6676100383356,481.684525,551.5784317151209,0,0,1,Sohna,0,0,0,0,0,9,5.0,5.0,5.0,5.0,5.0,10,0,0,5,0,0,0,0,0,0,0,0
flat,prime habitat,0.32,4657.0,687.0,2,2,1,7.0,Unknown,1 to 5 Year Old,601.0,448.0,686.952098,1,1,1,Sector 99A Gurgaon,0,0,0,0,0,7,5.0,5.0,5.0,5.0,5.0,8,1,1,0,0,1,0,1,0,0,0,0
flat,sidhartha ncr greens4.3 â˜…,0.6,5576.0,1076.0,2,2,2,14.0,Unknown,1 to 5 Year Old,1039.0130448639338,948.2922987753672,1075.9594439999998,1,0,0,Sector 95 Gurgaon,1,0,0,0,0,7,5.0,5.0,5.0,5.0,5.0,4,0,0,0,0,0,0,0,0,0,0,0
flat,jammu and kashmir bank employees cghs3.7 â˜…,0.94,6064.0,1550.0,3,3,2,5.0,East,5 to 10 Year Old,1429.5008160884013,1550.0016,1554.4728202282745,0,0,1,Sector 9A Gurgaon,0,0,0,0,0,14,5.0,5.0,5.0,5.0,5.0,41,1,16,5,0,1,0,0,0,0,0,0
flat,ramprasta awho,0.92,5257.0,1750.0,3,3,3+,13.0,North-East,1 to 5 Year Old,1749.994862,1600.0,1742.280758152086,0,1,1,Sector 95 Gurgaon,0,0,0,0,0,0,5.0,5.0,5.0,5.0,5.0,0,0,0,0,0,0,0,1,0,0,0,0
flat,greenopolis,0.8976999999999999,4700.0,1910.0,3,3,0,14.0,Unknown,Under Construction,1909.946416,1619.05362292983,1892.527108491135,0,1,0,Sector 89 Gurgaon,0,0,0,0,0,11,5.0,5.0,5.0,5.0,5.0,7,0,0,0,0,0,0,1,1,0,0,0
flat,imperia the esfera,0.7,4879.0,1435.0,2,3,3+,12.0,North,Under Construction,1334.7622218039842,1237.025290827468,1435.043148,1,0,0,Sector 37C Gurgaon,1,0,0,0,1,11,5.0,5.0,5.0,5.0,5.0,8,2,1,0,0,0,0,1,1,0,0,0
flat,sare crescent parc3.5 â˜…,0.65,4596.0,1414.0,3,3,3,3.0,Unknown,5 to 10 Year Old,1317.4621306737863,1413.9459040000002,1426.7634224400826,0,0,1,Sector 92 Gurgaon,0,0,0,0,0,7,5.0,5.0,5.0,5.0,5.0,8,0,0,0,0,1,0,0,0,0,0,0
flat,ansal heights 86,0.87,5367.0,1621.0,2,2,1,12.0,North-East,0 to 1 Year Old,1487.991600385737,1386.6195429770246,1360.0187649999998,1,0,0,Sector 86 Gurgaon,0,0,0,0,1,8,5.0,5.0,5.0,5.0,5.0,4,1,1,0,0,0,0,0,0,0,0,0
flat,apna enclave,0.55,5789.0,950.0,2,2,2,2.0,North-East,10+ Year Old,900.0,744.0,950.021814,1,1,1,Sector 3 Gurgaon,0,0,0,0,0,10,5.0,5.0,5.0,5.0,5.0,49,2,12,4,0,0,0,1,0,0,0,0
flat,shri balaji apartment,0.35,4037.0,867.0,2,2,1,1.0,North,5 to 10 Year Old,737.0,650.0,867.0321449999999,1,1,1,Dharam Colony,0,0,0,0,0,4,5.0,5.0,5.0,5.0,5.0,47,3,9,4,1,0,0,0,0,0,0,0
flat,ramsons kshitij3.7 â˜…,0.22,6470.0,340.0,1,1,1,2.0,Unknown,0 to 1 Year Old,432.686041443664,356.34945155991824,340.031601,1,0,0,Sector 95 Gurgaon,0,0,0,0,0,0,5.0,5.0,5.0,5.0,5.0,3,0,0,0,0,0,0,0,0,0,0,0
flat,ansals duplex flat,0.95,7307.0,1300.0,2,3,2,1.0,North-East,10+ Year Old,1223.547350252712,1299.956203,1319.71289782351,0,0,1,Palam Vihar,1,0,0,0,0,3,5.0,5.0,5.0,5.0,5.0,27,2,2,3,1,0,0,1,0,0,0,0
flat,green court3.7 â˜…,0.4,6389.0,626.0,2,2,1,8.0,South,0 to 1 Year Old,668.2968063596928,526.0,626.028424,1,0,1,Sector 90 Gurgaon,0,0,0,0,0,4,5.0,5.0,5.0,5.0,5.0,15,3,2,2,0,0,0,0,0,0,0,0
flat,hcbs sports ville3.6 â˜…,0.32,6165.0,519.0,2,2,2,2.0,Unknown,0 to 1 Year Old,580.1487229820177,519.035258,586.3229002310261,0,0,1,Sohna,0,0,0,0,0,6,5.0,5.0,5.0,5.0,5.0,5,0,0,0,0,0,0,1,0,0,0,0
flat,smriti apartment,0.45,7500.0,600.0,1,1,2,3.0,Unknown,10+ Year Old,646.8776459127811,565.4596965001583,599.979786,1,0,0,Sector 56 Gurgaon,0,0,0,0,0,9,5.0,5.0,5.0,5.0,5.0,48,1,5,13,4,0,0,0,0,1,0,0
flat,sidhartha ncr greens4.3 â˜…,0.96,6201.0,1548.0,3,3,3,8.0,Unknown,0 to 1 Year Old,1427.8531883617156,1547.956459,1552.5947408490365,0,0,1,Sector 95 Gurgaon,0,0,1,1,0,3,5.0,5.0,5.0,5.0,5.0,4,0,0,0,0,0,0,0,0,0,0,0
flat,supertech araville,0.8,6178.0,1295.0,2,2,3+,9.0,Unknown,0 to 1 Year Old,1219.428280935998,1124.4274666288773,1295.004809,1,0,0,Sector 79 Gurgaon,0,0,0,0,1,5,5.0,5.0,5.0,5.0,5.0,4,0,0,0,0,0,0,0,0,0,0,0
flat,sare crescent parc3.5 â˜…,0.5,5000.0,1000.0,2,2,2,2.0,Unknown,1 to 5 Year Old,976.4031912498843,887.1677656389894,999.96631,1,0,0,Sector 92 Gurgaon,0,0,0,0,1,13,5.0,5.0,5.0,5.0,5.0,8,0,0,0,0,0,0,1,0,0,0,0
flat,sare crescent parc3.5 â˜…,0.92,4854.0,1895.0,4,5,3+,14.0,North-East,5 to 10 Year Old,1894.984595,1600.0,1878.4415131468493,0,1,1,Sector 92 Gurgaon,0,0,0,0,0,22,5.0,5.0,5.0,5.0,5.0,8,0,0,0,0,0,0,1,0,0,1,0
flat,green court3.7 â˜…,0.5,8333.0,600.0,2,2,1,8.0,Unknown,0 to 1 Year Old,646.8776459127811,600.0,699.976417,1,0,1,Sector 90 Gurgaon,0,0,0,0,0,7,5.0,5.0,5.0,5.0,5.0,15,3,2,2,0,1,0,0,0,0,0,0
flat,supertech araville,0.78,6023.0,1295.0,2,2,3+,17.0,Unknown,1 to 5 Year Old,1219.428280935998,1124.4274666288773,1295.004809,1,0,0,Sector 79 Gurgaon,0,0,0,0,0,6,5.0,5.0,5.0,5.0,5.0,4,0,0,0,0,0,0,0,0,0,0,0
flat,signature global synera3.4 â˜…,0.5,7886.0,634.0,2,2,1,11.0,East,0 to 1 Year Old,674.8873172664348,633.99371,694.3124645372177,0,0,1,Sector 81 Gurgaon,0,0,0,0,0,17,5.0,5.0,5.0,5.0,5.0,10,1,1,0,0,1,0,1,0,0,0,0
flat,prime habitat,0.27,5432.0,497.0,2,2,1,4.0,North-East,0 to 1 Year Old,562.024817988477,496.969263,565.6640270594069,0,0,1,Sector 99A Gurgaon,0,0,0,0,0,1,5.0,5.0,5.0,5.0,5.0,8,1,1,0,0,1,0,1,1,0,0,0
flat,sare homes,0.85,4786.0,1776.0,4,4,3,3.0,Unknown,5 to 10 Year Old,1615.682749203865,1511.2814197683217,1776.0435,1,0,0,New Gurgaon,0,0,0,0,0,0,5.0,5.0,5.0,5.0,5.0,23,0,6,0,0,1,0,0,0,0,0,0
flat,bestech park view ananda,0.9,6618.0,1360.0,2,2,3,8.0,Unknown,0 to 1 Year Old,1272.9761820532772,1176.7050278639374,1360.0187649999998,1,0,0,Sector 81 Gurgaon,0,0,0,0,1,10,5.0,5.0,5.0,5.0,5.0,14,0,0,0,0,0,0,0,0,0,0,0
flat,millenia,0.4,6666.0,600.0,2,2,2,4.0,East,0 to 1 Year Old,646.8776459127811,599.979786,662.3851150901697,0,0,1,Sector 37C Gurgaon,0,0,0,0,0,5,5.0,5.0,5.0,5.0,5.0,50,1,22,1,0,0,0,0,0,0,0,0
flat,sidhartha ncr one phase 14.2 â˜…,0.9,4500.0,2000.0,3,3,1,15.0,Unknown,1 to 5 Year Old,2000.040259,1691.437938486067,1977.0406805568505,0,1,0,Sector 95 Gurgaon,0,0,0,0,0,11,5.0,5.0,5.0,5.0,5.0,4,0,0,0,0,0,0,0,0,0,0,0
flat,signature andour heights3.8 â˜…,0.39,9846.0,396.0,1,1,2,1.0,Unknown,0 to 1 Year Old,478.8196177908584,401.38858123935455,324.962141,1,0,0,Sector 71 Gurgaon,0,0,0,0,0,0,5.0,5.0,5.0,5.0,5.0,15,0,1,2,0,1,0,0,0,0,0,0
flat,sare crescent parc3.5 â˜…,0.8,4210.0,1900.0,4,3,2,10.0,East,1 to 5 Year Old,1717.8356682583667,1611.0109212013592,1900.043628,1,0,0,Sector 92 Gurgaon,0,0,0,0,1,7,5.0,5.0,5.0,5.0,5.0,8,0,0,0,0,0,0,0,0,0,0,0
flat,sare homes,0.82,5384.0,1523.0,3,3,3+,12.0,West,1 to 5 Year Old,1221.18,1307.801066038011,1522.984211,1,1,0,Sector 92 Gurgaon,0,0,0,0,0,21,5.0,5.0,5.0,5.0,5.0,6,0,0,0,0,0,0,1,1,0,0,0
flat,laxmi apartment sector 99a gurgaon,0.3,4615.0,650.0,2,2,1,4.0,Unknown,0 to 1 Year Old,688.068339079919,550.0,650.031921,1,0,1,Sector 99A Gurgaon,0,0,0,0,0,7,5.0,5.0,5.0,5.0,5.0,0,0,0,0,0,0,0,0,0,0,0,0
flat,chanderlok society,0.9,7234.0,1244.0,4,2,3+,1.0,Unknown,10+ Year Old,1177.4137739055172,1243.9839229999998,1267.1266752048427,0,0,1,DLF Phase 4,0,0,0,0,0,0,5.0,5.0,5.0,5.0,5.0,48,0,6,13,3,0,0,0,0,0,0,0
flat,jammu and kashmir bank employees cghs3.7 â˜…,0.95,6129.0,1550.0,3,3,2,5.0,West,5 to 10 Year Old,1429.5008160884013,1329.516360704882,1550.0016,1,0,0,Sector 9A Gurgaon,0,0,0,0,1,5,5.0,5.0,5.0,5.0,5.0,41,1,16,5,0,1,0,1,0,0,0,0
flat,ss residency,0.53,4818.0,1100.0,3,3,2,2.0,Unknown,1 to 5 Year Old,1058.7845775841602,967.5947829236972,1099.962941,1,0,0,Adarsh Nagar,0,0,0,0,0,3,5.0,5.0,5.0,5.0,5.0,50,1,15,4,0,0,0,0,0,0,0,0
flat,uphar lakshya homes,0.42,4200.0,1000.0,3,2,1,1.0,East,1 to 5 Year Old,976.4031912498843,999.96631,1038.0009909377927,0,0,1,Rajendra Park,0,0,0,0,0,2,5.0,5.0,5.0,5.0,5.0,31,1,9,4,0,0,0,1,0,0,0,0
flat,raheja sampada,0.9,6569.0,1370.0,3,2,3,11.0,East,1 to 5 Year Old,1281.214320686705,1184.7477295924082,1370.029192,1,0,0,Sector 92 Gurgaon,0,0,0,0,0,17,5.0,5.0,5.0,5.0,5.0,14,1,1,1,0,0,0,1,1,0,0,0
flat,raheja navodaya3.6 â˜…,0.625,4807.0,1300.0,2,2,2,5.0,Unknown,0 to 1 Year Old,1498.0119629999997,1064.0,1319.71289782351,0,1,1,Sector 92 Gurgaon,0,0,0,0,0,0,5.0,5.0,5.0,5.0,5.0,11,1,1,2,0,0,0,0,1,0,0,0
flat,palam vihar society,0.4,8602.0,465.0,1,1,1,5.0,North,5 to 10 Year Old,450.0,425.0,465.00048,1,1,1,Palam Vihar,0,0,0,0,0,6,5.0,5.0,5.0,5.0,5.0,30,2,4,2,1,0,0,0,0,1,0,0
flat,krishna appartment,0.35,3500.0,1000.0,3,3,1,2.0,Unknown,10+ Year Old,976.4031912498843,887.1677656389894,999.96631,1,0,0,Dharam Colony,0,0,0,0,0,0,5.0,5.0,5.0,5.0,5.0,49,3,9,6,1,0,0,0,0,0,0,0
flat,raheja vedaanta3.6 â˜…,0.95,5214.0,1822.0,3,3,3,3.0,Unknown,1 to 5 Year Old,1653.5781869176317,1548.2778477192871,1822.005353,1,0,0,Sector 108 Gurgaon,0,0,0,0,1,15,5.0,5.0,5.0,5.0,5.0,0,0,0,0,0,1,0,0,0,0,0,0
